Time (s),Heat Release Rate (kW),NG Burner HRR (kW),Exhaust Mass Flow Rate (kg/s),Oxygen (Vol Fr),CO2 (Vol Fr),CO (Vol Fr),Radiant Heat Flux (kW/m^2),Ksmoke (1/m)
-1175,-0.08,-1.84,1.938,0.20936,0.0004429,7e-07,0.009902,-0
-1174,-0.08,-1.84,1.938,0.20936,0.0004429,7e-07,0.009902,-0
-1173,-0.08,-1.84,1.938,0.20936,0.0004436,4e-07,0.009482,-0
-1172,-0.08,-1.88,1.938,0.20936,0.0004435,3e-07,0.008565,-0
-1171,-0.08,-1.79,1.938,0.20936,0.0004435,7e-07,0.008207,-0
-1170,-0.08,-1.63,1.938,0.20936,0.0004433,7e-07,0.008279,-0
-1169,-0.08,-1.68,1.938,0.20936,0.0004427,6e-07,0.009621,-0
-1168,-0.08,-1.8,1.938,0.20936,0.0004435,3e-07,0.009886,-0
-1167,-0.08,-1.82,1.938,0.20936,0.0004436,0,0.009938,-0
-1166,-0.07,-1.74,1.938,0.20936,0.0004433,0,0.010762,-0
-1165,-0.08,-1.83,1.938,0.20936,0.0004439,-2e-07,0.010668,-0
-1164,-0.07,-1.78,1.9352,0.20936,0.0004436,-2e-07,0.010771,-0
-1163,-0.07,-1.75,1.9328,0.20936,0.0004432,-3e-07,0.010318,-0
-1162,-0.07,-1.75,1.936,0.20935,0.0004435,0,0.009852,-0
-1161,-0.08,-1.74,1.9352,0.20936,0.0004443,-2e-07,0.008648,-0
-1160,-0.07,-1.77,1.9329,0.20935,0.0004438,0,0.00919,-0
-1159,-0.08,-1.77,1.9312,0.20937,0.0004445,1e-07,0.004536,-0
-1158,-0.08,-1.86,1.928,0.20935,0.0004445,1e-07,0.008426,-0.001
-1157,-0.07,-1.81,1.9281,0.20936,0.0004443,-2e-07,0.008642,-0
-1156,-0.07,-1.83,1.9314,0.20935,0.0004443,-5e-07,0.008836,0
-1155,-0.07,-1.82,1.9303,0.20936,0.0004444,-7e-07,0.007741,-0
-1154,-0.07,-1.8,1.9302,0.20936,0.0004445,-7e-07,0.006747,-0
-1153,-0.07,-1.81,1.9323,0.20936,0.0004447,-6e-07,0.007255,-0
-1152,-0.07,-1.84,1.9309,0.20936,0.0004444,-5e-07,0.007514,-0
-1151,-0.07,-1.78,1.931,0.20936,0.0004442,-2e-07,0.007181,-0
-1150,-0.07,-1.81,1.9305,0.20936,0.0004442,-2e-07,0.006637,-0
-1149,-0.07,-1.71,1.9261,0.20935,0.0004439,-1e-07,0.007497,-0
-1148,-0.07,-1.66,1.925,0.20935,0.0004436,1e-07,0.007355,-0
-1147,-0.07,-1.88,1.9243,0.20936,0.0004435,1e-07,0.006237,-0
-1146,-0.07,-1.81,1.9234,0.20936,0.0004434,1e-07,0.005824,-0
-1145,-0.07,-1.81,1.9255,0.20936,0.0004439,2e-07,0.00742,-0
-1144,-0.08,-1.8,1.9284,0.20936,0.0004447,5e-07,0.009064,-0.001
-1143,-0.08,-1.76,1.9268,0.20936,0.0004444,7e-07,0.009736,-0
-1142,-0.08,-1.75,1.9277,0.20936,0.0004445,5e-07,0.008937,-0
-1141,-0.08,-1.75,1.9341,0.20936,0.0004446,5e-07,0.008128,-0
-1140,-0.07,-1.7,1.9372,0.20936,0.0004438,4e-07,0.008149,-0
-1139,-0.08,-1.78,1.9433,0.20935,0.0004441,7e-07,0.005309,-0.001
-1138,-0.08,-1.75,1.9443,0.20936,0.0004446,7e-07,0.005861,-0.001
-1137,-0.08,-1.83,1.9448,0.20936,0.0004446,4e-07,0.004041,-0
-1136,-0.07,-1.79,1.9478,0.20936,0.0004445,2e-07,0.003133,-0
-1135,-0.08,-1.82,1.9482,0.20936,0.0004446,5e-07,0.002312,-0
-1134,-0.08,-1.73,1.9463,0.20935,0.0004445,6e-07,0.005318,-0
-1133,-0.08,-1.74,1.9484,0.20935,0.0004444,5e-07,0.007072,-0
-1132,-0.07,-1.74,1.9521,0.20936,0.0004443,4e-07,0.004666,-0
-1131,-0.07,-1.74,1.9465,0.20936,0.0004439,4e-07,0.002517,-0
-1130,-0.07,-1.77,1.9472,0.20936,0.0004434,5e-07,0.003436,-0
-1129,-0.07,-1.76,1.9435,0.20936,0.0004435,6e-07,0.004,-0
-1128,-0.07,-1.72,1.9445,0.20936,0.0004435,1.1e-06,0.004223,-0
-1127,-0.07,-1.77,1.947,0.20936,0.000443,9e-07,0.00408,0
-1126,-0.07,-1.8,1.946,0.20935,0.0004435,7e-07,0.006174,-0
-1125,-0.06,-1.83,1.9464,0.20936,0.0004434,4e-07,0.007406,-0
-1124,-0.06,-1.87,1.9465,0.20935,0.0004432,2e-07,0.006305,0
-1123,-0.05,-1.89,1.9448,0.20935,0.0004424,-1e-07,0.006665,-0
-1122,-0.06,-1.8,1.9425,0.20936,0.0004433,1e-07,0.00729,-0
-1121,-0.06,-1.85,1.9443,0.20936,0.0004436,4e-07,0.007352,-0
-1120,-0.06,-1.85,1.944,0.20936,0.0004434,6e-07,0.0079,-0
-1119,-0.07,-1.77,1.943,0.20936,0.0004435,7e-07,0.008124,-0
-1118,-0.06,-1.77,1.9434,0.20936,0.0004443,2e-07,0.006689,0
-1117,-0.06,-1.82,1.9402,0.20936,0.000444,1e-07,0.006094,0
-1116,-0.06,-1.8,1.9358,0.20935,0.0004435,-0,0.004938,-0
-1115,-0.05,-1.71,1.9334,0.20935,0.0004436,-1e-07,0.005331,-0
-1114,-0.06,-1.75,1.9324,0.20935,0.0004443,1e-07,0.005638,-0
-1113,-0.06,-1.85,1.9332,0.20936,0.0004445,2e-07,0.004452,-0
-1112,-0.06,-1.75,1.93,0.20936,0.0004446,1e-07,0.002604,-0
-1111,-0.07,-1.74,1.9308,0.20936,0.0004443,4e-07,0.003401,-0
-1110,-0.07,-1.81,1.9288,0.20936,0.0004443,6e-07,0.00403,-0
-1109,-0.07,-1.71,1.9304,0.20936,0.0004445,4e-07,0.002646,0
-1108,-0.06,-1.74,1.9285,0.20937,0.0004441,5e-07,0.002362,-0
-1107,-0.06,-1.72,1.9291,0.20936,0.0004441,6e-07,0.004957,-0
-1106,-0.07,-1.83,1.9288,0.20935,0.000444,1e-06,0.004877,-0
-1105,-0.07,-1.76,1.9318,0.20935,0.0004438,1e-06,0.004775,-0.001
-1104,-0.06,-1.81,1.9351,0.20936,0.0004437,9e-07,0.004991,-0
-1103,-0.06,-1.91,1.9358,0.20936,0.0004436,9e-07,0.004589,-0
-1102,-0.06,-1.74,1.9358,0.20936,0.0004434,5e-07,0.004897,-0
-1101,-0.06,-1.9,1.931,0.20935,0.0004436,6e-07,0.004718,-0
-1100,-0.06,-1.75,1.9286,0.20936,0.0004436,4e-07,0.005351,-0
-1099,-0.05,-1.86,1.9298,0.20935,0.0004436,2e-07,0.005013,-0
-1098,-0.05,-1.74,1.9305,0.20935,0.0004436,1e-07,0.006992,-0
-1097,-0.05,-1.78,1.9298,0.20935,0.0004434,4e-07,0.007712,-0
-1096,-0.05,-1.75,1.9323,0.20936,0.0004435,3e-07,0.008334,-0
-1095,-0.05,-1.82,1.9302,0.20937,0.0004436,3e-07,0.007035,-0
-1094,-0.05,-1.83,1.9295,0.20937,0.0004436,2e-07,0.006964,-0
-1093,-0.05,-1.8,1.9299,0.20935,0.0004436,2e-07,0.006514,-0
-1092,-0.05,-1.77,1.9348,0.20936,0.0004435,1e-07,0.006499,-0
-1091,-0.04,-1.8,1.94,0.20936,0.0004435,-3e-07,0.00742,0
-1090,-0.04,-1.84,1.9395,0.20935,0.0004434,-5e-07,0.006959,-0
-1089,-0.04,-1.86,1.9373,0.20936,0.0004436,-1e-07,0.007508,0
-1088,-0.04,-1.84,1.9367,0.20936,0.0004437,-2e-07,0.007764,-0
-1087,-0.04,-1.77,1.9359,0.20936,0.0004436,-2e-07,0.006201,-0
-1086,-0.05,-1.86,1.9353,0.20935,0.0004435,0,0.005318,-0
-1085,-0.04,-1.83,1.9339,0.20935,0.0004434,-2e-07,0.006255,-0
-1084,-0.04,-1.77,1.9327,0.20936,0.0004428,0,0.008047,-0
-1083,-0.04,-1.86,1.9321,0.20936,0.0004428,1e-07,0.006847,-0
-1082,-0.04,-1.75,1.9312,0.20937,0.0004426,1e-07,0.00648,-0
-1081,-0.04,-1.83,1.932,0.20936,0.0004426,1e-07,0.005959,-0
-1080,-0.03,-1.76,1.9357,0.20936,0.0004418,1e-07,0.00678,-0
-1079,-0.03,-1.82,1.9369,0.20936,0.0004417,2e-07,0.00678,-0
-1078,-0.03,-1.9,1.9373,0.20935,0.0004417,-2e-07,0.007607,-0
-1077,-0.02,-1.75,1.9392,0.20936,0.0004418,-5e-07,0.008787,-0
-1076,-0.03,-1.81,1.9399,0.20935,0.0004426,-6e-07,0.009773,-0
-1075,-0.03,-1.85,1.9377,0.20936,0.0004426,-6e-07,0.008674,0
-1074,-0.03,-1.8,1.9371,0.20935,0.0004427,-4e-07,0.007119,-0
-1073,-0.03,-1.75,1.9379,0.20935,0.0004429,-2e-07,0.007954,-0
-1072,-0.04,-1.67,1.9376,0.20936,0.0004435,-2e-07,0.008085,-0
-1071,-0.03,-1.78,1.937,0.20935,0.0004426,-1e-07,0.006563,-0
-1070,-0.03,-1.8,1.9366,0.20937,0.0004432,-3e-07,0.006187,-0
-1069,-0.03,-1.71,1.9359,0.20935,0.0004435,-3e-07,0.006324,-0
-1068,-0.04,-1.91,1.9361,0.20937,0.0004436,-0,0.005672,-0
-1067,-0.04,-1.8,1.9326,0.20936,0.0004428,5e-07,0.005469,-0
-1066,-0.04,-1.7,1.9326,0.20936,0.0004425,6e-07,0.006151,-0
-1065,-0.04,-1.82,1.9365,0.20936,0.0004426,7e-07,0.007681,-0
-1064,-0.04,-1.9,1.9349,0.20937,0.0004426,6e-07,0.006235,-0
-1063,-0.03,-1.63,1.9359,0.20936,0.0004427,4e-07,0.005774,0
-1062,-0.03,-1.84,1.9351,0.20935,0.0004426,-0,0.006685,0
-1061,-0.03,-1.77,1.9355,0.20935,0.0004425,-1e-07,0.006355,-0
-1060,-0.03,-1.89,1.9367,0.20936,0.0004426,-1e-07,0.006483,-0
-1059,-0.03,-1.82,1.9374,0.20936,0.0004426,-1e-07,0.007308,-0
-1058,-0.03,-1.87,1.9384,0.20937,0.0004426,0,0.006787,0
-1057,-0.03,-1.88,1.9418,0.20936,0.0004425,1e-07,0.007439,0
-1056,-0.03,-1.82,1.9444,0.20936,0.0004426,6e-07,0.008663,0
-1055,-0.04,-1.85,1.9456,0.20936,0.0004427,7e-07,0.00792,-0
-1054,-0.04,-1.8,1.9473,0.20937,0.0004428,8e-07,0.007933,0
-1053,-0.04,-2,1.9458,0.20936,0.0004425,9e-07,0.009471,0
-1052,-0.04,-1.7,1.9444,0.20937,0.0004428,8e-07,0.00881,0
-1051,-0.03,-1.73,1.9402,0.20936,0.0004426,7e-07,0.008875,-0
-1050,-0.03,-1.79,1.9358,0.20936,0.0004426,8e-07,0.008669,-0
-1049,-0.03,-1.73,1.9369,0.20936,0.0004424,4e-07,0.008401,-0
-1048,-0.02,-1.88,1.9356,0.20936,0.000442,4e-07,0.008477,-0
-1047,-0.02,-1.76,1.935,0.20936,0.0004418,3e-07,0.009182,-0
-1046,-0.02,-1.86,1.9338,0.20937,0.0004416,4e-07,0.010191,-0
-1045,-0.02,-1.84,1.9358,0.20935,0.0004417,5e-07,0.011255,-0
-1044,-0.02,-1.8,1.9363,0.20936,0.0004414,8e-07,0.010642,0
-1043,-0.03,-1.85,1.9359,0.20936,0.0004417,1.1e-06,0.010188,0
-1042,-0.03,-1.88,1.9358,0.20936,0.0004415,1e-06,0.009487,-0.001
-1041,-0.02,-1.83,1.9402,0.20936,0.0004405,9e-07,0.008868,-0
-1040,-0.01,-1.9,1.94,0.20936,0.0004406,4e-07,0.008915,0
-1039,-0.01,-1.75,1.9393,0.20936,0.0004406,3e-07,0.009521,0
-1038,-0.01,-1.79,1.9406,0.20936,0.0004413,2e-07,0.009476,0
-1037,-0.02,-1.9,1.9422,0.20936,0.0004417,2e-07,0.010514,-0
-1036,-0.02,-1.81,1.9383,0.20937,0.0004416,4e-07,0.009407,-0
-1035,-0.02,-1.81,1.9345,0.20936,0.0004416,8e-07,0.009567,0
-1034,-0.03,-1.85,1.9354,0.20936,0.0004426,1.1e-06,0.008931,-0
-1033,-0.03,-1.82,1.9362,0.20935,0.0004425,9e-07,0.008347,-0
-1032,-0.03,-1.84,1.939,0.20935,0.0004425,7e-07,0.007845,0
-1031,-0.02,-1.9,1.937,0.20936,0.0004427,6e-07,0.007187,0
-1030,-0.02,-1.85,1.9399,0.20936,0.0004426,2e-07,0.008397,-0
-1029,-0.02,-1.87,1.94,0.20936,0.0004426,-1e-07,0.007398,-0
-1028,-0.01,-1.77,1.9377,0.20936,0.0004426,-2e-07,0.008443,-0
-1027,0.19,-1.76,1.9366,0.20935,0.0004426,2e-07,0.00899,-0
-1026,0.25,-1.82,1.9381,0.20935,0.0004426,3e-07,0.008282,-0
-1025,0.17,-1.92,1.9365,0.20935,0.0004432,0,0.009418,-0
-1024,0.22,-1.79,1.9327,0.20935,0.0004431,-2e-07,0.01021,-0
-1023,0.03,-1.7,1.9336,0.20936,0.0004435,-2e-07,0.010361,0
-1022,0.25,-1.8,1.9346,0.20935,0.0004436,-3e-07,0.009959,-0
-1021,0.06,-1.81,1.9376,0.20936,0.0004435,-1e-07,0.008273,0
-1020,0.06,-1.73,1.9384,0.20936,0.0004439,1e-07,0.009477,0
-1019,0.03,-1.84,1.937,0.20936,0.0004443,3e-07,0.009714,-0
-1018,0.5,-1.76,1.939,0.20934,0.0004443,6e-07,0.009978,0
-1017,0.09,-1.72,1.9424,0.20936,0.0004443,4e-07,0.011347,-0
-1016,0.12,-1.77,1.945,0.20936,0.0004445,5e-07,0.010016,0
-1015,0.36,-1.78,1.9479,0.20935,0.0004452,5e-07,0.009885,0
-1014,0.01,-1.85,1.9514,0.20936,0.0004454,2e-07,0.009245,-0
-1013,0.08,-1.84,1.9506,0.20936,0.0004453,-0,0.011404,-0
-1012,0.38,-1.77,1.9498,0.20935,0.0004452,-1e-07,0.011981,-0
-1011,0.18,-1.79,1.9477,0.20935,0.0004455,-3e-07,0.011059,0
-1010,0.01,-1.79,1.9468,0.20936,0.0004454,-0,0.009713,0
-1009,-0.07,-1.75,1.948,0.20936,0.0004454,-1e-07,0.00972,-0
-1008,-0.38,-1.82,1.9488,0.20937,0.0004454,-2e-07,0.009769,-0
-1007,-0.11,-1.72,1.946,0.20936,0.0004455,0,0.010243,-0
-1006,0.22,-1.85,1.9439,0.20935,0.0004455,0,0.00985,0
-1005,-0.11,-1.7,1.9424,0.20936,0.0004451,1e-07,0.010599,0
-1004,0.07,-1.58,1.9426,0.20936,0.0004453,2e-07,0.010222,-0
-1003,-0.02,-1.82,1.9418,0.20936,0.0004452,2e-07,0.01016,0
-1002,0.17,-1.77,1.9411,0.20935,0.0004454,1e-07,0.011113,-0
-1001,0.04,-1.82,1.9414,0.20936,0.0004455,-2e-07,0.011347,-0
-1000,-0.08,-1.78,1.944,0.20936,0.0004451,-1e-07,0.011293,-0
-999,-0.22,-1.85,1.9447,0.20936,0.0004453,4e-07,0.012069,0
-998,-0.06,-1.76,1.9437,0.20936,0.0004447,4e-07,0.011733,-0
-997,-0.23,-1.82,1.9427,0.20936,0.0004445,4e-07,0.011977,0
-996,-0.43,-1.77,1.9434,0.20937,0.0004445,5e-07,0.012221,-0
-995,-0.07,-1.83,1.9458,0.20936,0.0004444,4e-07,0.011466,-0
-994,-0.4,-1.76,1.9447,0.20937,0.0004441,2e-07,0.011624,-0
-993,-0.09,-1.81,1.9463,0.20936,0.0004436,-2e-07,0.012307,-0
-992,-0.13,-1.83,1.9423,0.20936,0.0004441,-0,0.011432,0
-991,-0.05,-1.76,1.9407,0.20936,0.0004444,4e-07,0.011389,0
-990,-0.12,-1.82,1.9366,0.20936,0.0004445,3e-07,0.010971,0
-989,0.2,-1.84,1.9387,0.20935,0.0004445,4e-07,0.010854,-0
-988,0.2,-1.74,1.942,0.20935,0.0004446,5e-07,0.01077,-0
-987,0.09,-1.77,1.9413,0.20936,0.0004453,7e-07,0.010988,0
-986,0.05,-1.77,1.9429,0.20936,0.0004465,7e-07,0.010681,0
-985,-0.21,-1.78,1.942,0.20936,0.0004473,5e-07,0.010899,-0
-984,0.51,-1.77,1.9432,0.20934,0.0004473,4e-07,0.010417,0
-983,0.52,-1.77,1.9411,0.20934,0.0004481,4e-07,0.010055,0
-982,0.31,-1.89,1.9467,0.20935,0.0004485,4e-07,0.010072,0
-981,0.49,-1.78,1.9484,0.20934,0.0004492,3e-07,0.010814,0
-980,-0.29,-1.83,1.9534,0.20937,0.0004493,6e-07,0.010336,-0
-979,0.12,-1.8,1.9507,0.20935,0.0004503,6e-07,0.010251,0
-978,0.28,-1.72,1.9508,0.20935,0.0004504,4e-07,0.009971,-0
-977,0.35,-1.83,1.9534,0.20935,0.0004504,4e-07,0.009555,0
-976,0.26,-1.71,1.9561,0.20935,0.0004502,5e-07,0.009645,0
-975,0.24,-1.78,1.9573,0.20935,0.0004508,6e-07,0.009956,-0
-974,0.21,-1.89,1.9575,0.20935,0.0004514,3e-07,0.011206,0
-973,0.16,-1.81,1.9564,0.20935,0.0004509,1e-07,0.011154,-0
-972,-0.03,-1.89,1.9546,0.20936,0.0004511,0,0.010174,0.001
-971,0.39,-1.81,1.9563,0.20935,0.0004502,3e-07,0.010007,0
-970,0.15,-1.81,1.9526,0.20935,0.0004506,5e-07,0.010531,0
-969,0.2,-1.82,1.9563,0.20935,0.0004509,5e-07,0.010426,0
-968,0.57,-1.84,1.9536,0.20934,0.0004503,1e-07,0.010891,0
-967,0.53,-1.85,1.9491,0.20934,0.00045,2e-07,0.010148,0
-966,0.23,-1.8,1.9449,0.20935,0.0004492,4e-07,0.010521,0
-965,0.18,-1.73,1.944,0.20935,0.0004495,4e-07,0.011248,0
-964,-0.06,-1.72,1.9422,0.20936,0.0004493,6e-07,0.011077,-0
-963,0.23,-1.76,1.9443,0.20935,0.00045,1.1e-06,0.010979,0
-962,0.18,-1.81,1.9429,0.20935,0.0004503,1.3e-06,0.01158,-0
-961,0.05,-1.81,1.942,0.20936,0.0004501,1.4e-06,0.012471,0
-960,0.39,-1.71,1.9422,0.20935,0.00045,1.2e-06,0.011983,0
-959,0.28,-1.82,1.9389,0.20935,0.0004508,9e-07,0.012489,-0
-958,0.19,-1.7,1.9403,0.20935,0.000451,6e-07,0.012264,-0
-957,0.51,-1.78,1.9402,0.20934,0.0004512,6e-07,0.012577,-0
-956,-0.12,-1.82,1.9407,0.20936,0.0004512,7e-07,0.012304,0
-955,0.06,-1.74,1.94,0.20935,0.0004525,9e-07,0.012763,-0
-954,0.55,-1.89,1.9416,0.20934,0.0004531,8e-07,0.012353,0
-953,0.33,-1.81,1.9403,0.20935,0.000453,1.3e-06,0.012023,0
-952,0.29,-1.77,1.9411,0.20935,0.0004533,1.2e-06,0.012171,-0
-951,0.02,-1.78,1.9397,0.20936,0.000453,1.1e-06,0.011732,0
-950,0.16,-1.8,1.9392,0.20935,0.0004528,1.1e-06,0.01197,0
-949,0.22,-1.83,1.9371,0.20935,0.0004531,9e-07,0.012045,-0
-948,0.47,-1.79,1.9348,0.20934,0.000452,1e-06,0.012227,0
-947,0.31,-1.8,1.9388,0.20935,0.0004532,1e-06,0.01379,0
-946,0.23,-1.93,1.9377,0.20935,0.0004531,9e-07,0.013216,-0
-945,0.52,-1.85,1.9371,0.20934,0.000453,8e-07,0.01259,-0
-944,0.15,-1.75,1.9382,0.20935,0.0004532,7e-07,0.013181,-0
-943,0.22,-1.86,1.94,0.20935,0.0004526,8e-07,0.012492,0
-942,0.19,-1.74,1.938,0.20935,0.0004513,7e-07,0.01211,-0
-941,0.09,-1.8,1.9374,0.20935,0.0004511,7e-07,0.011357,0
-940,0.23,-1.88,1.9402,0.20935,0.0004512,5e-07,0.011342,0
-939,0.29,-1.86,1.9441,0.20935,0.0004521,8e-07,0.011767,0
-938,0.15,-1.8,1.9474,0.20935,0.0004521,8e-07,0.011849,-0
-937,0.49,-1.7,1.9492,0.20934,0.0004521,8e-07,0.011222,0
-936,0.4,-1.84,1.9524,0.20935,0.0004521,6e-07,0.011258,0
-935,0.48,-1.94,1.9533,0.20934,0.0004522,7e-07,0.011216,0
-934,0.33,-1.69,1.9538,0.20935,0.0004525,6e-07,0.012103,-0
-933,0.5,-1.73,1.9531,0.20934,0.000453,3e-07,0.012954,-0
-932,0.51,-1.8,1.9572,0.20934,0.0004533,5e-07,0.012572,0
-931,0.99,-1.76,1.9576,0.20933,0.0004539,6e-07,0.011601,-0
-930,0.7,-1.76,1.9584,0.20934,0.0004541,3e-07,0.011536,0
-929,0.47,-1.83,1.9589,0.20934,0.000454,-1e-07,0.012363,0
-928,0.49,-1.8,1.9606,0.20934,0.0004548,-1e-07,0.012505,0
-927,0.42,-1.78,1.9601,0.20934,0.000455,0,0.012463,0.001
-926,0.5,-1.78,1.9568,0.20934,0.000456,-1e-07,0.012177,0
-925,0.46,-1.82,1.9569,0.20934,0.000456,1e-07,0.012203,-0
-924,0.51,-1.82,1.9558,0.20934,0.0004559,3e-07,0.012619,0
-923,0.42,-1.79,1.9569,0.20934,0.0004568,6e-07,0.012014,0
-922,0.21,-1.81,1.9567,0.20935,0.000457,4e-07,0.011687,0
-921,0.26,-1.85,1.958,0.20935,0.0004569,5e-07,0.012522,0
-920,0.81,-1.82,1.9581,0.20933,0.0004566,8e-07,0.012574,-0
-919,0.54,-1.84,1.9536,0.20934,0.0004556,6e-07,0.012721,0
-918,0.31,-1.78,1.9511,0.20935,0.0004549,2e-07,0.012747,0
-917,0.33,-1.75,1.9524,0.20935,0.0004551,-1e-07,0.013179,-0
-916,0.16,-1.79,1.9527,0.20935,0.000455,-3e-07,0.012666,0
-915,0.03,-1.83,1.9511,0.20936,0.000454,-3e-07,0.012619,-0
-914,0.48,-1.77,1.9526,0.20934,0.000454,-6e-07,0.012152,0
-913,0.3,-1.79,1.954,0.20935,0.0004542,-5e-07,0.013101,-0
-912,0.31,-1.85,1.9535,0.20935,0.0004531,-3e-07,0.013171,-0
-911,0.4,-1.76,1.9542,0.20935,0.0004529,-1e-07,0.013833,0
-910,0.28,-1.82,1.9525,0.20935,0.000452,4e-07,0.012767,0
-909,0.38,-1.69,1.9564,0.20935,0.0004524,4e-07,0.012653,0
-908,0.42,-1.81,1.9555,0.20934,0.0004513,4e-07,0.012728,-0
-907,0.46,-1.77,1.9536,0.20934,0.0004514,3e-07,0.012883,0
-906,0.43,-1.72,1.9552,0.20934,0.0004518,1e-07,0.01243,0
-905,0.2,-1.98,1.9569,0.20935,0.0004527,2e-07,0.012574,0
-904,0.28,-1.73,1.9572,0.20935,0.0004528,1e-07,0.012518,0
-903,0.31,-1.8,1.957,0.20935,0.0004534,1e-07,0.013341,0
-902,0.48,-1.82,1.9571,0.20934,0.0004543,-0,0.013344,0
-901,0.6,-1.81,1.9568,0.20934,0.0004555,1e-07,0.013057,0
-900,0.9,-1.77,1.9534,0.20933,0.0004569,2e-07,0.012752,0
-899,0.76,-1.76,1.9512,0.20933,0.0004588,1e-07,0.012675,0
-898,1.07,-1.78,1.9512,0.20932,0.0004614,1e-07,0.013459,0
-897,0.74,-1.69,1.9495,0.20933,0.0004634,-0,0.014023,0
-896,0.62,-1.7,1.9483,0.20934,0.0004645,1e-07,0.014062,0
-895,0.65,-1.79,1.9508,0.20934,0.0004655,2e-07,0.014689,0
-894,0.97,-1.73,1.9449,0.20933,0.0004665,4e-07,0.014132,0
-893,0.98,-1.78,1.9447,0.20933,0.0004675,4e-07,0.01307,0
-892,1.08,-1.82,1.9444,0.20932,0.0004677,4e-07,0.012562,0
-891,0.87,-1.73,1.9435,0.20933,0.0004681,4e-07,0.013276,-0
-890,0.47,-1.82,1.9453,0.20934,0.0004675,3e-07,0.013405,-0
-889,0.63,-1.8,1.9456,0.20934,0.0004677,4e-07,0.013741,-0
-888,0.98,-1.8,1.9443,0.20933,0.0004683,5e-07,0.013754,0
-887,0.9,-1.81,1.9436,0.20933,0.0004685,6e-07,0.013734,-0
-886,0.98,-1.84,1.9463,0.20933,0.0004684,5e-07,0.013173,0
-885,1.07,-1.74,1.9466,0.20932,0.0004684,6e-07,0.013043,-0
-884,0.68,-1.86,1.953,0.20933,0.000469,9e-07,0.013092,0
-883,1.03,-1.76,1.9526,0.20932,0.0004694,8e-07,0.013329,-0
-882,0.58,-1.82,1.9523,0.20934,0.0004689,6e-07,0.013147,-0
-881,0.67,-1.79,1.9519,0.20933,0.0004693,6e-07,0.01278,0
-880,0.75,-1.91,1.9512,0.20933,0.0004694,5e-07,0.012765,0
-879,0.89,-1.83,1.954,0.20933,0.0004695,7e-07,0.013222,0
-878,0.81,-1.83,1.9565,0.20933,0.0004689,5e-07,0.013196,0
-877,0.78,-1.71,1.9544,0.20933,0.0004682,1e-07,0.013596,0
-876,0.91,-1.91,1.9513,0.20933,0.0004686,3e-07,0.013514,0
-875,0.85,-1.85,1.9495,0.20933,0.0004695,4e-07,0.013601,0
-874,0.99,-1.87,1.9456,0.20932,0.0004708,3e-07,0.012976,0
-873,0.99,-1.82,1.9444,0.20932,0.0004726,7e-07,0.013047,0
-872,0.82,-1.79,1.9417,0.20933,0.0004741,9e-07,0.01262,0.001
-871,1,-1.74,1.9397,0.20932,0.0004754,8e-07,0.013062,0
-870,1.53,-1.77,1.9414,0.20931,0.0004766,7e-07,0.012921,0
-869,1.43,-1.8,1.9393,0.20931,0.0004774,7e-07,0.012935,0
-868,1.44,-1.88,1.9366,0.20931,0.000477,7e-07,0.013151,-0
-867,1.3,-1.85,1.9371,0.20931,0.000477,7e-07,0.013402,0
-866,1.23,-1.83,1.9383,0.20932,0.0004763,9e-07,0.013123,0
-865,1,-1.71,1.9378,0.20932,0.0004756,7e-07,0.013035,0
-864,0.97,-1.72,1.937,0.20932,0.0004745,3e-07,0.012782,0
-863,0.98,-1.78,1.9366,0.20932,0.0004737,1e-07,0.013522,0
-862,0.92,-1.76,1.9392,0.20933,0.0004724,4e-07,0.013213,0
-861,0.92,-1.82,1.9439,0.20933,0.0004715,4e-07,0.013845,-0
-860,1.17,-1.76,1.9449,0.20932,0.0004703,5e-07,0.013608,0
-859,0.88,-1.83,1.9442,0.20933,0.0004691,5e-07,0.01265,0
-858,0.61,-1.81,1.9448,0.20934,0.0004686,5e-07,0.01253,0
-857,0.3,-1.87,1.9448,0.20934,0.0004677,3e-07,0.012339,-0
-856,0.34,-1.76,1.9462,0.20934,0.0004675,2e-07,0.012302,0
-855,0.46,-1.75,1.9457,0.20934,0.0004666,2e-07,0.012192,0
-854,0.81,-1.75,1.9491,0.20933,0.0004666,-1e-07,0.011808,-0
-853,0.88,-1.75,1.9487,0.20933,0.0004663,-0,0.011232,0
-852,1.09,-1.85,1.9508,0.20932,0.0004666,2e-07,0.010811,0
-851,0.75,-1.69,1.95,0.20933,0.0004672,3e-07,0.011649,0
-850,0.96,-1.8,1.9537,0.20933,0.0004676,2e-07,0.011575,0
-849,0.82,-1.81,1.9531,0.20933,0.0004673,3e-07,0.011622,0
-848,0.79,-1.91,1.9538,0.20933,0.0004673,4e-07,0.01161,0
-847,0.88,-1.81,1.9551,0.20933,0.0004674,5e-07,0.011522,0
-846,0.89,-1.75,1.9517,0.20933,0.0004674,6e-07,0.011572,0
-845,0.99,-1.74,1.9523,0.20933,0.0004674,9e-07,0.011999,0.001
-844,0.84,-1.78,1.9521,0.20933,0.0004686,7e-07,0.011908,0
-843,1.16,-1.82,1.9531,0.20932,0.0004698,7e-07,0.011937,0.001
-842,0.86,-1.79,1.9541,0.20933,0.000471,6e-07,0.011626,0
-841,1.25,-1.91,1.9542,0.20932,0.0004723,6e-07,0.012175,-0
-840,1.2,-1.82,1.9501,0.20932,0.0004738,6e-07,0.012917,0
-839,1.29,-1.68,1.9533,0.20932,0.0004743,5e-07,0.01304,0
-838,1.4,-1.73,1.9532,0.20931,0.000475,5e-07,0.012436,0.001
-837,1.28,-1.79,1.9539,0.20932,0.000476,8e-07,0.012823,0
-836,1.14,-1.71,1.9566,0.20932,0.000477,6e-07,0.01248,0
-835,1.15,-1.77,1.9567,0.20932,0.0004777,8e-07,0.012383,0
-834,1.12,-1.76,1.955,0.20932,0.0004785,1e-06,0.012778,0
-833,1.62,-1.81,1.9542,0.2093,0.0004799,1.1e-06,0.012515,0
-832,1.17,-1.83,1.9525,0.20932,0.0004809,9e-07,0.012605,0
-831,1.21,-1.73,1.9499,0.20932,0.000482,7e-07,0.013391,0
-830,1.35,-1.7,1.9502,0.20931,0.0004833,9e-07,0.013277,0
-829,1.83,-1.7,1.9502,0.2093,0.0004836,8e-07,0.012799,0
-828,1.89,-1.77,1.9506,0.2093,0.0004835,6e-07,0.012735,0
-827,1.46,-1.79,1.948,0.20931,0.0004847,4e-07,0.012795,0
-826,1.45,-1.81,1.9432,0.20931,0.0004845,1e-07,0.01303,0
-825,1.37,-1.75,1.9402,0.20931,0.0004856,3e-07,0.012587,0
-824,1.38,-1.81,1.9384,0.20931,0.0004847,2e-07,0.012467,0
-823,1.44,-1.82,1.9392,0.20931,0.0004853,-1e-07,0.012408,0
-822,1.36,-1.8,1.9387,0.20931,0.0004854,-3e-07,0.01203,0.001
-821,1.46,-1.78,1.9398,0.20931,0.0004852,-1e-07,0.012577,0
-820,1.43,-1.68,1.9418,0.20931,0.0004851,-3e-07,0.012987,0
-819,1.15,-1.75,1.937,0.20932,0.0004839,0,0.013282,0
-818,1.16,-1.76,1.9346,0.20932,0.0004835,3e-07,0.013027,0
-817,0.98,-1.77,1.9378,0.20932,0.000483,6e-07,0.013293,0
-816,1.01,-1.74,1.9406,0.20932,0.0004821,8e-07,0.012847,0
-815,0.86,-1.9,1.9439,0.20933,0.0004811,5e-07,0.013341,0
-814,1.18,-1.83,1.9467,0.20932,0.000481,5e-07,0.012998,0
-813,1.32,-1.84,1.9464,0.20931,0.0004809,7e-07,0.013448,0
-812,1.17,-1.77,1.9478,0.20932,0.0004809,4e-07,0.013234,0
-811,1.12,-1.72,1.9506,0.20932,0.0004803,6e-07,0.013477,0.001
-810,1.2,-1.75,1.9503,0.20932,0.00048,8e-07,0.013009,0
-809,1.2,-1.78,1.9529,0.20932,0.0004799,7e-07,0.012549,0
-808,1.12,-1.73,1.9552,0.20932,0.0004798,6e-07,0.01243,0
-807,1.1,-1.77,1.9567,0.20932,0.0004798,7e-07,0.012351,0
-806,1.23,-1.78,1.9594,0.20932,0.00048,3e-07,0.011756,0
-805,1.51,-1.8,1.9578,0.20931,0.000481,2e-07,0.011603,0
-804,1.57,-1.82,1.9586,0.20931,0.0004807,2e-07,0.012011,0
-803,1.14,-1.7,1.9631,0.20932,0.0004807,3e-07,0.011922,0
-802,0.93,-1.8,1.9627,0.20932,0.0004809,3e-07,0.011491,-0
-801,1.01,-1.83,1.9604,0.20932,0.0004801,5e-07,0.011721,0
-800,0.97,-1.75,1.9584,0.20932,0.0004797,7e-07,0.011989,0
-799,1.14,-1.79,1.9592,0.20932,0.0004788,1e-06,0.012466,0
-798,1.43,-1.86,1.9608,0.20931,0.00048,7e-07,0.012645,0
-797,1.26,-1.78,1.9586,0.20931,0.0004798,5e-07,0.01259,-0
-796,1.49,-1.81,1.9572,0.20931,0.0004809,0,0.012819,0
-795,1.24,-1.72,1.9603,0.20931,0.0004822,1e-07,0.014545,-0
-794,1.24,-1.84,1.9629,0.20931,0.0004837,3e-07,0.013429,0
-793,1.8,-1.75,1.9618,0.2093,0.0004852,3e-07,0.013309,0
-792,1.51,-1.73,1.9596,0.20931,0.0004863,1e-07,0.013954,0
-791,1.59,-1.79,1.9591,0.2093,0.0004865,2e-07,0.014013,0
-790,1.51,-1.76,1.9563,0.20931,0.0004858,-1e-07,0.014442,0
-789,1.55,-1.81,1.9538,0.20931,0.0004867,-1e-07,0.014861,0.001
-788,1.25,-1.83,1.9485,0.20931,0.0004857,1e-07,0.013836,0
-787,1.3,-1.89,1.9502,0.20931,0.0004855,1e-07,0.013207,0
-786,1.53,-1.76,1.9499,0.20931,0.0004846,1e-07,0.012493,-0
-785,1.07,-1.8,1.9483,0.20932,0.0004846,4e-07,0.013206,0
-784,1.09,-1.8,1.9467,0.20932,0.0004844,3e-07,0.012479,0
-783,0.91,-1.77,1.9464,0.20932,0.0004841,3e-07,0.014494,0
-782,1.46,-1.84,1.9492,0.20931,0.0004834,3e-07,0.015442,0
-781,1.33,-1.79,1.9499,0.20931,0.0004825,3e-07,0.015084,0
-780,1.28,-1.76,1.9516,0.20931,0.000481,1e-07,0.013445,0
-779,1.09,-1.74,1.9531,0.20932,0.0004795,1e-07,0.012498,0
-778,1.36,-1.79,1.9552,0.20931,0.0004782,3e-07,0.011947,-0
-777,1.32,-1.74,1.952,0.20931,0.0004771,5e-07,0.011309,0.001
-776,1.02,-1.71,1.9519,0.20932,0.0004759,5e-07,0.011004,0
-775,0.66,-1.75,1.9521,0.20933,0.000476,6e-07,0.010175,0
-774,0.75,-1.89,1.9491,0.20933,0.0004762,4e-07,0.009549,0
-773,1.04,-1.84,1.9465,0.20932,0.0004771,3e-07,0.010305,-0
-772,0.94,-1.81,1.9458,0.20932,0.0004768,5e-07,0.010838,0
-771,0.96,-1.74,1.9442,0.20932,0.0004773,4e-07,0.011086,0
-770,1.09,-1.74,1.9418,0.20932,0.000477,2e-07,0.010382,0
-769,1,-1.76,1.9416,0.20932,0.0004774,1e-07,0.00894,0
-768,1.13,-1.74,1.943,0.20932,0.0004783,3e-07,0.009128,0
-767,1.16,-1.83,1.9455,0.20932,0.0004793,3e-07,0.008644,0
-766,1.14,-1.92,1.9463,0.20932,0.0004803,3e-07,0.010452,0
-765,1.19,-1.71,1.9463,0.20932,0.0004817,3e-07,0.011767,0.001
-764,1.11,-1.76,1.9449,0.20932,0.0004822,4e-07,0.011767,0.001
-763,1.29,-1.86,1.9448,0.20931,0.0004826,6e-07,0.011982,0
-762,1.24,-1.73,1.9431,0.20931,0.0004833,5e-07,0.01193,0
-761,1.39,-1.78,1.9468,0.20931,0.0004844,3e-07,0.011915,0
-760,1.28,-1.72,1.9548,0.20931,0.0004858,3e-07,0.01194,0
-759,1.66,-1.76,1.9607,0.2093,0.0004873,2e-07,0.01184,0
-758,1.47,-1.7,1.9628,0.20931,0.0004888,3e-07,0.012025,0
-757,1.59,-1.82,1.9603,0.2093,0.0004897,6e-07,0.011444,0
-756,1.65,-1.81,1.9603,0.2093,0.0004907,4e-07,0.012466,0
-755,1.27,-1.79,1.9592,0.20931,0.0004917,3e-07,0.011822,0
-754,1.64,-1.73,1.9602,0.2093,0.0004923,3e-07,0.012022,0
-753,1.6,-1.76,1.9621,0.2093,0.0004925,1e-07,0.011923,0
-752,1.79,-1.77,1.9634,0.2093,0.0004918,2e-07,0.012061,0
-751,1.72,-1.84,1.9586,0.2093,0.0004913,-0,0.011739,0
-750,1.37,-1.73,1.9537,0.20931,0.0004911,1e-07,0.011378,0
-749,1.15,-1.78,1.9485,0.20932,0.0004905,1e-07,0.011478,0.001
-748,1.04,-1.74,1.9453,0.20932,0.0004893,2e-07,0.011219,0.001
-747,1.39,-1.87,1.9475,0.20931,0.0004883,2e-07,0.011032,0
-746,1.64,-1.81,1.9465,0.2093,0.0004873,2e-07,0.010919,0.001
-745,1.17,-1.78,1.945,0.20932,0.0004862,2e-07,0.010667,0.001
-744,0.73,-1.77,1.9454,0.20933,0.0004849,2e-07,0.010463,0
-743,1.15,-1.76,1.9449,0.20932,0.000484,-1e-07,0.010171,0.001
-742,1.47,-1.75,1.9445,0.20931,0.0004831,-2e-07,0.010625,0.001
-741,1.12,-1.78,1.9466,0.20932,0.0004826,1e-07,0.009816,0
-740,1.13,-1.75,1.9455,0.20932,0.0004827,-1e-07,0.009834,0.001
-739,1.17,-1.8,1.9442,0.20932,0.0004819,-3e-07,0.010484,0
-738,1.02,-1.81,1.944,0.20932,0.0004825,-2e-07,0.009536,0
-737,0.82,-1.7,1.9443,0.20933,0.0004829,-1e-07,0.009525,0
-736,1.31,-1.76,1.9425,0.20931,0.0004836,3e-07,0.008317,0
-735,1.08,-1.78,1.9431,0.20932,0.0004835,4e-07,0.00872,0
-734,1.21,-1.77,1.9425,0.20931,0.0004826,2e-07,0.009015,0
-733,1.41,-1.75,1.9415,0.20931,0.0004818,3e-07,0.009053,0
-732,1.26,-1.78,1.9416,0.20931,0.0004809,2e-07,0.008783,0
-731,0.84,-1.79,1.9438,0.20933,0.0004796,3e-07,0.008925,0
-730,0.44,-1.88,1.9429,0.20934,0.000479,4e-07,0.00842,0
-729,0.88,-1.79,1.9453,0.20933,0.0004779,3e-07,0.009049,0
-728,0.7,-1.79,1.947,0.20933,0.0004782,3e-07,0.006992,0
-727,1.37,-1.77,1.9472,0.20931,0.0004791,5e-07,0.004575,0.001
-726,1.15,-1.73,1.9476,0.20932,0.000479,8e-07,0.00628,0
-725,1.07,-1.77,1.9479,0.20932,0.0004793,9e-07,0.006605,0
-724,1.46,-1.73,1.9531,0.20931,0.0004788,1e-06,0.007009,0.001
-723,1.17,-1.94,1.9584,0.20932,0.0004788,9e-07,0.006413,0
-722,0.88,-1.8,1.9596,0.20933,0.0004778,5e-07,0.007962,0
-721,1.03,-1.84,1.9577,0.20932,0.000478,5e-07,0.006231,0.001
-720,0.82,-1.69,1.9614,0.20933,0.0004771,4e-07,0.005797,0
-719,1.17,-1.75,1.9608,0.20932,0.000477,2e-07,0.005417,0
-718,1.11,-1.7,1.9633,0.20932,0.0004771,3e-07,0.005432,-0
-717,0.93,-1.84,1.9629,0.20932,0.000476,2e-07,0.006716,0
-716,1.26,-1.58,1.9654,0.20932,0.0004756,-1e-07,0.008031,0.001
-715,1.03,-1.73,1.9655,0.20932,0.000475,-4e-07,0.008514,0.001
-714,0.7,-1.82,1.9629,0.20933,0.0004746,-3e-07,0.007966,0.001
-713,0.45,-1.83,1.956,0.20934,0.0004738,0,0.007874,0
-712,0.69,-1.77,1.954,0.20933,0.0004734,3e-07,0.007598,0
-711,0.74,-1.71,1.9534,0.20933,0.0004732,2e-07,0.007801,0
-710,1.13,-1.77,1.9513,0.20932,0.0004732,-2e-07,0.009218,0.001
-709,0.87,-1.79,1.9472,0.20933,0.0004733,-2e-07,0.007402,0
-708,0.59,-1.76,1.9425,0.20933,0.000473,-2e-07,0.006942,0
-707,0.83,-1.72,1.9393,0.20933,0.000473,-3e-07,0.007518,0
-706,0.76,-1.71,1.9356,0.20933,0.0004725,-4e-07,0.007508,0
-705,0.89,-1.76,1.9349,0.20933,0.0004718,-6e-07,0.006767,0.001
-704,1.05,-1.76,1.9323,0.20932,0.0004712,-2e-07,0.005879,0
-703,0.35,-1.78,1.9364,0.20934,0.0004707,-0,0.005112,0.001
-702,0.43,-1.83,1.9353,0.20934,0.0004705,0,0.005724,0
-701,0.66,-1.79,1.9336,0.20933,0.0004718,3e-07,0.004771,0
-700,0.81,-1.76,1.9337,0.20933,0.0004732,4e-07,0.005203,0
-699,1.15,-1.72,1.9397,0.20932,0.0004739,2e-07,0.006402,0
-698,1.11,-1.76,1.9423,0.20932,0.000474,1e-07,0.004871,0
-697,1.1,-1.81,1.9475,0.20932,0.0004742,1e-07,0.002679,0
-696,1,-1.75,1.9544,0.20932,0.000474,-3e-07,0.002165,0
-695,0.82,-1.91,1.9572,0.20933,0.0004734,-2e-07,0.004339,0
-694,0.89,-1.72,1.96,0.20933,0.000472,-2e-07,0.007072,0
-693,0.47,-1.75,1.9573,0.20934,0.0004708,1e-07,0.007929,0
-692,0.58,-1.86,1.9571,0.20933,0.0004699,2e-07,0.005022,0.001
-691,0.94,-1.77,1.9608,0.20933,0.0004693,-0,0.004137,0
-690,0.61,-1.82,1.9603,0.20933,0.0004685,-2e-07,0.00267,0
-689,0.49,-1.76,1.958,0.20934,0.0004682,-0,0.004173,0.001
-688,0.47,-1.85,1.9602,0.20934,0.0004675,1e-07,0.005003,0.001
-687,0.55,-1.76,1.96,0.20934,0.0004675,2e-07,0.007184,0
-686,0.82,-1.82,1.956,0.20933,0.000468,4e-07,0.007852,0.001
-685,0.76,-1.76,1.9552,0.20933,0.0004684,8e-07,0.005155,0
-684,0.41,-1.65,1.9573,0.20934,0.0004685,8e-07,0.001085,0.001
-683,0.29,-1.78,1.9573,0.20934,0.0004685,6e-07,0.000707,0
-682,0.47,-1.71,1.9583,0.20934,0.0004686,3e-07,-7.1e-05,0.001
-681,0.44,-1.7,1.9562,0.20934,0.0004674,2e-07,0.003506,0
-680,0.5,-1.81,1.9588,0.20934,0.0004676,2e-07,0.007184,0.001
-679,0.45,-1.68,1.9591,0.20934,0.0004676,3e-07,0.006651,0
-678,0.63,-1.74,1.955,0.20933,0.0004676,4e-07,0.004975,0
-677,0.57,-1.72,1.9497,0.20934,0.0004668,6e-07,0.006366,0.001
-676,0.64,-1.83,1.9493,0.20933,0.0004672,1e-06,0.006164,0
-675,0.7,-1.75,1.95,0.20933,0.0004674,1e-06,0.006887,0.001
-674,0.63,-1.83,1.9462,0.20933,0.0004675,9e-07,0.006263,0
-673,0.42,-1.74,1.9482,0.20934,0.0004666,9e-07,0.006456,0
-672,0.52,-1.81,1.9501,0.20934,0.0004664,9e-07,0.007889,0
-671,0.41,-1.76,1.9522,0.20934,0.0004668,5e-07,0.009932,0
-670,0.73,-1.77,1.9514,0.20933,0.0004666,1e-07,0.011409,0.001
-669,0.78,-1.75,1.9528,0.20933,0.0004671,1e-07,0.012134,0
-668,0.65,-1.75,1.9538,0.20933,0.0004675,3e-07,0.011699,0
-667,0.79,-1.69,1.9572,0.20933,0.0004676,5e-07,0.010287,0
-666,0.91,-1.8,1.9573,0.20933,0.000468,6e-07,0.010916,0
-665,0.82,-1.81,1.9562,0.20933,0.0004685,4e-07,0.012744,0.001
-664,0.91,-1.79,1.9585,0.20933,0.0004694,3e-07,0.012959,0
-663,0.82,-1.7,1.958,0.20933,0.0004695,0,0.012244,0
-662,0.8,-1.82,1.9582,0.20933,0.0004694,1e-07,0.010616,0.001
-661,0.74,-1.76,1.9586,0.20933,0.0004696,1e-07,0.009775,0
-660,0.63,-1.79,1.9553,0.20933,0.0004705,-1e-07,0.010701,0
-659,0.7,-1.81,1.9555,0.20933,0.0004704,1e-07,0.011592,0
-658,0.61,-1.77,1.9561,0.20933,0.0004704,2e-07,0.012082,0
-657,0.74,-1.74,1.9574,0.20933,0.0004696,7e-07,0.013796,0
-656,0.66,-1.78,1.9582,0.20933,0.0004695,6e-07,0.014192,0
-655,0.86,-1.77,1.9574,0.20933,0.0004693,4e-07,0.013779,0
-654,0.53,-1.82,1.9572,0.20934,0.0004682,3e-07,0.01321,0.001
-653,0.77,-1.87,1.9586,0.20933,0.0004674,3e-07,0.013057,0.001
-652,0.74,-1.76,1.9593,0.20933,0.0004674,3e-07,0.012754,0.001
-651,0.58,-1.82,1.9615,0.20934,0.0004664,2e-07,0.012608,0
-650,0.81,-1.78,1.9673,0.20933,0.0004656,1e-07,0.012676,0
-649,0.57,-1.79,1.9689,0.20934,0.0004645,6e-07,0.012681,0
-648,0.25,-1.8,1.9706,0.20935,0.0004636,9e-07,0.011884,0.001
-647,0.46,-1.74,1.9721,0.20934,0.0004626,8e-07,0.011263,0
-646,0.24,-1.81,1.9719,0.20935,0.0004628,5e-07,0.01083,0.001
-645,0.71,-1.73,1.972,0.20933,0.0004623,9e-07,0.010851,0
-644,0.22,-1.77,1.9722,0.20935,0.0004617,1e-06,0.010937,0
-643,0.23,-1.72,1.9698,0.20935,0.0004611,7e-07,0.012874,0
-642,0.58,-1.79,1.9718,0.20934,0.0004607,6e-07,0.013825,0
-641,0.03,-1.75,1.969,0.20935,0.0004606,8e-07,0.014143,0
-640,0.34,-1.75,1.9661,0.20934,0.0004599,1e-06,0.014078,0.001
-639,0.46,-1.78,1.9646,0.20934,0.0004593,9e-07,0.014274,0
-638,0.31,-1.8,1.9649,0.20934,0.000459,1e-06,0.013614,0
-637,0.26,-1.81,1.9633,0.20935,0.0004584,1e-06,0.013176,0
-636,0.56,-1.71,1.9654,0.20934,0.0004587,1e-06,0.014197,0
-635,0.62,-1.81,1.9669,0.20934,0.0004589,9e-07,0.014198,0
-634,0.64,-1.73,1.9676,0.20933,0.0004598,6e-07,0.013696,0.001
-633,0.7,-1.86,1.9692,0.20933,0.0004605,1e-06,0.013717,0
-632,0.39,-1.81,1.9647,0.20934,0.0004607,1e-06,0.013807,0
-631,0.17,-1.77,1.9629,0.20935,0.0004613,8e-07,0.014141,0
-630,0.38,-1.74,1.9628,0.20934,0.0004621,8e-07,0.01436,0.001
-629,0.78,-1.82,1.9609,0.20933,0.0004637,7e-07,0.014272,0
-628,0.64,-1.74,1.9607,0.20933,0.0004654,9e-07,0.014473,0.001
-627,0.4,-1.74,1.9617,0.20934,0.0004666,1e-06,0.014393,0
-626,0.47,-1.77,1.9587,0.20934,0.0004681,8e-07,0.014347,0
-625,0.68,-1.76,1.96,0.20933,0.0004694,1e-06,0.014163,0.001
-624,1.14,-1.77,1.9577,0.20932,0.0004703,1e-06,0.013866,0.001
-623,0.69,-1.74,1.9563,0.20933,0.0004711,9e-07,0.013507,0
-622,0.99,-1.81,1.958,0.20932,0.0004723,8e-07,0.012827,0.001
-621,0.9,-1.82,1.9589,0.20932,0.0004731,4e-07,0.013632,0
-620,1.09,-1.73,1.9566,0.20932,0.0004741,7e-07,0.012726,0
-619,1.07,-1.83,1.9582,0.20932,0.0004752,6e-07,0.013304,0
-618,1.02,-1.73,1.959,0.20932,0.0004751,5e-07,0.012431,0.001
-617,1.25,-1.75,1.956,0.20931,0.000476,7e-07,0.011645,0
-616,1.21,-1.84,1.9595,0.20932,0.0004751,5e-07,0.01019,0
-615,0.79,-1.8,1.9592,0.20933,0.0004741,7e-07,0.01128,0.001
-614,0.83,-1.75,1.96,0.20933,0.0004731,8e-07,0.013319,0
-613,0.71,-1.72,1.9609,0.20933,0.0004718,9e-07,0.012702,0.001
-612,0.67,-1.68,1.9618,0.20933,0.0004705,4e-07,0.012965,0
-611,0.64,-1.73,1.9636,0.20933,0.0004693,3e-07,0.01255,0
-610,0.93,-1.8,1.967,0.20933,0.0004683,5e-07,0.012745,0.001
-609,0.71,-1.7,1.9636,0.20933,0.0004674,8e-07,0.011997,0.001
-608,0.69,-1.68,1.9616,0.20933,0.0004667,7e-07,0.011329,0.001
-607,0.39,-1.79,1.9619,0.20934,0.0004662,2e-07,0.010798,0
-606,0.42,-1.78,1.9594,0.20934,0.0004655,3e-07,0.011398,0
-605,0.26,-1.81,1.9589,0.20934,0.0004645,1e-07,0.012415,0.001
-604,0.4,-1.8,1.957,0.20934,0.0004648,1e-07,0.012974,0.001
-603,0.28,-1.83,1.9552,0.20934,0.000464,2e-07,0.012862,0
-602,0.55,-1.75,1.9547,0.20934,0.0004635,1e-07,0.012787,0.001
-601,0.65,-1.71,1.954,0.20933,0.0004636,1e-07,0.013098,0.001
-600,0.4,-1.74,1.9555,0.20934,0.0004633,1e-07,0.012663,0.001
-599,0.46,-1.8,1.9583,0.20934,0.0004628,1e-07,0.012944,0.001
-598,0.49,-1.76,1.9591,0.20934,0.0004623,5e-07,0.012902,0.001
-597,0.53,-1.79,1.9622,0.20934,0.000461,5e-07,0.012255,0
-596,0.34,-1.8,1.9632,0.20934,0.0004606,7e-07,0.010846,0.001
-595,0.63,-1.79,1.9637,0.20933,0.0004614,3e-07,0.01044,0.001
-594,0.53,-1.73,1.9659,0.20934,0.0004609,1e-07,0.00791,0.001
-593,0.3,-1.7,1.9685,0.20934,0.0004615,1e-07,0.007145,0.001
-592,0.61,-1.78,1.9662,0.20934,0.0004618,3e-07,0.007888,0
-591,0.75,-1.84,1.9654,0.20933,0.0004628,4e-07,0.008174,0.001
-590,0.68,-1.73,1.9586,0.20933,0.0004629,4e-07,0.009575,0.001
-589,0.58,-1.82,1.9581,0.20934,0.0004629,2e-07,0.010044,0.001
-588,0.3,-1.79,1.9551,0.20934,0.0004636,2e-07,0.009342,0
-587,0.65,-1.86,1.9537,0.20933,0.0004636,5e-07,0.008168,0
-586,0.66,-1.73,1.9516,0.20933,0.0004638,8e-07,0.008191,0
-585,0.47,-1.7,1.9501,0.20934,0.0004638,6e-07,0.008652,0.001
-584,0.73,-1.79,1.9484,0.20933,0.0004631,7e-07,0.008625,0.001
-583,0.72,-1.84,1.9483,0.20933,0.0004628,9e-07,0.009435,0.001
-582,0.57,-1.69,1.9515,0.20934,0.000463,1.1e-06,0.009019,0
-581,0.49,-1.84,1.9524,0.20934,0.0004628,9e-07,0.009377,0
-580,0.66,-1.78,1.9576,0.20933,0.0004622,9e-07,0.009485,0.001
-579,0.29,-1.91,1.9535,0.20934,0.0004618,1.1e-06,0.008273,0.001
-578,0.34,-1.83,1.9527,0.20934,0.0004613,1.1e-06,0.006496,0.001
-577,0.27,-1.83,1.9515,0.20934,0.00046,7e-07,0.006657,0.001
-576,0.41,-1.82,1.9508,0.20934,0.0004594,4e-07,0.006879,0.001
-575,-0.17,-1.7,1.9512,0.20936,0.000459,3e-07,0.007904,0.001
-574,0.19,-1.72,1.9532,0.20935,0.000459,5e-07,0.007317,0.001
-573,0.32,-1.82,1.9479,0.20934,0.0004581,6e-07,0.009298,0
-572,0.4,-1.79,1.9475,0.20934,0.0004587,9e-07,0.009471,0.001
-571,-0.06,-1.77,1.95,0.20935,0.000458,8e-07,0.008417,0
-570,-0.05,-1.67,1.9505,0.20935,0.0004581,7e-07,0.009701,0.001
-569,0.1,-1.76,1.9568,0.20935,0.0004581,6e-07,0.008336,0.001
-568,0.31,-1.78,1.9586,0.20934,0.0004578,4e-07,0.007487,0
-567,0.35,-1.79,1.9632,0.20934,0.0004582,2e-07,0.006081,0.001
-566,0.54,-2,1.9656,0.20934,0.0004582,5e-07,0.00592,0.001
-565,0.33,-1.97,1.968,0.20934,0.0004588,6e-07,0.006779,0.001
-564,0.54,-1.75,1.9683,0.20934,0.0004598,6e-07,0.006541,0
-563,0.3,-1.79,1.9722,0.20934,0.0004596,6e-07,0.005952,0.001
-562,0.33,-1.74,1.9711,0.20934,0.000459,8e-07,0.006808,0
-561,0.48,-1.68,1.9698,0.20934,0.0004589,8e-07,0.007238,0.001
-560,0.69,-1.79,1.969,0.20933,0.0004588,6e-07,0.008475,0.001
-559,0.45,-1.78,1.9678,0.20934,0.0004589,6e-07,0.008095,0.001
-558,0.49,-1.72,1.9694,0.20934,0.000459,5e-07,0.008254,0
-557,0.67,-1.75,1.9686,0.20933,0.0004597,2e-07,0.007694,0.001
-556,0.52,-1.95,1.9674,0.20934,0.0004598,3e-07,0.00836,0
-555,0.51,-1.71,1.9631,0.20934,0.0004601,4e-07,0.008691,0.001
-554,0.36,-1.73,1.9608,0.20934,0.0004598,5e-07,0.009115,0
-553,0.56,-1.74,1.9617,0.20934,0.0004603,1e-07,0.008622,0
-552,0.41,-1.82,1.9612,0.20934,0.0004606,1e-07,0.008093,0.001
-551,0.77,-1.88,1.9615,0.20933,0.0004603,3e-07,0.007919,0.001
-550,0.76,-1.67,1.9601,0.20933,0.0004599,3e-07,0.008875,0.001
-549,0.7,-1.78,1.9599,0.20933,0.0004603,4e-07,0.00844,0
-548,0.6,-1.7,1.9584,0.20934,0.0004608,5e-07,0.008479,0.001
-547,0.66,-1.81,1.9554,0.20933,0.0004618,4e-07,0.009972,0
-546,0.81,-1.76,1.9584,0.20933,0.0004626,3e-07,0.010254,0
-545,0.68,-1.88,1.9585,0.20933,0.0004635,3e-07,0.009214,0
-544,0.57,-1.88,1.9585,0.20934,0.0004637,4e-07,0.008411,0
-543,0.7,-1.81,1.9569,0.20933,0.0004637,6e-07,0.008366,0.001
-542,0.96,-1.75,1.9566,0.20932,0.0004643,6e-07,0.00809,0
-541,0.93,-1.92,1.9554,0.20933,0.0004651,5e-07,0.008115,0.001
-540,1.26,-1.77,1.9542,0.20932,0.0004662,6e-07,0.008261,0
-539,1.12,-1.74,1.952,0.20932,0.0004666,7e-07,0.009062,0
-538,0.87,-1.8,1.9545,0.20933,0.0004669,6e-07,0.009821,0
-537,0.87,-1.77,1.9569,0.20933,0.0004667,4e-07,0.009311,0
-536,0.34,-1.63,1.9558,0.20934,0.0004665,5e-07,0.010197,0
-535,0.89,-1.84,1.9603,0.20933,0.0004655,7e-07,0.010956,0.001
-534,0.87,-1.75,1.9611,0.20933,0.000464,6e-07,0.010792,0.001
-533,0.67,-1.75,1.9627,0.20933,0.0004629,4e-07,0.009433,0
-532,0.7,-1.75,1.9662,0.20933,0.0004618,3e-07,0.009191,0
-531,0.55,-1.78,1.9644,0.20934,0.0004608,3e-07,0.009152,0.001
-530,0.32,-1.74,1.9664,0.20934,0.0004599,1e-07,0.008881,0.001
-529,0.19,-1.77,1.9718,0.20935,0.0004597,1e-07,0.007792,0
-528,0.65,-1.71,1.9698,0.20933,0.0004595,-1e-07,0.007475,0.001
-527,0.77,-1.65,1.9656,0.20933,0.000459,-1e-07,0.007992,0
-526,0.81,-1.68,1.9641,0.20933,0.0004598,-2e-07,0.007635,0
-525,0.33,-1.79,1.959,0.20934,0.0004598,1e-07,0.006797,0.001
-524,0.59,-1.74,1.962,0.20934,0.0004589,2e-07,0.006277,0.001
-523,0.48,-1.91,1.9611,0.20934,0.000459,3e-07,0.00761,0
-522,0.19,-1.74,1.9585,0.20935,0.0004588,5e-07,0.007088,0.001
-521,0.24,-1.71,1.9608,0.20935,0.000459,7e-07,0.008051,0
-520,-0,-1.67,1.9644,0.20935,0.0004591,6e-07,0.008097,0.001
-519,0.37,-1.7,1.9602,0.20934,0.0004588,6e-07,0.008627,0.001
-518,0.46,-1.71,1.9557,0.20934,0.0004588,5e-07,0.007801,0.001
-517,0.02,-1.79,1.9586,0.20935,0.0004591,3e-07,0.010038,0
-516,0.51,-1.77,1.9595,0.20934,0.00046,2e-07,0.009872,0
-515,0.42,-1.77,1.9593,0.20934,0.0004599,2e-07,0.008213,0.001
-514,0.78,-1.72,1.9562,0.20933,0.0004603,6e-07,0.008406,0.001
-513,0.95,-1.69,1.9567,0.20933,0.0004613,4e-07,0.008792,0
-512,0.94,-1.83,1.9543,0.20933,0.0004634,3e-07,0.009827,0.001
-511,0.31,-1.84,1.9515,0.20934,0.0004648,1e-07,0.010836,0.001
-510,0.71,-1.79,1.949,0.20933,0.0004656,-0,0.010541,0.001
-509,0.98,-1.78,1.9511,0.20932,0.0004665,0,0.01189,0
-508,1.25,-1.87,1.96,0.20932,0.0004665,1e-07,0.010644,0.001
-507,0.92,-1.78,1.9591,0.20933,0.0004664,4e-07,0.009219,0.001
-506,0.53,-1.82,1.9578,0.20934,0.0004655,5e-07,0.008701,0.001
-505,0.09,-1.8,1.9617,0.20935,0.0004647,5e-07,0.008527,0
-504,0.27,-1.79,1.9632,0.20934,0.0004633,5e-07,0.007636,0.001
-503,-0.01,-1.76,1.9633,0.20935,0.0004623,8e-07,0.00949,0.001
-502,0.33,-1.78,1.9649,0.20934,0.0004618,7e-07,0.009204,0.001
-501,0.57,-1.78,1.9673,0.20934,0.0004616,5e-07,0.008918,0
-500,0.54,-1.8,1.9659,0.20934,0.0004607,4e-07,0.008886,0
-499,0.27,-1.61,1.9669,0.20934,0.0004604,4e-07,0.00749,0.001
-498,0.34,-1.85,1.9657,0.20934,0.0004607,5e-07,0.007889,0.001
-497,0.47,-1.68,1.9658,0.20934,0.0004609,8e-07,0.008803,0.001
-496,0.64,-1.72,1.9668,0.20933,0.0004609,9e-07,0.008827,0.001
-495,0.33,-1.83,1.9668,0.20934,0.0004609,1e-06,0.008527,0
-494,0.27,-1.73,1.967,0.20934,0.0004602,8e-07,0.008871,0.001
-493,0.43,-1.72,1.9678,0.20934,0.0004599,7e-07,0.008853,0.001
-492,0.58,-1.82,1.9702,0.20934,0.0004592,8e-07,0.007674,0.001
-491,0.13,-1.7,1.9724,0.20935,0.0004584,1e-06,0.00676,0.001
-490,0.05,-1.6,1.9744,0.20935,0.000458,9e-07,0.006001,0.001
-489,0.25,-1.76,1.9745,0.20935,0.000458,1.1e-06,0.006745,0.001
-488,0.21,-1.71,1.9739,0.20935,0.0004573,1e-06,0.007874,0.001
-487,0.07,-1.76,1.9768,0.20935,0.0004571,9e-07,0.00828,0.001
-486,0.17,-1.78,1.9781,0.20935,0.0004571,9e-07,0.009688,0.001
-485,0.28,-1.93,1.9788,0.20934,0.000457,8e-07,0.010775,0.001
-484,0.33,-1.78,1.981,0.20934,0.000457,8e-07,0.010091,0.001
-483,0.38,-1.74,1.9821,0.20934,0.000457,1.1e-06,0.009754,0.001
-482,0.42,-1.75,1.984,0.20934,0.000457,1.2e-06,0.010345,0
-481,0.37,-1.8,1.9789,0.20934,0.000457,9e-07,0.009654,0.001
-480,-0.12,-1.75,1.9766,0.20936,0.0004568,6e-07,0.009214,0.001
-479,0.35,-1.77,1.977,0.20934,0.000456,5e-07,0.010109,0.001
-478,0.31,-1.81,1.9773,0.20934,0.0004562,3e-07,0.009851,0
-477,0.15,-1.76,1.977,0.20935,0.0004556,0,0.008727,0.001
-476,0.18,-1.85,1.9784,0.20935,0.000455,2e-07,0.00906,0.001
-475,0.12,-1.59,1.977,0.20935,0.0004547,1e-07,0.009793,0.001
-474,0.25,-1.78,1.9732,0.20935,0.0004549,1e-07,0.009724,0.001
-473,0.19,-1.68,1.9711,0.20935,0.0004551,2e-07,0.009036,0.001
-472,0.26,-1.8,1.9664,0.20935,0.000455,3e-07,0.009354,0.001
-471,0.08,-1.79,1.9712,0.20935,0.0004547,4e-07,0.009242,0.001
-470,-0.02,-1.83,1.9733,0.20935,0.0004539,7e-07,0.008505,0
-469,0.14,-1.82,1.9742,0.20935,0.0004542,9e-07,0.008552,0.001
-468,0.34,-1.71,1.9721,0.20934,0.0004541,8e-07,0.00924,0.001
-467,0.46,-1.77,1.9697,0.20934,0.0004538,1e-06,0.009599,0
-466,0.05,-1.73,1.9677,0.20935,0.0004531,1.1e-06,0.008549,0.001
-465,0.3,-1.86,1.9702,0.20934,0.000453,9e-07,0.00851,0.001
-464,0.69,-1.76,1.9709,0.20933,0.0004531,8e-07,0.009163,0.001
-463,0.22,-1.77,1.9699,0.20935,0.0004531,6e-07,0.008915,0.001
-462,-0.04,-1.84,1.9689,0.20935,0.0004531,4e-07,0.006759,0
-461,0.12,-1.79,1.9662,0.20935,0.0004533,3e-07,0.00683,0.001
-460,0.17,-1.77,1.9661,0.20935,0.0004526,1e-07,0.009079,0.001
-459,0.25,-1.79,1.9618,0.20935,0.0004516,-0,0.009729,0.001
-458,-0.03,-1.75,1.9613,0.20935,0.0004513,2e-07,0.009084,0
-457,0.27,-1.8,1.9596,0.20935,0.0004513,0,0.00856,0.001
-456,0.05,-1.81,1.9576,0.20935,0.0004513,0,0.011135,0.001
-455,0.14,-1.81,1.9529,0.20935,0.000451,0,0.010572,0.001
-454,-0.11,-1.75,1.9505,0.20936,0.0004504,2e-07,0.010025,0.001
-453,-0,-1.77,1.9467,0.20935,0.0004502,6e-07,0.009015,0.001
-452,0.01,-1.68,1.9468,0.20935,0.0004492,6e-07,0.008534,0.001
-451,-0.05,-1.89,1.9483,0.20935,0.0004496,6e-07,0.010214,0.001
-450,0.07,-1.79,1.9465,0.20935,0.0004494,7e-07,0.011569,0.001
-449,0.19,-1.77,1.9467,0.20935,0.0004487,1e-06,0.012085,0.001
-448,0.03,-1.83,1.9458,0.20935,0.000448,1e-06,0.011091,0.001
-447,-0.05,-1.87,1.9487,0.20936,0.0004474,1e-06,0.008557,0.001
-446,0.12,-1.89,1.9522,0.20935,0.0004475,8e-07,0.00949,0.001
-445,0.05,-1.76,1.9531,0.20935,0.0004479,6e-07,0.009652,0.001
-444,-0.15,-1.79,1.9537,0.20936,0.0004473,4e-07,0.010063,0
-443,0.15,-1.76,1.9604,0.20935,0.0004473,2e-07,0.010822,0
-442,-0.07,-1.73,1.9616,0.20936,0.0004467,2e-07,0.010461,0
-441,-0.08,-1.84,1.9637,0.20936,0.0004465,5e-07,0.009215,0
-440,-0.01,-1.82,1.9653,0.20935,0.0004463,4e-07,0.009394,0.001
-439,-0.22,-1.76,1.9648,0.20936,0.0004464,3e-07,0.008701,0.001
-438,0.03,-1.77,1.9663,0.20935,0.0004464,-1e-07,0.009368,0.001
-437,0.2,-1.84,1.9656,0.20935,0.0004463,-1e-07,0.010496,0.001
-436,0.25,-1.89,1.9641,0.20935,0.000446,-1e-07,0.010325,0.001
-435,-0.08,-1.82,1.9675,0.20936,0.0004454,0,0.010707,0
-434,-0.08,-1.82,1.9687,0.20936,0.0004454,-0,0.010741,0.001
-433,0.15,-1.84,1.9677,0.20935,0.0004454,2e-07,0.011025,0.001
-432,0.22,-1.8,1.9713,0.20935,0.0004453,2e-07,0.012668,0.001
-431,-0.01,-1.78,1.9692,0.20935,0.0004454,1e-07,0.012982,0.001
-430,-0.02,-1.79,1.9701,0.20935,0.0004455,1e-07,0.013039,0.001
-429,-0.29,-1.75,1.9724,0.20936,0.0004453,3e-07,0.013578,0.001
-428,-0.37,-1.69,1.9733,0.20936,0.0004449,3e-07,0.012545,0.001
-427,0.32,-1.78,1.9748,0.20935,0.0004441,4e-07,0.012134,0.001
-426,-0.12,-1.91,1.9729,0.20936,0.000445,5e-07,0.011716,0.001
-425,-0.18,-1.83,1.9706,0.20936,0.0004454,6e-07,0.010959,0.001
-424,0.17,-1.83,1.9704,0.20935,0.0004455,8e-07,0.011547,0.001
-423,0,-1.7,1.9651,0.20935,0.0004452,8e-07,0.011939,0.001
-422,0.39,-1.87,1.9594,0.20934,0.0004455,6e-07,0.012622,0
-421,0.01,-1.76,1.9589,0.20935,0.000446,9e-07,0.0119,0.001
-420,-0.24,-1.73,1.9564,0.20936,0.0004462,9e-07,0.011618,0.001
-419,-0.29,-1.76,1.9582,0.20936,0.0004462,7e-07,0.012146,0.001
-418,-0.19,-1.71,1.9547,0.20936,0.0004464,7e-07,0.012226,0.001
-417,-0.11,-1.8,1.9513,0.20936,0.0004464,5e-07,0.011557,0.001
-416,-0.17,-1.81,1.9549,0.20936,0.0004464,4e-07,0.011636,0
-415,0.29,-1.73,1.955,0.20935,0.0004463,4e-07,0.011593,0.001
-414,0.07,-1.78,1.9559,0.20935,0.0004463,5e-07,0.010849,0.001
-413,-0.29,-1.72,1.9619,0.20936,0.0004465,5e-07,0.010356,0.001
-412,-0.22,-1.76,1.9676,0.20936,0.0004462,4e-07,0.012033,0.001
-411,-0.06,-1.71,1.9676,0.20936,0.0004464,3e-07,0.01206,0.001
-410,-0.18,-1.76,1.9713,0.20936,0.0004463,2e-07,0.011735,0.001
-409,-0.08,-1.75,1.9685,0.20936,0.0004462,3e-07,0.011082,0.001
-408,0.08,-1.76,1.9692,0.20935,0.0004465,4e-07,0.009727,0.001
-407,0.3,-1.66,1.9698,0.20935,0.0004472,6e-07,0.009876,0.001
-406,0.01,-1.84,1.9673,0.20935,0.0004466,8e-07,0.009962,0.001
-405,0,-1.77,1.97,0.20935,0.0004463,8e-07,0.009688,0.001
-404,0.47,-1.7,1.9725,0.20934,0.0004462,9e-07,0.00938,0.001
-403,0.1,-1.83,1.9718,0.20935,0.0004462,8e-07,0.00927,0.001
-402,-0.19,-1.87,1.9713,0.20936,0.0004465,8e-07,0.008115,0.001
-401,-0.21,-1.86,1.9705,0.20936,0.0004463,7e-07,0.008809,0.001
-400,0.24,-1.73,1.9692,0.20935,0.000446,4e-07,0.008747,0.001
-399,0.46,-1.74,1.9692,0.20934,0.0004463,1e-07,0.009342,0.001
-398,0.17,-1.78,1.9704,0.20935,0.0004464,0,0.011077,0
-397,-0.12,-1.81,1.972,0.20936,0.0004474,1e-07,0.012042,0.001
-396,-0.08,-1.77,1.9727,0.20936,0.0004475,-1e-07,0.011469,0.001
-395,-0.05,-1.78,1.9714,0.20936,0.0004472,-2e-07,0.011979,0.001
-394,0.12,-1.81,1.9687,0.20935,0.0004472,-3e-07,0.012623,0.001
-393,-0.34,-1.7,1.9696,0.20936,0.0004468,3e-07,0.013106,0.001
-392,0.03,-1.76,1.9688,0.20935,0.0004471,4e-07,0.013019,0.001
-391,0.29,-1.77,1.9698,0.20935,0.0004474,8e-07,0.012776,0.001
-390,0.04,-1.75,1.9694,0.20935,0.0004482,9e-07,0.01166,0.001
-389,0.03,-1.74,1.9682,0.20935,0.0004483,1.1e-06,0.011725,0.001
-388,-0.29,-1.8,1.968,0.20936,0.0004482,1.1e-06,0.012403,0
-387,0.16,-1.9,1.9652,0.20935,0.0004483,1e-06,0.01284,0.001
-386,0.19,-1.87,1.9632,0.20935,0.0004484,1e-06,0.013539,0.001
-385,-0.23,-1.86,1.9612,0.20936,0.0004492,9e-07,0.013723,0.001
-384,0.02,-1.86,1.9601,0.20935,0.0004486,5e-07,0.013761,0.001
-383,0.22,-1.74,1.9553,0.20935,0.0004495,3e-07,0.013954,0.001
-382,0.05,-1.8,1.9554,0.20935,0.0004503,1e-07,0.013873,0.001
-381,0.43,-1.74,1.9556,0.20934,0.0004502,3e-07,0.013678,0.001
-380,0.43,-1.75,1.9571,0.20934,0.0004501,6e-07,0.013368,0.001
-379,-0.08,-1.86,1.9597,0.20936,0.0004502,6e-07,0.013177,0
-378,0.05,-1.81,1.9619,0.20935,0.00045,7e-07,0.012439,0.001
-377,-0.09,-1.74,1.9629,0.20936,0.0004503,8e-07,0.01215,0.001
-376,-0.13,-1.69,1.9615,0.20936,0.0004502,1e-06,0.011868,0.001
-375,0.02,-1.8,1.9631,0.20935,0.00045,1.2e-06,0.011174,0.001
-374,0.24,-1.86,1.9635,0.20935,0.0004502,1.3e-06,0.011378,0.001
-373,0.46,-1.82,1.9678,0.20934,0.0004502,1.2e-06,0.011399,0.001
-372,-0.1,-1.76,1.9683,0.20936,0.0004502,8e-07,0.012636,0.001
-371,-0.09,-1.75,1.9703,0.20936,0.0004502,6e-07,0.01426,0.001
-370,-0.05,-1.78,1.9663,0.20935,0.0004502,7e-07,0.013784,0.001
-369,-0.26,-1.78,1.9642,0.20936,0.0004504,8e-07,0.012681,0.001
-368,-0.12,-1.81,1.9622,0.20936,0.00045,6e-07,0.011853,0.001
-367,-0.06,-1.8,1.9657,0.20936,0.0004493,0,0.012022,0.001
-366,0.11,-1.83,1.966,0.20935,0.0004492,-2e-07,0.011654,0.001
-365,-0.07,-1.77,1.9601,0.20936,0.0004492,-1e-07,0.012208,0.001
-364,0.32,-1.8,1.9603,0.20934,0.0004486,-0,0.011954,0.001
-363,0.36,-1.76,1.9587,0.20934,0.0004482,0,0.012129,0.001
-362,0.05,-1.76,1.9598,0.20935,0.0004484,-1e-07,0.012428,0.001
-361,0.13,-1.72,1.9615,0.20935,0.0004484,-0,0.011904,0.001
-360,0.28,-1.8,1.9644,0.20935,0.0004484,-2e-07,0.012505,0.001
-359,0.54,-1.74,1.9644,0.20934,0.0004482,-4e-07,0.012542,0.001
-358,0.41,-1.74,1.9666,0.20934,0.0004484,-0,0.012966,0.001
-357,-0.12,-1.76,1.9643,0.20936,0.0004484,4e-07,0.013871,0.001
-356,-0.15,-1.83,1.9663,0.20936,0.0004481,5e-07,0.013741,0.001
-355,0.3,-1.83,1.9715,0.20934,0.0004488,7e-07,0.013751,0.001
-354,0.33,-1.79,1.9731,0.20934,0.0004494,7e-07,0.013605,0.001
-353,0.24,-1.79,1.9755,0.20935,0.0004491,7e-07,0.013709,0.001
-352,0.07,-1.79,1.9734,0.20935,0.0004491,8e-07,0.013694,0.001
-351,0.04,-1.75,1.9694,0.20935,0.0004493,9e-07,0.013857,0.001
-350,-0.01,-1.84,1.9655,0.20935,0.0004494,6e-07,0.014192,0.001
-349,-0.02,-1.86,1.9673,0.20935,0.0004494,4e-07,0.014075,0.001
-348,0.25,-1.83,1.9664,0.20935,0.0004491,6e-07,0.013513,0.001
-347,-0.15,-1.8,1.966,0.20936,0.000449,9e-07,0.013262,0.001
-346,-0.17,-1.87,1.9669,0.20936,0.0004485,9e-07,0.012916,0.001
-345,-0.01,-1.81,1.9671,0.20935,0.0004483,5e-07,0.012951,0.001
-344,-0.31,-1.8,1.9689,0.20936,0.0004484,3e-07,0.013128,0.001
-343,0.1,-1.87,1.9683,0.20935,0.0004483,2e-07,0.012807,0.001
-342,0.16,-1.74,1.968,0.20935,0.0004478,2e-07,0.013024,0.001
-341,-0.1,-1.87,1.9691,0.20936,0.0004479,3e-07,0.012611,0.001
-340,-0.06,-1.82,1.9731,0.20936,0.0004475,5e-07,0.012609,0.001
-339,-0.14,-1.88,1.9722,0.20936,0.0004473,6e-07,0.01304,0.001
-338,-0.13,-1.82,1.9731,0.20936,0.0004479,4e-07,0.013491,0.001
-337,0.27,-1.77,1.9736,0.20935,0.0004484,4e-07,0.013815,0.001
-336,0.12,-1.83,1.9726,0.20935,0.0004485,4e-07,0.014112,0.001
-335,0.02,-1.82,1.9734,0.20935,0.0004484,3e-07,0.014123,0.001
-334,0.25,-1.79,1.9727,0.20935,0.0004482,-1e-07,0.013977,0.001
-333,-0.2,-1.73,1.9734,0.20936,0.0004483,-4e-07,0.014049,0.001
-332,-0.05,-1.77,1.971,0.20935,0.0004487,-5e-07,0.013822,0.001
-331,-0.08,-1.78,1.9697,0.20936,0.0004493,-3e-07,0.014307,0.001
-330,0.2,-1.75,1.9691,0.20935,0.0004495,-1e-07,0.014264,0.001
-329,0.12,-1.82,1.9696,0.20935,0.0004492,1e-07,0.013666,0.001
-328,0.03,-1.77,1.9706,0.20935,0.00045,-2e-07,0.014014,0.001
-327,-0.07,-1.89,1.9706,0.20935,0.00045,-2e-07,0.014488,0.001
-326,0.21,-1.82,1.9693,0.20935,0.0004495,0,0.014609,0.001
-325,0.03,-1.77,1.9653,0.20935,0.0004494,2e-07,0.014835,0.001
-324,-0.11,-1.78,1.9625,0.20936,0.0004504,5e-07,0.014839,0.001
-323,-0.01,-1.79,1.9607,0.20935,0.0004502,7e-07,0.015148,0.001
-322,0.16,-1.82,1.9628,0.20935,0.0004501,6e-07,0.015061,0.001
-321,0.16,-1.84,1.9626,0.20935,0.0004501,7e-07,0.014931,0.001
-320,0.05,-1.88,1.9602,0.20935,0.0004502,5e-07,0.014689,0.001
-319,0.24,-1.84,1.9599,0.20935,0.0004502,4e-07,0.01489,0.001
-318,0.2,-1.69,1.9609,0.20935,0.0004504,3e-07,0.014697,0.001
-317,0.15,-1.81,1.9615,0.20935,0.0004503,5e-07,0.015833,0.001
-316,0.07,-1.75,1.9647,0.20935,0.0004506,4e-07,0.015023,0.001
-315,0.1,-1.8,1.9682,0.20935,0.0004504,2e-07,0.014896,0.001
-314,0.24,-1.74,1.9728,0.20935,0.0004503,0,0.014602,0.001
-313,-0.05,-1.88,1.9748,0.20935,0.0004503,0,0.014796,0.001
-312,0.18,-1.84,1.9755,0.20935,0.0004504,-3e-07,0.014683,0.001
-311,0.35,-1.77,1.9747,0.20934,0.0004509,-2e-07,0.014495,0.001
-310,0.65,-1.82,1.9775,0.20933,0.0004512,-5e-07,0.014727,0.001
-309,-0,-1.74,1.9751,0.20935,0.0004512,-3e-07,0.014325,0.001
-308,0.24,-1.78,1.9712,0.20935,0.0004514,4e-07,0.014382,0.001
-307,0.06,-1.77,1.9712,0.20935,0.0004512,8e-07,0.014478,0.001
-306,-0.02,-1.84,1.9714,0.20935,0.0004514,7e-07,0.014372,0.001
-305,-0.09,-1.75,1.9727,0.20935,0.0004513,4e-07,0.014778,0.001
-304,0.18,-1.86,1.9711,0.20935,0.0004518,4e-07,0.014588,0.001
-303,0.4,-1.76,1.9703,0.20934,0.0004517,3e-07,0.014148,0.001
-302,0.37,-1.84,1.9707,0.20934,0.0004512,3e-07,0.013627,0.001
-301,0.02,-1.87,1.9704,0.20935,0.000451,5e-07,0.013436,0.001
-300,0.25,-1.78,1.9695,0.20935,0.0004513,7e-07,0.013426,0.001
-299,0.03,-1.87,1.9726,0.20935,0.0004512,8e-07,0.013619,0.001
-298,0.1,-1.79,1.9768,0.20935,0.0004514,7e-07,0.013849,0.001
-297,-0.07,-1.77,1.975,0.20935,0.0004513,5e-07,0.013498,0.001
-296,-0.22,-1.8,1.9739,0.20936,0.0004509,4e-07,0.013286,0.001
-295,-0.41,-1.77,1.9746,0.20936,0.00045,1e-07,0.01351,0.001
-294,0.29,-1.79,1.9721,0.20934,0.0004502,1e-07,0.013736,0.001
-293,-0.06,-1.81,1.9732,0.20935,0.0004511,1e-07,0.01361,0.001
-292,-0.05,-1.88,1.9729,0.20935,0.0004511,-1e-07,0.013766,0.001
-291,-0.02,-1.85,1.9737,0.20935,0.0004511,-1e-07,0.013934,0.001
-290,0.02,-1.76,1.9738,0.20935,0.0004512,-0,0.01442,0.001
-289,0.18,-1.79,1.9731,0.20935,0.0004512,-0,0.014495,0.001
-288,0.37,-1.85,1.9688,0.20934,0.0004513,-1e-07,0.014146,0.001
-287,-0.05,-1.8,1.9706,0.20935,0.0004519,-2e-07,0.01467,0.001
-286,0.22,-1.7,1.9709,0.20935,0.0004522,-4e-07,0.014549,0.001
-285,0.02,-1.81,1.9669,0.20935,0.0004522,1e-07,0.014288,0.001
-284,-0.08,-1.71,1.9671,0.20935,0.0004523,8e-07,0.014398,0.001
-283,0,-1.76,1.9647,0.20935,0.0004511,8e-07,0.014795,0.001
-282,0.06,-1.79,1.9651,0.20935,0.0004508,1e-06,0.014944,0.001
-281,0.06,-1.73,1.9653,0.20935,0.0004507,1.5e-06,0.014513,0.001
-280,0.04,-1.78,1.9657,0.20935,0.0004502,1.7e-06,0.014528,0.001
-279,-0.07,-1.8,1.966,0.20935,0.0004503,1.5e-06,0.014753,0.001
-278,-0.25,-1.8,1.9676,0.20936,0.0004493,1.5e-06,0.01466,0.001
-277,0.21,-1.78,1.9692,0.20935,0.0004495,1.5e-06,0.01489,0.001
-276,-0.13,-1.77,1.9742,0.20936,0.0004491,1.7e-06,0.014878,0.001
-275,0.1,-1.91,1.9798,0.20935,0.0004493,1.3e-06,0.014549,0.001
-274,0.05,-1.79,1.9806,0.20935,0.0004494,8e-07,0.014248,0.001
-273,0.01,-1.77,1.9818,0.20935,0.0004496,4e-07,0.014485,0.001
-272,0.19,-1.73,1.98,0.20935,0.0004502,4e-07,0.014385,0.001
-271,-0.11,-1.83,1.9824,0.20936,0.0004499,5e-07,0.014767,0.001
-270,0.24,-1.72,1.9828,0.20935,0.0004502,2e-07,0.014709,0.001
-269,-0.18,-1.91,1.983,0.20936,0.0004502,2e-07,0.015193,0.001
-268,-0.14,-1.86,1.9849,0.20936,0.0004503,-0,0.01532,0.001
-267,-0.01,-1.99,1.9859,0.20935,0.000451,0,0.015164,0.001
-266,0.18,-1.71,1.9812,0.20935,0.0004511,0,0.015055,0.001
-265,0.49,-1.84,1.9773,0.20934,0.0004512,3e-07,0.015579,0.001
-264,0.19,-1.84,1.9799,0.20935,0.0004513,4e-07,0.015641,0.001
-263,0.07,-1.77,1.98,0.20935,0.0004514,4e-07,0.015918,0.001
-262,0.1,-1.76,1.9819,0.20935,0.0004512,6e-07,0.015602,0.001
-261,0.39,-1.84,1.9814,0.20934,0.0004513,5e-07,0.015338,0.001
-260,0.25,-1.71,1.9808,0.20935,0.0004513,2e-07,0.015104,0.001
-259,0.17,-1.83,1.9817,0.20935,0.0004512,2e-07,0.014898,0.001
-258,0.09,-1.8,1.9813,0.20935,0.0004515,3e-07,0.0142,0.001
-257,-0.03,-1.89,1.98,0.20935,0.0004513,4e-07,0.014415,0.001
-256,-0.27,-1.78,1.98,0.20936,0.0004503,5e-07,0.014514,0.001
-255,0.2,-1.78,1.9797,0.20935,0.0004503,3e-07,0.014532,0.001
-254,0.12,-1.73,1.9762,0.20935,0.0004502,1e-07,0.013277,0.001
-253,0.52,-1.76,1.9754,0.20934,0.0004502,-1e-07,0.012139,0.001
-252,0.76,-1.74,1.9729,0.20933,0.00045,-4e-07,0.012278,0.001
-251,0.13,-1.82,1.9725,0.20935,0.0004494,-6e-07,0.014493,0.001
-250,0.01,-1.69,1.9728,0.20935,0.0004489,-5e-07,0.014622,0.001
-249,0.16,-1.79,1.9708,0.20935,0.0004482,-7e-07,0.014528,0.001
-248,0.1,-1.82,1.9707,0.20935,0.0004484,-3e-07,0.012523,0.001
-247,-0.11,-1.73,1.9701,0.20936,0.0004488,1e-07,0.010022,0.001
-246,-0.05,-1.73,1.9713,0.20935,0.0004493,2e-07,0.010373,0.001
-245,-0.03,-1.82,1.968,0.20935,0.0004491,6e-07,0.009817,0.001
-244,0.25,-1.8,1.9702,0.20935,0.0004492,9e-07,0.011676,0.001
-243,0.05,-1.74,1.9704,0.20935,0.0004493,7e-07,0.011983,0.001
-242,-0.04,-1.8,1.9725,0.20935,0.0004494,3e-07,0.012705,0.001
-241,0.22,-1.7,1.9711,0.20935,0.0004494,2e-07,0.012261,0.001
-240,0.12,-1.73,1.9707,0.20935,0.0004492,4e-07,0.012448,0.001
-239,0.44,-1.82,1.9736,0.20934,0.0004484,4e-07,0.013139,0.001
-238,0.57,-1.7,1.9741,0.20934,0.0004488,4e-07,0.013063,0.001
-237,-0.03,-1.77,1.9738,0.20935,0.0004491,2e-07,0.012911,0.001
-236,-0.01,-1.67,1.9746,0.20935,0.000449,-1e-07,0.012999,0.001
-235,0.1,-1.75,1.9801,0.20935,0.0004491,0,0.012617,0.001
-234,-0.05,-1.81,1.9784,0.20935,0.0004493,4e-07,0.011855,0.001
-233,-0.28,-1.79,1.9788,0.20936,0.0004491,4e-07,0.012292,0.001
-232,0.3,-1.84,1.9786,0.20934,0.0004491,2e-07,0.012396,0.001
-231,-0.05,-1.88,1.9792,0.20935,0.0004493,-1e-07,0.011557,0.001
-230,0.3,-1.85,1.9805,0.20934,0.0004493,-0,0.010946,0.001
-229,0.38,-1.77,1.9756,0.20934,0.0004493,1e-07,0.011305,0.001
-228,0.01,-1.8,1.9719,0.20935,0.0004493,2e-07,0.009865,0.001
-227,-0.15,-1.82,1.9721,0.20936,0.0004491,2e-07,0.009867,0.001
-226,-0.37,-1.75,1.9716,0.20936,0.0004484,2e-07,0.011723,0.001
-225,-0.07,-1.77,1.9681,0.20935,0.0004483,2e-07,0.009815,0.001
-224,0,-1.79,1.9679,0.20935,0.0004483,2e-07,0.008935,0.001
-223,0.39,-1.87,1.9643,0.20934,0.0004487,7e-07,0.0101,0.001
-222,0.26,-1.84,1.9624,0.20934,0.0004494,9e-07,0.011467,0.001
-221,-0.11,-1.9,1.9635,0.20936,0.0004494,1e-06,0.012464,0.001
-220,0.09,-1.73,1.9637,0.20935,0.0004498,8e-07,0.011561,0.001
-219,0.45,-1.84,1.9668,0.20934,0.0004502,3e-07,0.011044,0.001
-218,0.22,-1.82,1.9686,0.20935,0.0004503,1e-07,0.010904,0.001
-217,0.16,-1.88,1.9679,0.20935,0.0004504,1e-07,0.011181,0.001
-216,0.08,-1.75,1.9666,0.20935,0.0004506,2e-07,0.011838,0.001
-215,0.25,-1.81,1.9687,0.20934,0.0004499,4e-07,0.012184,0.001
-214,0.03,-1.78,1.9683,0.20935,0.0004494,4e-07,0.012053,0.001
-213,0.06,-1.8,1.9691,0.20935,0.0004495,2e-07,0.011599,0.001
-212,0.09,-1.83,1.9682,0.20935,0.0004501,4e-07,0.011514,0.001
-211,0.71,-1.82,1.9668,0.20933,0.0004503,2e-07,0.011955,0.001
-210,0.2,-1.79,1.9638,0.20935,0.0004507,-2e-07,0.01247,0.001
-209,0.32,-1.79,1.9646,0.20934,0.0004513,-3e-07,0.012471,0.001
-208,0.19,-1.82,1.9646,0.20935,0.0004513,-3e-07,0.012116,0.001
-207,0.52,-1.81,1.9645,0.20934,0.0004516,-5e-07,0.012496,0.001
-206,0.33,-1.84,1.9637,0.20934,0.0004522,-4e-07,0.012834,0.001
-205,-0.08,-1.79,1.9616,0.20935,0.0004523,-1e-07,0.012277,0.001
-204,0.16,-1.74,1.9647,0.20935,0.0004525,-1e-07,0.011796,0.001
-203,0.17,-1.75,1.9655,0.20935,0.0004532,-3e-07,0.01083,0.001
-202,0.33,-1.75,1.9674,0.20934,0.0004537,-4e-07,0.011132,0.001
-201,0.15,-1.74,1.9669,0.20935,0.0004539,-5e-07,0.010278,0.001
-200,-0.01,-1.76,1.9694,0.20935,0.000455,-5e-07,0.009932,0.001
-199,0.34,-1.75,1.9667,0.20934,0.0004551,1e-07,0.010603,0.001
-198,0.49,-1.77,1.9656,0.20934,0.0004554,4e-07,0.010557,0.001
-197,0.41,-1.75,1.965,0.20934,0.0004559,4e-07,0.010241,0.001
-196,0.31,-1.84,1.9643,0.20934,0.0004559,3e-07,0.010203,0.001
-195,0.01,-1.81,1.9651,0.20935,0.0004568,2e-07,0.011078,0.001
-194,0.19,-1.82,1.9608,0.20935,0.0004566,-0,0.011194,0.001
-193,0.18,-1.89,1.9598,0.20935,0.0004559,2e-07,0.010463,0.001
-192,0.24,-1.69,1.9595,0.20934,0.0004567,5e-07,0.010243,0.001
-191,0.34,-1.75,1.9586,0.20934,0.0004571,4e-07,0.010614,0.001
-190,0.14,-1.84,1.9567,0.20935,0.0004578,0,0.010363,0.001
-189,0.61,-1.78,1.9566,0.20933,0.0004578,2e-07,0.010268,0.001
-188,0.66,-1.77,1.9559,0.20933,0.000458,3e-07,0.010866,0.001
-187,0.42,-1.79,1.9557,0.20934,0.0004582,4e-07,0.011378,0.001
-186,0.55,-1.8,1.9544,0.20933,0.000458,5e-07,0.01126,0.001
-185,0.08,-1.74,1.9562,0.20935,0.0004581,4e-07,0.011149,0.001
-184,-0.07,-1.83,1.9597,0.20935,0.000458,4e-07,0.011504,0.001
-183,-0.18,-1.77,1.9642,0.20936,0.0004576,7e-07,0.010724,0.001
-182,0.37,-1.77,1.963,0.20934,0.0004575,6e-07,0.009359,0.001
-181,0.19,-1.81,1.9654,0.20934,0.0004573,5e-07,0.009104,0.001
-180,0.24,-1.61,1.9644,0.20934,0.0004569,7e-07,0.010169,0.001
-179,-0.04,-1.84,1.967,0.20935,0.0004568,7e-07,0.011665,0.001
-178,0.15,-1.82,1.9678,0.20935,0.0004561,6e-07,0.009477,0.001
-177,0.45,-1.73,1.9714,0.20934,0.0004563,6e-07,0.008466,0.001
-176,0.28,-1.72,1.9775,0.20934,0.0004564,2e-07,0.008782,0.001
-175,0.39,-1.75,1.9752,0.20934,0.0004567,0,0.009965,0.001
-174,0.09,-1.75,1.9757,0.20935,0.0004561,1e-07,0.010025,0.001
-173,0.54,-1.85,1.9718,0.20934,0.0004561,3e-07,0.009689,0.001
-172,0.53,-1.75,1.9737,0.20934,0.0004558,3e-07,0.009048,0.001
-171,0.34,-1.8,1.9714,0.20934,0.000456,1e-07,0.009608,0.001
-170,0.26,-1.76,1.9741,0.20934,0.0004558,0,0.010682,0.001
-169,0.53,-1.83,1.9735,0.20934,0.0004559,-1e-07,0.011766,0.001
-168,0.37,-1.74,1.9758,0.20934,0.000456,0,0.012818,0.001
-167,0.45,-1.79,1.9749,0.20934,0.0004563,1e-07,0.01181,0.001
-166,0.63,-1.79,1.9734,0.20933,0.000457,-0,0.011237,0.001
-165,0.58,-1.76,1.9737,0.20933,0.0004575,0,0.01094,0.002
-164,0.32,-1.72,1.9715,0.20934,0.0004571,2e-07,0.011782,0.001
-163,0.09,-1.74,1.9739,0.20935,0.0004583,3e-07,0.011657,0.001
-162,0.29,-1.71,1.9738,0.20934,0.0004592,0,0.011364,0.001
-161,0.79,-1.74,1.9759,0.20933,0.0004598,-2e-07,0.011104,0.001
-160,1.08,-1.71,1.9739,0.20932,0.0004606,-2e-07,0.012367,0.001
-159,0.63,-1.84,1.9733,0.20933,0.0004615,-1e-07,0.011835,0.001
-158,0.65,-1.85,1.971,0.20933,0.0004627,2e-07,0.012424,0.001
-157,0.69,-1.81,1.966,0.20933,0.0004635,4e-07,0.011587,0.001
-156,0.76,-1.82,1.9634,0.20933,0.0004647,5e-07,0.011408,0.002
-155,0.66,-1.86,1.9659,0.20933,0.0004646,4e-07,0.012405,0.001
-154,1.07,-1.8,1.9653,0.20932,0.0004636,4e-07,0.01381,0.001
-153,0.69,-1.79,1.9634,0.20933,0.0004625,6e-07,0.013347,0.001
-152,0.36,-1.8,1.9651,0.20934,0.0004628,6e-07,0.014066,0.001
-151,0.08,-1.86,1.9654,0.20935,0.0004631,7e-07,0.014165,0.001
-150,0.19,-1.78,1.9674,0.20934,0.0004629,5e-07,0.014157,0.001
-149,0.31,-1.85,1.9661,0.20934,0.0004624,4e-07,0.014214,0.001
-148,0.36,-1.87,1.9664,0.20934,0.0004617,2e-07,0.013792,0.001
-147,0.8,-1.77,1.9707,0.20933,0.0004604,3e-07,0.013877,0.001
-146,0.71,-1.73,1.9743,0.20933,0.0004598,6e-07,0.013704,0.001
-145,0.13,-1.79,1.9723,0.20935,0.0004597,9e-07,0.013317,0.001
-144,0.18,-1.83,1.9739,0.20934,0.0004597,7e-07,0.013153,0.001
-143,0.27,-1.76,1.9772,0.20934,0.0004598,4e-07,0.01331,0.001
-142,0.26,-1.83,1.9799,0.20934,0.0004598,0,0.0139,0.001
-141,0.3,-1.77,1.9781,0.20934,0.0004598,1e-07,0.013766,0.001
-140,0.43,-1.75,1.9781,0.20934,0.0004597,0,0.013756,0.001
-139,0.28,-1.84,1.9759,0.20934,0.0004598,0,0.013277,0.001
-138,0.27,-1.84,1.9742,0.20934,0.0004601,2e-07,0.013005,0.001
-137,0.28,-1.79,1.9752,0.20934,0.0004608,4e-07,0.012197,0.001
-136,0.14,-1.68,1.9729,0.20935,0.0004607,6e-07,0.0123,0.001
-135,0.33,-1.74,1.972,0.20934,0.0004597,4e-07,0.013126,0.001
-134,0.57,-1.69,1.9726,0.20933,0.0004605,7e-07,0.012477,0.001
-133,0.45,-1.77,1.9711,0.20934,0.000461,6e-07,0.012658,0.001
-132,0.45,-1.89,1.9684,0.20934,0.0004607,7e-07,0.012153,0.001
-131,0.51,-1.77,1.9696,0.20933,0.0004608,6e-07,0.012194,0.001
-130,-0.04,-1.71,1.968,0.20935,0.000461,4e-07,0.011718,0.001
-129,0.31,-1.83,1.9688,0.20934,0.0004607,2e-07,0.011715,0.001
-128,0.53,-1.74,1.9721,0.20933,0.0004602,4e-07,0.011594,0.001
-127,0.81,-1.65,1.9723,0.20933,0.00046,5e-07,0.0114,0.001
-126,0.47,-1.76,1.9718,0.20934,0.0004597,4e-07,0.011759,0.001
-125,0.37,-1.66,1.9737,0.20934,0.0004594,1e-07,0.011559,0.001
-124,0.46,-1.78,1.9734,0.20934,0.000459,-3e-07,0.012137,0.001
-123,0.44,-1.83,1.9713,0.20934,0.0004589,-3e-07,0.012443,0.001
-122,0.11,-1.83,1.9708,0.20935,0.0004589,-0,0.013109,0.001
-121,0.37,-1.77,1.9705,0.20934,0.0004588,1e-07,0.013505,0.001
-120,0.46,-1.78,1.9719,0.20934,0.0004588,3e-07,0.013504,0.001
-119,0.58,-1.82,1.9745,0.20933,0.0004589,3e-07,0.012357,0.001
-118,0.2,-1.73,1.974,0.20934,0.0004587,1e-07,0.012117,0.001
-117,0.09,-1.72,1.9703,0.20935,0.0004589,-1e-07,0.012277,0.001
-116,0.3,-1.82,1.9702,0.20934,0.0004582,1e-07,0.012321,0.001
-115,-0.04,-1.81,1.9704,0.20935,0.0004579,0,0.012836,0.001
-114,0.09,-1.72,1.9709,0.20935,0.0004578,1e-07,0.012508,0.001
-113,0.45,-1.77,1.9715,0.20934,0.0004581,5e-07,0.012581,0.001
-112,0.08,-1.78,1.9709,0.20935,0.0004587,7e-07,0.01268,0.001
-111,0.27,-1.73,1.9738,0.20934,0.0004586,1e-06,0.013079,0.001
-110,-0.08,-1.7,1.9749,0.20935,0.000458,9e-07,0.013459,0.001
-109,0.3,-1.75,1.9744,0.20934,0.0004581,5e-07,0.013509,0.001
-108,0.3,-1.74,1.9728,0.20934,0.0004579,4e-07,0.014095,0.001
-107,0.58,-1.83,1.9747,0.20933,0.0004578,3e-07,0.014637,0.001
-106,0.32,-1.78,1.977,0.20934,0.0004579,-0,0.014461,0.001
-105,0.27,-1.78,1.9759,0.20934,0.0004579,-1e-07,0.013005,0.001
-104,0.26,-1.73,1.9767,0.20934,0.000458,-4e-07,0.012784,0.002
-103,0.11,-1.79,1.9769,0.20935,0.0004578,-4e-07,0.012999,0.001
-102,0.23,-1.76,1.9776,0.20934,0.0004568,-2e-07,0.014696,0.001
-101,0.33,-1.67,1.9757,0.20934,0.0004568,-1e-07,0.014201,0.001
-100,0.03,-1.73,1.9736,0.20935,0.000457,0,0.013966,0.001
-99,0.08,-1.65,1.976,0.20935,0.0004566,-0,0.013822,0.001
-98,0.25,-1.74,1.9786,0.20934,0.0004562,-2e-07,0.014441,0.001
-97,0.32,-1.76,1.9802,0.20934,0.0004569,-3e-07,0.014188,0.001
-96,0.3,-1.82,1.9797,0.20934,0.0004569,-4e-07,0.012773,0.001
-95,-0.02,-1.76,1.9811,0.20935,0.0004576,-1e-07,0.01279,0.001
-94,0.03,-1.68,1.9783,0.20935,0.000458,2e-07,0.013803,0.001
-93,0.38,-1.78,1.9789,0.20934,0.0004579,-0,0.014388,0.001
-92,0.21,-1.73,1.9785,0.20934,0.000458,0,0.01415,0.001
-91,0.01,-1.81,1.9757,0.20935,0.0004574,1e-07,0.013427,0.001
-90,-0.02,-1.72,1.9765,0.20935,0.0004569,4e-07,0.013449,0.001
-89,-0.03,-1.68,1.974,0.20935,0.0004571,8e-07,0.0139,0.001
-88,0.23,-1.74,1.9751,0.20934,0.0004569,1e-06,0.015237,0.001
-87,0.25,-1.65,1.9737,0.20934,0.0004562,1e-06,0.014416,0.001
-86,0.4,-1.71,1.9713,0.20934,0.000456,8e-07,0.014906,0.002
-85,0.36,-1.71,1.9712,0.20934,0.000456,4e-07,0.015459,0.001
-84,0.14,-1.74,1.9729,0.20935,0.0004558,3e-07,0.013857,0.001
-83,0.2,-1.72,1.9756,0.20934,0.0004559,4e-07,0.013422,0.001
-82,0.04,-1.81,1.977,0.20935,0.0004559,6e-07,0.01375,0.001
-81,0.45,-1.77,1.9784,0.20934,0.0004565,7e-07,0.013244,0.002
-80,0.28,-1.92,1.9783,0.20934,0.000456,6e-07,0.013058,0.001
-79,0.51,-1.68,1.9815,0.20934,0.0004559,4e-07,0.013292,0.001
-78,0.59,-1.75,1.9794,0.20933,0.0004562,7e-07,0.013541,0.001
-77,-0.01,-1.76,1.9804,0.20935,0.000456,7e-07,0.014264,0.001
-76,0.11,-1.76,1.9821,0.20935,0.0004559,3e-07,0.014228,0.001
-75,0,-1.76,1.9823,0.20935,0.0004555,4e-07,0.014633,0.001
-74,0.27,-1.78,1.9792,0.20934,0.0004551,5e-07,0.014672,0.001
-73,0.07,-1.73,1.9781,0.20935,0.000455,6e-07,0.014679,0.002
-72,0.09,-1.78,1.9791,0.20935,0.0004549,9e-07,0.015126,0.001
-71,-0.04,-1.76,1.9812,0.20935,0.0004545,8e-07,0.014642,0.001
-70,-0.05,-1.84,1.9816,0.20935,0.0004549,8e-07,0.014689,0.001
-69,0.03,-1.81,1.9809,0.20935,0.000455,1.1e-06,0.014485,0.001
-68,0.16,-1.74,1.9795,0.20935,0.0004549,1e-06,0.0153,0.001
-67,0.19,-1.8,1.9798,0.20934,0.0004549,1e-06,0.015518,0.001
-66,0.4,-1.88,1.9798,0.20934,0.000455,8e-07,0.015462,0.001
-65,-0.15,-1.83,1.9778,0.20935,0.0004547,7e-07,0.015419,0.001
-64,0.05,-1.8,1.9806,0.20935,0.0004551,6e-07,0.015475,0.001
-63,0.39,-1.81,1.9835,0.20934,0.0004549,5e-07,0.014337,0.002
-62,-0.05,-1.87,1.9831,0.20935,0.000455,4e-07,0.01459,0.002
-61,-0.11,-1.85,1.9826,0.20935,0.0004541,0,0.01505,0.001
-60,-0.03,-1.85,1.9845,0.20935,0.0004539,1e-07,0.015182,0.001
-59,0.33,-1.88,1.9832,0.20934,0.0004539,2e-07,0.016784,0.001
-58,-0.17,-1.88,1.9834,0.20935,0.000454,3e-07,0.016444,0.001
-57,-0.05,-1.77,1.9833,0.20935,0.0004541,4e-07,0.015973,0.002
-56,0.29,-1.85,1.9829,0.20934,0.0004542,2e-07,0.015876,0.001
-55,-0.12,-1.81,1.9832,0.20935,0.000454,1e-07,0.014761,0.001
-54,0.11,-1.78,1.9833,0.20935,0.0004541,3e-07,0.014876,0.001
-53,-0.05,-1.81,1.9819,0.20935,0.0004542,-0,0.01459,0.001
-52,-0.39,-1.78,1.9818,0.20936,0.0004541,0,0.014683,0.001
-51,0.08,-1.81,1.9821,0.20935,0.000454,2e-07,0.014668,0.002
-50,0,-1.77,1.9822,0.20935,0.0004539,5e-07,0.014758,0.001
-49,0.45,-1.72,1.9856,0.20934,0.0004542,9e-07,0.014622,0.002
-48,0.25,-1.81,1.9863,0.20934,0.0004541,8e-07,0.014701,0.001
-47,0.24,-1.79,1.9879,0.20934,0.000454,7e-07,0.014651,0.002
-46,0.33,-1.76,1.9884,0.20934,0.0004542,8e-07,0.014243,0.001
-45,0.46,-1.77,1.9922,0.20934,0.000454,7e-07,0.014303,0.001
-44,0.43,-1.79,1.9934,0.20934,0.000454,6e-07,0.014257,0.002
-43,0.53,-1.78,1.9897,0.20934,0.0004542,4e-07,0.014369,0.001
-42,0.09,-1.87,1.9908,0.20935,0.000454,4e-07,0.014454,0.001
-41,-0,-1.87,1.9892,0.20935,0.000454,2e-07,0.014336,0.001
-40,0.2,-1.81,1.9891,0.20934,0.000454,-2e-07,0.014714,0.001
-39,0.51,-1.68,1.9874,0.20934,0.000454,-4e-07,0.014554,0.001
-38,-0.06,-1.79,1.9891,0.20935,0.0004538,-5e-07,0.014724,0.001
-37,0.42,-1.76,1.9872,0.20934,0.0004534,-7e-07,0.014538,0.002
-36,0.26,-1.76,1.9875,0.20934,0.0004541,-4e-07,0.014666,0.002
-35,0.13,-1.91,1.9858,0.20935,0.0004541,-2e-07,0.014706,0.002
-34,0.1,-1.8,1.9841,0.20935,0.0004539,-4e-07,0.01455,0.001
-33,0.24,-1.73,1.9866,0.20934,0.0004542,-2e-07,0.014612,0.002
-32,0.35,-1.78,1.9816,0.20934,0.0004541,-2e-07,0.014332,0.001
-31,-0.08,-1.79,1.9834,0.20935,0.0004541,-1e-07,0.014582,0.001
-30,-0.28,-1.91,1.9821,0.20936,0.0004536,-3e-07,0.014908,0.001
-29,0.11,-1.74,1.9819,0.20935,0.0004536,-4e-07,0.015195,0.001
-28,0.11,-1.79,1.9826,0.20935,0.0004532,-4e-07,0.014954,0.001
-27,0.34,-1.81,1.9836,0.20934,0.0004531,-4e-07,0.01489,0.001
-26,0.36,-1.81,1.9867,0.20934,0.000453,-4e-07,0.01465,0.002
-25,0.29,-1.78,1.9851,0.20934,0.0004532,-3e-07,0.014948,0.001
-24,0.14,-1.75,1.9861,0.20935,0.0004526,-4e-07,0.014715,0.001
-23,0.26,-1.84,1.9863,0.20934,0.0004525,-2e-07,0.014432,0.001
-22,0.39,-1.71,1.9938,0.20934,0.0004529,-0,0.014404,0.001
-21,0.4,-1.79,1.9946,0.20934,0.0004526,1e-07,0.015053,0.001
-20,-0,-1.83,1.997,0.20935,0.0004527,1e-07,0.01451,0.001
-19,0.03,-1.81,1.9978,0.20935,0.000453,0,0.01469,0.001
-18,0.1,-1.73,1.9983,0.20935,0.0004537,0,0.014806,0.001
-17,0.22,-1.81,1.997,0.20934,0.0004542,1e-07,0.014541,0.002
-16,-0.19,-1.7,1.9945,0.20936,0.0004542,1e-07,0.014891,0.001
-15,0.25,-1.86,1.997,0.20934,0.0004542,2e-07,0.014587,0.001
-14,0.15,-1.77,1.9971,0.20935,0.0004541,5e-07,0.014705,0.001
-13,0.26,-1.83,1.997,0.20934,0.0004539,5e-07,0.014028,0.001
-12,0.33,-1.71,1.9942,0.20934,0.0004541,2e-07,0.013882,0.002
-11,0.17,-1.8,1.9947,0.20935,0.0004542,2e-07,0.013815,0.001
-10,-0.09,-1.76,1.991,0.20935,0.0004539,0,0.014222,0.001
-9,0.07,-1.8,1.9864,0.20935,0.0004544,1e-07,0.014071,0.001
-8,0.34,-1.72,1.986,0.20934,0.0004542,2e-07,0.014383,0.002
-7,0.5,-1.91,1.9882,0.20934,0.0004542,0,0.014656,0.001
-6,-0.02,-1.77,1.9843,0.20935,0.0004541,1e-07,0.014708,0.001
-5,0.29,-1.88,1.983,0.20934,0.0004543,-2e-07,0.015156,0.001
-4,0.13,-1.78,1.9827,0.20935,0.0004551,-3e-07,0.014688,0.001
-3,-0.19,-1.65,1.9785,0.20935,0.0004561,-4e-07,0.014612,0.002
-2,0.44,-1.86,1.9798,0.20933,0.0004668,-3e-07,0.013897,0.003
-1,1.6,-1.79,1.9762,0.20929,0.0005069,3e-07,0.014232,0.002
0,6.15,-1.77,1.974,0.20913,0.0006886,1.2e-06,0.014023,0.002
1,15.58,-1.8,1.9737,0.20875,0.0012734,2.1e-06,0.013343,0.002
2,34.09,-1.7,1.9675,0.20814,0.0017451,3.1e-06,0.013196,0.002
3,56.28,-1.76,1.9639,0.20743,0.0021924,3.6e-06,0.014107,0.002
4,80.29,-1.65,1.967,0.2067,0.0025047,4.1e-06,0.01391,0.002
5,99.35,-1.75,1.9621,0.20609,0.002852,4.4e-06,0.013515,0.002
6,117.11,-1.78,1.9612,0.20556,0.0030398,4.7e-06,0.013017,0.002
7,130.72,-1.81,1.9633,0.20511,0.0033765,4.7e-06,0.012873,0.002
8,143.47,-1.8,1.9646,0.20473,0.0034944,4.4e-06,0.014172,0.003
9,152.56,-1.82,1.9609,0.20445,0.003612,4.5e-06,0.014104,0.002
10,158.65,-1.78,1.9558,0.20424,0.0037337,4.5e-06,0.01385,0.003
11,164.42,-1.77,1.953,0.20404,0.0038707,4.7e-06,0.013823,0.002
12,172.06,-1.72,1.9519,0.2038,0.0040076,4.6e-06,0.013803,0.002
13,178.7,-1.72,1.9449,0.20357,0.0041435,4.2e-06,0.01461,0.002
14,183.73,-1.68,1.9403,0.20339,0.0042584,3.8e-06,0.014382,0.002
15,186.94,-1.88,1.9385,0.20327,0.0043666,3.7e-06,0.013965,0.003
16,188.89,-1.67,1.9335,0.20318,0.0044567,3.4e-06,0.013863,0.002
17,190.55,-1.81,1.9339,0.20312,0.0045329,3.4e-06,0.013601,0.002
18,190.75,-1.77,1.9301,0.20309,0.0045976,3.6e-06,0.013739,0.002
19,190.49,-1.77,1.9269,0.20308,0.00466,3.5e-06,0.01337,0.002
20,192.17,-1.81,1.9275,0.20302,0.0047341,3.3e-06,0.012939,0.003
21,195.29,-1.71,1.9205,0.20289,0.0048157,3.2e-06,0.012787,0.002
22,199.48,-1.74,1.9184,0.20275,0.0048988,2.8e-06,0.013071,0.002
23,203.9,-1.77,1.9222,0.20262,0.0049754,2.5e-06,0.013537,0.003
24,206.64,-1.75,1.9213,0.20252,0.0050478,2.4e-06,0.013876,0.002
25,208.87,-1.74,1.9194,0.20244,0.0051194,2.5e-06,0.013294,0.003
26,210.93,-1.89,1.917,0.20235,0.0051881,2.6e-06,0.012647,0.002
27,213.36,-1.87,1.915,0.20226,0.0052552,2.6e-06,0.013663,0.002
28,215.66,-1.82,1.914,0.20218,0.0053066,2.4e-06,0.013941,0.002
29,216.45,-1.74,1.9117,0.20214,0.0053554,2.4e-06,0.015008,0.003
30,215.87,-1.73,1.9071,0.20214,0.0053978,2.3e-06,0.015467,0.003
31,216.07,-1.69,1.9065,0.20212,0.0054435,2.3e-06,0.01415,0.002
32,217.25,-1.8,1.9022,0.20206,0.0054915,2.4e-06,0.01373,0.003
33,219.19,-1.79,1.897,0.20198,0.0055404,2.4e-06,0.014147,0.002
34,220.38,-1.82,1.8943,0.20193,0.0055796,2.4e-06,0.013971,0.003
35,221.23,-1.68,1.8915,0.20189,0.0056179,2.3e-06,0.013758,0.003
36,222.54,-1.73,1.8923,0.20184,0.0056591,2.4e-06,0.012796,0.002
37,223.54,-1.89,1.8881,0.20179,0.0057011,2.7e-06,0.012841,0.003
38,224.66,-1.77,1.8832,0.20173,0.0057381,2.4e-06,0.01192,0.003
39,226.3,-1.78,1.8833,0.20168,0.0057741,2e-06,0.012373,0.003
40,226.31,-1.85,1.8797,0.20166,0.0058107,1.7e-06,0.010882,0.003
41,227.67,-1.71,1.8768,0.2016,0.0058493,1.3e-06,0.011117,0.003
42,229.13,-1.79,1.8761,0.20155,0.0058772,1.2e-06,0.011422,0.003
43,229.89,-1.85,1.8771,0.20152,0.0058978,1.2e-06,0.012199,0.003
44,229.44,-1.77,1.8746,0.20153,0.0059139,1.1e-06,0.01142,0.002
45,229.14,-1.8,1.8738,0.20153,0.0059273,1.5e-06,0.011689,0.002
46,228.27,-1.78,1.8702,0.20154,0.0059345,2e-06,0.009876,0.003
47,228.31,-1.69,1.8712,0.20154,0.0059357,1.9e-06,0.009946,0.002
48,227.75,-1.85,1.8736,0.20157,0.005933,2e-06,0.010376,0.003
49,226.41,-1.76,1.8717,0.2016,0.0059292,2.2e-06,0.01123,0.003
50,225.28,-1.72,1.8708,0.20163,0.0059313,2.2e-06,0.010815,0.003
51,225.29,-1.8,1.8698,0.20162,0.0059453,2.3e-06,0.009572,0.002
52,226.84,-1.85,1.8709,0.20158,0.0059686,2.4e-06,0.009616,0.003
53,228.77,-1.85,1.8656,0.2015,0.0059973,2.5e-06,0.008083,0.002
54,231.17,-1.74,1.8635,0.20141,0.006024,2.8e-06,0.009735,0.002
55,232.84,-1.82,1.8638,0.20136,0.0060488,2.9e-06,0.007968,0.003
56,233.77,-1.71,1.865,0.20133,0.0060692,2.7e-06,0.006897,0.003
57,234.16,-1.79,1.8635,0.20131,0.0060816,2.4e-06,0.00873,0.002
58,233.74,-1.8,1.863,0.20132,0.0060865,2.4e-06,0.009808,0.003
59,232.97,-1.74,1.8636,0.20134,0.0060936,2.7e-06,0.009198,0.002
60,232.47,-1.73,1.8617,0.20135,0.0061075,2.5e-06,0.006167,0.002
61,233.04,-1.78,1.86,0.20132,0.0061295,2.3e-06,0.005745,0.003
62,234.74,-1.73,1.8578,0.20126,0.0061596,2.5e-06,0.00427,0.003
63,237.42,-1.76,1.8594,0.20118,0.0061969,2.7e-06,0.004937,0.002
64,240.53,-1.74,1.8609,0.20108,0.006239,2.6e-06,0.004933,0.002
65,243.1,-1.8,1.8594,0.20099,0.0062772,2.6e-06,0.005025,0.003
66,243.89,-1.84,1.8548,0.20094,0.0063087,2.5e-06,0.005485,0.003
67,245.2,-1.76,1.8612,0.20093,0.0063311,2.4e-06,0.006313,0.003
68,245.43,-1.69,1.8633,0.20092,0.0063411,2.2e-06,0.007285,0.003
69,243.74,-1.83,1.8615,0.20097,0.00634,1.9e-06,0.005697,0.003
70,242.53,-1.93,1.8611,0.201,0.0063306,1.7e-06,0.006078,0.003
71,240.24,-1.76,1.8617,0.20108,0.0063183,1.6e-06,0.006834,0.002
72,238.71,-1.81,1.8605,0.20112,0.0063071,1.6e-06,0.007198,0.002
73,237.28,-1.67,1.8603,0.20117,0.0062948,1.2e-06,0.008615,0.003
74,236.65,-1.77,1.8601,0.20119,0.0062832,1.4e-06,0.009165,0.003
75,236.47,-1.69,1.8578,0.20118,0.0062826,1.6e-06,0.006921,0.003
76,236.66,-1.86,1.8565,0.20117,0.0063002,1.8e-06,0.00537,0.003
77,238.75,-1.83,1.851,0.20108,0.0063252,1.9e-06,0.005428,0.003
78,241.17,-1.8,1.848,0.20099,0.0063418,1.8e-06,0.004315,0.003
79,241.92,-1.76,1.8481,0.20097,0.0063422,1.8e-06,0.003819,0.003
80,240.92,-1.7,1.8504,0.20101,0.0063269,1.8e-06,0.004965,0.003
81,237.9,-1.8,1.8487,0.2011,0.006301,1.9e-06,0.005529,0.003
82,234.82,-1.8,1.8479,0.2012,0.0062729,1.9e-06,0.004637,0.003
83,232.33,-1.95,1.8471,0.20127,0.0062532,1.6e-06,0.004353,0.003
84,231.12,-1.76,1.8451,0.2013,0.0062524,1.8e-06,0.003211,0.004
85,232.96,-1.75,1.8471,0.20125,0.0062724,1.8e-06,0.004064,0.003
86,237.01,-1.72,1.8509,0.20114,0.0063036,1.3e-06,0.004659,0.002
87,241.08,-1.82,1.8506,0.20101,0.0063353,1.1e-06,0.005823,0.003
88,243.29,-1.74,1.8516,0.20094,0.0063625,1.4e-06,0.006192,0.003
89,245.24,-1.74,1.8556,0.20089,0.0063894,1.3e-06,0.006571,0.003
90,246.27,-1.83,1.855,0.20085,0.0064094,1.3e-06,0.005681,0.003
91,246.52,-1.75,1.8553,0.20085,0.0064185,1.5e-06,0.005025,0.005
92,245.76,-1.88,1.8567,0.20087,0.0064192,1.3e-06,0.005541,0.002
93,244.13,-1.93,1.8565,0.20092,0.0064242,1.5e-06,0.00654,0.003
94,243.99,-1.86,1.8576,0.20093,0.0064382,1.9e-06,0.006265,0.003
95,245.28,-1.83,1.8564,0.20088,0.0064582,2e-06,0.006341,0.003
96,246.65,-1.81,1.8538,0.20082,0.0064765,1.8e-06,0.005388,0.003
97,248.2,-1.84,1.8578,0.20079,0.0064898,1.6e-06,0.003875,0.003
98,248.14,-1.86,1.8559,0.20078,0.0065013,1.7e-06,0.004735,0.003
99,247.52,-1.76,1.8487,0.20077,0.0065207,1.5e-06,0.004679,0.003
100,249.26,-1.69,1.8539,0.20073,0.0065479,1.6e-06,0.00593,0.003
101,251.25,-1.85,1.8536,0.20067,0.0065723,1.8e-06,0.008127,0.003
102,252.96,-1.76,1.8557,0.20062,0.0065799,1.9e-06,0.008573,0.003
103,252.45,-1.79,1.856,0.20064,0.006569,1.5e-06,0.008729,0.003
104,249.28,-1.76,1.8545,0.20073,0.0065509,1.3e-06,0.008043,0.003
105,245.69,-1.74,1.8502,0.20083,0.0065344,1.3e-06,0.006847,0.003
106,244.19,-1.76,1.8486,0.20087,0.0065218,1.1e-06,0.007737,0.003
107,243.33,-1.71,1.8455,0.20088,0.0065111,8e-07,0.010308,0.003
108,243.2,-1.85,1.847,0.20089,0.0065037,1e-06,0.008748,0.003
109,243.54,-1.86,1.8486,0.20089,0.0064964,1e-06,0.008921,0.003
110,243.15,-1.75,1.8475,0.2009,0.0064885,1.3e-06,0.009175,0.003
111,242.93,-1.93,1.8493,0.20092,0.0064824,1.4e-06,0.011027,0.003
112,242.47,-1.7,1.8462,0.20092,0.0064888,1.2e-06,0.009822,0.003
113,243.38,-1.67,1.842,0.20087,0.0065106,1e-06,0.008662,0.003
114,246.03,-1.75,1.8395,0.20077,0.0065371,9e-07,0.007058,0.003
115,248.62,-1.91,1.8423,0.2007,0.0065558,8e-07,0.005267,0.003
116,250.17,-1.72,1.845,0.20067,0.0065552,1.3e-06,0.00479,0.003
117,248.47,-1.79,1.8459,0.20073,0.0065368,1.4e-06,0.003207,0.003
118,244.87,-1.92,1.8421,0.20082,0.0065155,1.9e-06,0.003401,0.003
119,241.92,-1.83,1.8394,0.2009,0.0065035,1.6e-06,0.005203,0.003
120,240.87,-1.64,1.8366,0.20092,0.0065013,1.6e-06,0.004781,0.003
121,241.6,-1.69,1.8349,0.2009,0.0064979,1.6e-06,0.004979,0.003
122,242.43,-1.71,1.8352,0.20087,0.0064901,1.2e-06,0.005281,0.003
123,241.84,-1.73,1.8362,0.2009,0.0064869,9e-07,0.004495,0.003
124,241.69,-1.77,1.8356,0.2009,0.0064993,1.1e-06,0.004054,0.003
125,243.22,-1.8,1.8338,0.20084,0.0065298,1.3e-06,0.004794,0.003
126,246.62,-1.74,1.8337,0.20073,0.0065696,1.3e-06,0.005393,0.003
127,250.5,-1.67,1.8331,0.2006,0.0066161,1.1e-06,0.005489,0.003
128,254.83,-1.75,1.8346,0.20046,0.0066616,9e-07,0.005089,0.004
129,256.41,-1.74,1.8328,0.2004,0.0066933,8e-07,0.00427,0.003
130,256.96,-1.8,1.8342,0.20039,0.00671,6e-07,0.004964,0.003
131,255.76,-1.85,1.8354,0.20043,0.0067135,7e-07,0.005415,0.002
132,253.6,-1.84,1.8324,0.20048,0.0067064,7e-07,0.004566,0.003
133,251.89,-1.65,1.8337,0.20054,0.0066938,6e-07,0.004521,0.003
134,250.26,-1.76,1.8359,0.2006,0.0066813,7e-07,0.005265,0.003
135,249.1,-1.66,1.8371,0.20064,0.0066681,1.1e-06,0.00607,0.003
136,248.53,-1.75,1.8396,0.20068,0.0066498,1.4e-06,0.005989,0.003
137,247.48,-1.75,1.8401,0.20071,0.0066261,1.4e-06,0.006226,0.002
138,245.69,-1.82,1.8417,0.20078,0.0066074,1.1e-06,0.003478,0.003
139,244.17,-1.8,1.8399,0.20082,0.006598,1.2e-06,0.002562,0.003
140,244.78,-1.73,1.8401,0.2008,0.0065969,1.3e-06,0.003194,0.003
141,246,-1.78,1.8393,0.20076,0.0065971,1.3e-06,0.001043,0.003
142,246.83,-1.8,1.8408,0.20074,0.0065926,1.3e-06,0.001128,0.003
143,246.48,-1.82,1.8408,0.20076,0.006582,1.1e-06,0.003803,0.003
144,245.33,-1.88,1.8386,0.20078,0.0065749,1.3e-06,0.005573,0.003
145,244.46,-1.72,1.8354,0.2008,0.006578,1.7e-06,0.002122,0.003
146,245.58,-1.72,1.835,0.20076,0.0065946,2e-06,0.000655,0.003
147,247.91,-1.75,1.8343,0.20068,0.0066226,2.5e-06,0.001811,0.003
148,250.09,-1.81,1.8325,0.2006,0.0066539,2.3e-06,0.001064,0.003
149,253.11,-1.67,1.8369,0.20052,0.0066829,2.2e-06,0.000447,0.003
150,254.41,-1.75,1.8346,0.20047,0.0067001,2.3e-06,-7.9e-05,0.003
151,254.71,-1.74,1.836,0.20046,0.0067061,2.5e-06,-2.6e-05,0.003
152,253.41,-1.73,1.8356,0.2005,0.0067013,2.2e-06,9.3e-05,0.003
153,252.36,-1.66,1.8407,0.20056,0.0066894,2.1e-06,0.002759,0.003
154,249.82,-1.77,1.8362,0.20062,0.006678,2.1e-06,0.00221,0.003
155,247.72,-1.81,1.8294,0.20065,0.0066702,2.4e-06,0.002542,0.003
156,246.73,-1.73,1.8233,0.20066,0.0066742,2.2e-06,0.000347,0.003
157,247.11,-1.75,1.8198,0.20063,0.0066921,2e-06,0.000757,0.003
158,249.41,-1.77,1.8186,0.20055,0.0067159,1.9e-06,0.001229,0.003
159,252.13,-1.75,1.8208,0.20047,0.0067325,2e-06,0.002871,0.003
160,254.11,-1.79,1.8263,0.20044,0.0067284,1.8e-06,0.001735,0.003
161,252.64,-1.82,1.8274,0.20049,0.0067019,1.8e-06,0.001474,0.003
162,249.15,-1.75,1.8299,0.20061,0.0066687,2e-06,-0.001332,0.003
163,244.58,-1.85,1.8262,0.20074,0.0066433,2.1e-06,-0.001279,0.003
164,243.25,-1.78,1.8288,0.20079,0.006629,2.4e-06,-0.0019,0.004
165,244.71,-1.86,1.8363,0.20078,0.0066184,2.2e-06,-0.001026,0.003
166,246.09,-1.87,1.8441,0.20078,0.0066082,2.1e-06,-0.001563,0.003
167,246.71,-1.74,1.8463,0.20077,0.0066056,2.1e-06,0.000768,0.003
168,246.83,-1.77,1.8473,0.20076,0.0066163,2.1e-06,0.002822,0.004
169,248.71,-1.7,1.8447,0.20069,0.0066336,1.7e-06,0.003901,0.003
170,250.87,-1.91,1.8425,0.20062,0.0066478,1.6e-06,0.002318,0.003
171,251.78,-1.79,1.8415,0.20058,0.0066549,1.6e-06,0.002774,0.003
172,251.21,-1.73,1.8372,0.20058,0.0066581,1.7e-06,0.002725,0.003
173,250.28,-1.88,1.8361,0.20061,0.0066562,1.6e-06,0.003322,0.003
174,249.6,-1.84,1.8355,0.20063,0.006649,1.4e-06,0.00477,0.003
175,248.39,-1.87,1.834,0.20066,0.0066357,1.4e-06,0.008832,0.003
176,246.67,-1.86,1.8324,0.20071,0.0066206,1.3e-06,0.003937,0.003
177,244.36,-1.85,1.827,0.20076,0.0066102,1.3e-06,-0.002235,0.003
178,244.18,-1.86,1.8295,0.20077,0.0066051,1.1e-06,-0.003867,0.003
179,244.82,-1.77,1.8327,0.20077,0.0066019,1.4e-06,-0.003302,0.003
180,245.05,-1.75,1.8306,0.20075,0.0065976,1.3e-06,-0.004269,0.003
181,245.29,-1.81,1.8307,0.20075,0.0065909,1.5e-06,-0.001387,0.003
182,244.81,-1.73,1.8352,0.20078,0.0065851,1.5e-06,-0.001097,0.003
183,244.89,-1.82,1.8369,0.20079,0.0065832,1.6e-06,-0.001654,0.003
184,245.69,-1.85,1.8385,0.20077,0.0065877,1.7e-06,-0.000896,0.003
185,246.88,-1.82,1.8412,0.20074,0.0066008,1.3e-06,-0.002458,0.003
186,248.39,-1.72,1.8409,0.20069,0.0066258,1.3e-06,-0.003823,0.003
187,251.3,-1.82,1.8429,0.2006,0.0066616,1.4e-06,-0.003414,0.003
188,254.79,-1.72,1.8397,0.20048,0.0067055,1.7e-06,-0.001083,0.004
189,258.62,-1.77,1.84,0.20035,0.0067533,1.8e-06,-0.002355,0.003
190,261.69,-1.75,1.8408,0.20025,0.0068018,1.9e-06,-0.00355,0.003
191,263.86,-1.81,1.8423,0.20019,0.0068355,1.8e-06,-0.001717,0.003
192,263.45,-1.79,1.8436,0.20021,0.0068387,1.4e-06,0.000475,0.003
193,260.34,-1.78,1.8407,0.20029,0.006819,1.5e-06,0.003831,0.003
194,256.22,-1.77,1.8412,0.20042,0.0067846,1.3e-06,0.001813,0.003
195,251.43,-1.75,1.8436,0.20059,0.0067392,1.4e-06,0.002495,0.004
196,247.41,-1.81,1.8448,0.20072,0.0066906,1.6e-06,0.004202,0.003
197,244.44,-1.87,1.8444,0.20082,0.0066553,1.5e-06,0.001733,0.003
198,243.15,-1.84,1.8414,0.20085,0.0066395,1.5e-06,-4.7e-05,0.003
199,244,-1.84,1.8389,0.20081,0.0066418,1.7e-06,-0.000588,0.006
200,247.49,-1.82,1.8423,0.20072,0.0066514,1.8e-06,-0.000542,0.003
201,249.78,-1.72,1.845,0.20066,0.0066526,2e-06,0.002453,0.003
202,250.02,-1.78,1.8416,0.20064,0.0066431,2e-06,0.001804,0.003
203,248.88,-1.75,1.8428,0.20068,0.0066296,1.6e-06,0.001442,0.003
204,246.98,-1.77,1.8444,0.20075,0.0066164,1.4e-06,0.000173,0.003
205,246.18,-1.78,1.8422,0.20077,0.0066017,1.3e-06,0.000371,0.004
206,245.28,-1.82,1.8413,0.20079,0.0065877,1.3e-06,0.002054,0.003
207,244.19,-1.84,1.84,0.20082,0.0065813,1.4e-06,0.000411,0.004
208,244.14,-1.69,1.838,0.20081,0.0065882,1.3e-06,0.002218,0.003
209,245.58,-1.78,1.8363,0.20076,0.0066068,1.2e-06,0.005285,0.004
210,248.18,-1.77,1.8348,0.20067,0.0066304,1.3e-06,0.003802,0.003
211,250.04,-1.69,1.8323,0.2006,0.0066475,1.4e-06,0.001843,0.003
212,251.32,-1.72,1.8351,0.20057,0.0066477,1.4e-06,0.001342,0.003
213,250.54,-1.77,1.8391,0.20062,0.006633,1.6e-06,0.004154,0.003
214,247.99,-1.78,1.8402,0.2007,0.0066109,1.7e-06,0.005287,0.003
215,245.98,-1.82,1.8418,0.20077,0.0065866,1.3e-06,0.004305,0.003
216,243.72,-1.77,1.8423,0.20085,0.0065661,1e-06,0.001916,0.003
217,242.69,-1.81,1.8431,0.20088,0.006556,9e-07,0.001454,0.003
218,243.02,-1.71,1.8449,0.20088,0.0065591,1.3e-06,0.001436,0.003
219,244.72,-1.78,1.8479,0.20084,0.006564,1.4e-06,-0.000165,0.003
220,246.38,-1.82,1.847,0.20079,0.0065648,1.6e-06,-0.001015,0.003
221,247.42,-1.77,1.8499,0.20077,0.0065634,1.6e-06,-0.001042,0.003
222,247.41,-1.75,1.853,0.20078,0.0065669,1.8e-06,-4.8e-05,0.003
223,247.31,-1.86,1.8516,0.20077,0.0065791,2.2e-06,-0.000694,0.003
224,248.29,-1.73,1.8496,0.20073,0.0065985,2e-06,0.002194,0.003
225,250.5,-1.81,1.851,0.20067,0.0066217,1.7e-06,0.002151,0.003
226,252.11,-1.73,1.8494,0.20061,0.0066447,1.6e-06,0.002161,0.004
227,253.48,-1.83,1.848,0.20056,0.0066674,9e-07,0.005739,0.003
228,254.92,-1.89,1.8478,0.20051,0.0066832,1.1e-06,0.007283,0.003
229,254.9,-1.68,1.8475,0.20051,0.0066877,1.3e-06,0.003857,0.003
230,254.22,-1.86,1.8502,0.20054,0.0066816,1.3e-06,0.000792,0.003
231,252.12,-1.83,1.8496,0.2006,0.0066729,1.5e-06,0.001149,0.003
232,250.73,-1.69,1.8494,0.20065,0.0066639,1.5e-06,0.00193,0.003
233,249.71,-1.86,1.8484,0.20067,0.0066517,1.7e-06,0.004003,0.003
234,248.68,-1.73,1.8491,0.20071,0.0066353,1.9e-06,0.006802,0.003
235,247.02,-1.82,1.8453,0.20075,0.0066144,1.7e-06,0.007141,0.003
236,245.79,-1.8,1.8492,0.20081,0.0065946,1.5e-06,0.004015,0.003
237,244.7,-1.71,1.8499,0.20084,0.0065867,1.3e-06,0.003684,0.003
238,244.91,-1.78,1.8468,0.20082,0.0066008,1.4e-06,0.005169,0.003
239,247.86,-1.73,1.8478,0.20073,0.0066336,1.5e-06,0.003939,0.003
240,251.87,-1.79,1.8421,0.20058,0.0066773,1.5e-06,0.004736,0.003
241,256.83,-1.8,1.8424,0.20042,0.0067256,1.8e-06,0.004056,0.003
242,259.92,-1.67,1.8406,0.20031,0.0067712,1.6e-06,0.002652,0.003
243,260.09,-1.71,1.8379,0.20029,0.0067909,1.5e-06,0.005085,0.004
244,259.59,-1.73,1.8379,0.2003,0.0067988,1.2e-06,0.001488,0.003
245,258.71,-1.83,1.8414,0.20034,0.006805,1.3e-06,0.005511,0.003
246,256.86,-1.87,1.8372,0.20038,0.0068105,1.7e-06,0.003287,0.003
247,256.07,-1.79,1.8355,0.2004,0.006815,2e-06,0.003453,0.003
248,256.74,-1.79,1.8404,0.2004,0.0068184,2e-06,0.001922,0.003
249,255.99,-1.77,1.8354,0.2004,0.0068238,1.9e-06,0.006222,0.003
250,256.26,-1.73,1.8357,0.20039,0.0068371,1.5e-06,0.007476,0.004
251,256.67,-1.78,1.8336,0.20036,0.006865,1.2e-06,0.004328,0.004
252,259.16,-1.81,1.8317,0.20027,0.0069025,1.2e-06,0.001579,0.003
253,263.66,-1.77,1.8352,0.20014,0.006947,1.4e-06,0.000529,0.003
254,266.73,-1.83,1.8351,0.20004,0.0069718,1.7e-06,0.00281,0.003
255,266.71,-1.74,1.8346,0.20004,0.0069756,2.3e-06,0.001833,0.003
256,264.96,-1.69,1.8384,0.20011,0.0069679,2.4e-06,-0.000383,0.003
257,262.28,-1.79,1.8386,0.20019,0.0069589,2.4e-06,-0.000625,0.004
258,259.96,-1.86,1.8317,0.20023,0.0069578,2.4e-06,0.002022,0.003
259,259.52,-1.71,1.8328,0.20025,0.0069602,2.4e-06,-0.001284,0.004
260,260.28,-1.88,1.8334,0.20023,0.0069589,2.5e-06,-0.001813,0.003
261,260.94,-1.77,1.8373,0.20023,0.0069469,2.3e-06,-0.000241,0.003
262,259.67,-1.77,1.8366,0.20027,0.0069265,2.1e-06,0.001445,0.003
263,257.2,-1.86,1.8337,0.20034,0.0069065,1.9e-06,0.001969,0.003
264,255.13,-1.66,1.8322,0.20039,0.0068982,1.9e-06,0.003752,0.003
265,255.77,-1.81,1.8322,0.20037,0.0069044,1.9e-06,0.002887,0.003
266,256.93,-1.85,1.8286,0.20032,0.0069174,1.9e-06,0.003023,0.003
267,258.68,-1.72,1.8268,0.20026,0.0069325,1.9e-06,0.00425,0.003
268,260.59,-1.78,1.83,0.20021,0.0069483,1.6e-06,0.005288,0.004
269,261.44,-1.86,1.8294,0.20018,0.0069636,1.6e-06,0.005802,0.003
270,261.81,-1.8,1.8266,0.20015,0.006973,1.7e-06,0.006974,0.003
271,261.68,-1.77,1.8255,0.20015,0.0069688,1.7e-06,0.007209,0.003
272,260.94,-1.87,1.8276,0.20019,0.0069477,1.6e-06,0.0053,0.003
273,258.42,-1.91,1.8318,0.20029,0.0069076,1.7e-06,0.001739,0.003
274,254.11,-1.87,1.8319,0.20043,0.006848,1.6e-06,0.001519,0.003
275,247.19,-1.76,1.8288,0.20064,0.0067785,1.3e-06,0.002984,0.002
276,242.31,-1.73,1.8284,0.2008,0.0067225,1.1e-06,0.004552,0.003
277,240.88,-1.82,1.8313,0.20086,0.0066875,1.1e-06,0.006377,0.003
278,241.46,-1.86,1.8274,0.20083,0.0066692,1.1e-06,0.003779,0.003
279,242.87,-1.86,1.8278,0.2008,0.0066473,1.1e-06,0.00555,0.003
280,243.38,-1.83,1.8279,0.20079,0.0066247,1.4e-06,0.004602,0.003
281,242.4,-1.8,1.8281,0.20082,0.0066088,1.5e-06,0.004525,0.003
282,242.58,-1.78,1.8323,0.20083,0.0066015,1.3e-06,0.003282,0.003
283,243.51,-1.81,1.8324,0.20081,0.0066061,1.4e-06,0.004381,0.003
284,244.77,-1.63,1.8315,0.20076,0.006631,1.3e-06,0.003172,0.003
285,248.54,-1.73,1.832,0.20064,0.0066799,1.3e-06,0.000267,0.003
286,254.27,-1.81,1.8274,0.20043,0.0067568,1.3e-06,0.003643,0.004
287,260.56,-1.7,1.8246,0.20021,0.0068313,1.3e-06,0.00269,0.003
288,265.78,-1.82,1.8279,0.20006,0.0068777,1.5e-06,0.000306,0.003
289,266.41,-1.83,1.8325,0.20006,0.0068799,1.5e-06,0.003093,0.003
290,262.13,-1.7,1.8341,0.2002,0.0068524,1.7e-06,0.002618,0.003
291,256.46,-1.79,1.8351,0.20038,0.0068114,1.7e-06,0.001634,0.003
292,250.18,-1.77,1.8298,0.20056,0.0067647,1.5e-06,0.004814,0.003
293,245.42,-1.79,1.8265,0.2007,0.0067185,1.3e-06,0.005047,0.003
294,242.42,-1.75,1.8256,0.2008,0.0066765,1.2e-06,0.006654,0.003
295,241.1,-1.83,1.824,0.20084,0.0066439,1.9e-06,0.006325,0.003
296,240.82,-1.72,1.8254,0.20086,0.0066161,2e-06,0.009513,0.003
297,239.61,-1.8,1.8217,0.20088,0.0065927,2e-06,0.006809,0.003
298,239.11,-1.82,1.8194,0.20089,0.0065778,1.8e-06,0.004246,0.003
299,239.53,-1.86,1.8187,0.20088,0.0065769,1.8e-06,0.004657,0.003
300,241.62,-1.86,1.8223,0.20083,0.0065893,1.7e-06,0.007038,0.003
301,243.73,-1.75,1.8203,0.20075,0.0066119,2.1e-06,0.005222,0.003
302,246.89,-1.85,1.8217,0.20065,0.0066421,2.2e-06,0.001962,0.003
303,249.77,-1.84,1.8215,0.20056,0.0066791,2.1e-06,0.003818,0.003
304,252.38,-1.75,1.8228,0.20047,0.0067232,2e-06,0.006272,0.003
305,256.04,-1.77,1.8229,0.20035,0.0067646,1.6e-06,0.003759,0.003
306,257.68,-1.87,1.8245,0.20031,0.0067789,1.5e-06,0.000796,0.003
307,257.01,-1.87,1.828,0.20035,0.0067696,1.3e-06,0.000351,0.002
308,253.89,-1.81,1.8303,0.20045,0.0067489,1.5e-06,-0.001026,0.003
309,250.52,-1.78,1.8306,0.20056,0.0067285,1.8e-06,0.002197,0.002
310,248.43,-1.88,1.8295,0.20062,0.0067137,1.7e-06,0.002427,0.004
311,247.59,-1.78,1.829,0.20065,0.0067048,1.7e-06,0.002812,0.003
312,247.91,-1.78,1.8307,0.20065,0.0066985,1.7e-06,0.00058,0.003
313,248.16,-1.79,1.8316,0.20064,0.0066953,1.9e-06,-0.000502,0.003
314,248.27,-1.7,1.8311,0.20064,0.0067013,2e-06,-0.000789,0.003
315,249.36,-1.76,1.8308,0.2006,0.0067226,2e-06,-0.000307,0.003
316,251.9,-1.79,1.83,0.20051,0.0067558,1.8e-06,-4.9e-05,0.002
317,255.17,-1.86,1.8296,0.2004,0.0067971,1.4e-06,-0.000458,0.003
318,258.77,-1.85,1.8309,0.20029,0.0068361,1.1e-06,9e-05,0.003
319,261,-1.78,1.8305,0.20022,0.0068605,1.5e-06,0.001742,0.003
320,260.99,-1.86,1.8293,0.20021,0.0068682,1.5e-06,0.004479,0.002
321,259.5,-1.88,1.8287,0.20025,0.0068619,1.5e-06,0.003386,0.003
322,256.88,-1.86,1.8273,0.20033,0.0068469,1.4e-06,0.002407,0.003
323,254.91,-1.78,1.8311,0.20041,0.0068308,1.1e-06,0.001748,0.003
324,253.13,-1.75,1.8299,0.20046,0.0068209,1e-06,0.002291,0.002
325,252.77,-1.7,1.8296,0.20047,0.0068193,9e-07,0.002262,0.002
326,253.38,-1.74,1.8296,0.20045,0.0068261,1.5e-06,0.000912,0.003
327,254.63,-1.79,1.8302,0.20041,0.0068374,1.6e-06,0.002749,0.003
328,256.03,-1.7,1.8294,0.20037,0.0068419,1.3e-06,0.004305,0.003
329,256.1,-1.78,1.8265,0.20035,0.0068335,1.1e-06,0.003309,0.003
330,254.12,-1.81,1.8258,0.20042,0.0068126,1.2e-06,0.001543,0.002
331,251.61,-1.74,1.8265,0.2005,0.0067788,1.3e-06,0.002805,0.003
332,248.7,-1.78,1.8266,0.2006,0.006737,1.2e-06,0.001573,0.003
333,244.02,-1.86,1.8218,0.20073,0.0066886,1.2e-06,0.002953,0.003
334,241.31,-1.87,1.8243,0.20083,0.0066556,1.6e-06,0.004034,0.002
335,240.51,-1.78,1.8229,0.20085,0.0066379,1.5e-06,0.003751,0.003
336,241.68,-1.79,1.8251,0.20083,0.0066288,1.4e-06,0.002465,0.003
337,243.21,-1.83,1.8255,0.20078,0.0066195,1.2e-06,0.00413,0.002
338,243.77,-1.74,1.8272,0.20078,0.006608,1.1e-06,0.007174,0.002
339,243.56,-1.79,1.8276,0.20079,0.0065969,1.6e-06,0.007463,0.003
340,243.28,-1.83,1.8285,0.2008,0.0065918,1.6e-06,0.006076,0.003
341,243.74,-1.85,1.8314,0.2008,0.0065896,1.3e-06,0.005221,0.003
342,245.04,-1.76,1.8351,0.20077,0.0065915,1.4e-06,0.005125,0.003
343,245.51,-1.88,1.8339,0.20075,0.0066047,1.1e-06,0.006162,0.003
344,245.92,-1.82,1.8287,0.20071,0.0066368,9e-07,0.00678,0.003
345,250.28,-1.74,1.8313,0.20058,0.0066874,1e-06,0.005413,0.002
346,255.21,-1.81,1.8263,0.2004,0.0067421,1.1e-06,0.003091,0.003
347,258.86,-1.81,1.8215,0.20026,0.0067906,1.5e-06,0.003133,0.002
348,259.41,-1.82,1.8174,0.20021,0.0068273,1.3e-06,0.001859,0.003
349,259.53,-1.79,1.8176,0.20021,0.0068501,1.3e-06,0.001096,0.002
350,259.23,-1.9,1.8188,0.20022,0.0068593,1.3e-06,0.003459,0.003
351,257.1,-1.78,1.8143,0.20027,0.0068495,1.3e-06,0.004817,0.003
352,254.33,-1.8,1.8131,0.20035,0.0068262,1.2e-06,0.006842,0.002
353,250.74,-1.77,1.8136,0.20047,0.0068003,9e-07,0.008576,0.003
354,248.58,-1.87,1.8151,0.20055,0.0067771,8e-07,0.007252,0.003
355,246.62,-1.82,1.8116,0.2006,0.0067477,6e-07,0.007769,0.002
356,245.29,-1.8,1.8161,0.20066,0.0067123,7e-07,0.006349,0.002
357,243.04,-1.85,1.8206,0.20076,0.0066672,8e-07,0.005878,0.002
358,240.4,-1.84,1.82,0.20085,0.0066254,8e-07,0.00657,0.002
359,238.18,-1.8,1.8196,0.20092,0.0065943,7e-07,0.004771,0.002
360,238.02,-1.84,1.8202,0.20093,0.0065749,9e-07,0.003737,0.002
361,238.78,-1.76,1.8226,0.20092,0.0065705,7e-07,0.004522,0.002
362,240.25,-1.83,1.8195,0.20086,0.0065782,7e-07,0.00621,0.002
363,242.31,-1.83,1.8188,0.20079,0.0066016,1e-06,0.004125,0.002
364,245.05,-1.82,1.8166,0.20069,0.0066414,1.2e-06,0.005417,0.003
365,249.92,-1.77,1.8153,0.20052,0.0067038,1.4e-06,0.008442,0.002
366,255.84,-1.78,1.8145,0.20032,0.0067717,1.4e-06,0.007834,0.002
367,260.65,-1.83,1.8151,0.20017,0.0068273,1.5e-06,0.00596,0.002
368,263.7,-1.89,1.8205,0.20009,0.0068751,1.2e-06,0.006369,0.002
369,264.03,-1.81,1.824,0.20009,0.0069102,9e-07,0.00405,0.002
370,263.11,-1.88,1.8197,0.20009,0.0069387,1.2e-06,0.00351,0.003
371,263.28,-1.87,1.8217,0.20009,0.0069733,1.2e-06,0.003315,0.003
372,265.69,-1.78,1.8261,0.20002,0.0070133,1.6e-06,0.001469,0.003
373,268.13,-1.79,1.8271,0.19995,0.0070584,1.2e-06,0.005273,0.002
374,270.2,-1.7,1.8272,0.19988,0.0070944,1.4e-06,0.002944,0.002
375,271.18,-1.73,1.8266,0.19984,0.0071127,1.7e-06,0.000768,0.002
376,270.59,-1.85,1.8267,0.19986,0.0071121,1.6e-06,0.002953,0.002
377,268.37,-1.84,1.8286,0.19994,0.0070993,1.9e-06,0.004624,0.002
378,265.49,-1.92,1.8276,0.20002,0.0070835,1.9e-06,0.00511,0.002
379,262.44,-1.76,1.8244,0.2001,0.0070695,1.8e-06,0.004595,0.003
380,261.46,-1.96,1.825,0.20014,0.0070572,1.5e-06,0.006124,0.002
381,260.53,-1.71,1.8213,0.20015,0.0070501,1.7e-06,0.007331,0.003
382,260.28,-1.93,1.8188,0.20015,0.0070441,1.8e-06,0.006061,0.002
383,260.36,-1.84,1.8189,0.20015,0.0070362,1.8e-06,0.005529,0.002
384,260.41,-1.49,1.8186,0.20015,0.0070291,1.7e-06,0.00537,0.002
385,260.39,-1.99,1.8219,0.20016,0.0070246,1.7e-06,0.004412,0.002
386,260.8,-1.8,1.8253,0.20017,0.007018,1.5e-06,0.004668,0.002
387,260.11,-1.9,1.8222,0.20018,0.0070066,1.7e-06,0.002329,0.002
388,258.94,-1.91,1.8201,0.20021,0.0069896,2e-06,0.002968,0.002
389,257.6,-1.72,1.8209,0.20026,0.006968,2.1e-06,0.00283,0.002
390,257.16,-1.87,1.8257,0.20029,0.0069462,1.9e-06,0.003432,0.002
391,255.73,-1.89,1.8255,0.20034,0.0069269,1.4e-06,0.001487,0.001
392,254.48,-1.87,1.8236,0.20037,0.0069128,7e-07,0.001476,0.002
393,254.12,-1.63,1.8235,0.20039,0.0069019,4e-07,0.002809,0.002
394,253.78,-1.88,1.821,0.20039,0.0068923,5e-07,0.001297,0.002
395,254.16,-1.77,1.8217,0.20038,0.006877,7e-07,0.003769,0.002
396,253.26,-1.91,1.8193,0.2004,0.0068602,8e-07,0.005676,0.002
397,251.7,-1.75,1.8176,0.20045,0.0068495,1.1e-06,0.00338,0.002
398,251.17,-2.02,1.8169,0.20046,0.0068459,1.4e-06,0.002481,0.002
399,252.02,-1.72,1.818,0.20044,0.0068449,1.7e-06,0.002104,0.002
400,252.31,-1.76,1.8126,0.20041,0.0068445,1.9e-06,0.003521,0.002
401,251.73,-1.95,1.8071,0.2004,0.0068494,1.7e-06,0.00614,0.002
402,252.49,-1.76,1.8084,0.20038,0.0068592,1.7e-06,0.006516,0.002
403,253.36,-1.82,1.8072,0.20035,0.006864,1.5e-06,0.004315,0.002
404,253.83,-1.72,1.8074,0.20034,0.0068573,1.2e-06,0.002824,0.002
405,252.34,-1.77,1.806,0.20038,0.0068437,1e-06,0.002796,0.002
406,251.01,-1.86,1.8087,0.20043,0.0068318,1.3e-06,0.004569,0.002
407,249.84,-1.76,1.8092,0.20047,0.0068255,1.2e-06,0.002422,0.002
408,249.67,-1.81,1.8073,0.20047,0.0068157,1.3e-06,0.001517,0.001
409,249.22,-1.78,1.8062,0.20048,0.0067984,1.4e-06,-0.000444,0.003
410,248.01,-1.77,1.8075,0.20053,0.0067823,1.3e-06,-0.001688,0.001
411,247.76,-1.78,1.8139,0.20057,0.0067733,1.4e-06,0.000118,0.002
412,248.09,-1.89,1.8161,0.20057,0.0067689,1.5e-06,0.000998,0.002
413,248.74,-1.78,1.8143,0.20054,0.0067793,1.4e-06,0.00349,0.002
414,249.71,-1.8,1.8106,0.20049,0.0068092,1.4e-06,0.001561,0.002
415,253.81,-1.77,1.8132,0.20036,0.006853,9e-07,0.001953,0.002
416,257.68,-1.71,1.809,0.20022,0.0069008,5e-07,0.002076,0.002
417,261.11,-1.84,1.8068,0.20009,0.0069451,3e-07,0.00081,0.002
418,263.13,-1.8,1.8097,0.20004,0.0069735,2e-07,0.00329,0.001
419,262.7,-1.79,1.8067,0.20003,0.0070054,4e-07,0.002203,0.002
420,263.08,-1.86,1.8042,0.2,0.0070367,9e-07,0.0019,0.001
421,264.39,-1.89,1.8056,0.19996,0.0070508,1.5e-06,0.003323,0.002
422,263.68,-1.8,1.8047,0.19999,0.0070323,1.8e-06,0.00424,0.001
423,260.09,-1.77,1.8081,0.20012,0.0069914,1.8e-06,0.005217,0.002
424,254.63,-1.65,1.8091,0.2003,0.0069438,1.4e-06,0.005703,0.001
425,250.6,-1.72,1.8098,0.20044,0.0069044,1.3e-06,0.005981,0.002
426,248.9,-1.74,1.8122,0.2005,0.0068838,1.4e-06,0.004234,0.002
427,249.91,-1.79,1.8176,0.2005,0.0068771,1.5e-06,0.004195,0.002
428,250.92,-1.73,1.8157,0.20046,0.0068769,1.3e-06,0.005312,0.002
429,253.44,-1.74,1.8199,0.2004,0.0068756,1.1e-06,0.005913,0.002
430,253.81,-1.81,1.8192,0.20038,0.006874,1.1e-06,0.00652,0.001
431,253.86,-1.8,1.8164,0.20037,0.0068763,1e-06,0.006749,0.002
432,254.6,-1.82,1.8183,0.20035,0.0068825,7e-07,0.007084,0.001
433,255.46,-1.89,1.8186,0.20033,0.0068902,1e-06,0.008012,0.002
434,256.36,-1.76,1.8209,0.20031,0.0069005,1e-06,0.006937,0.001
435,256.23,-1.79,1.8139,0.20028,0.0069148,1e-06,0.007166,0.001
436,257.27,-1.84,1.8116,0.20023,0.006934,9e-07,0.006901,0.001
437,257.84,-1.81,1.8086,0.2002,0.0069518,7e-07,0.006203,0.002
438,259.89,-1.85,1.8136,0.20016,0.0069563,8e-07,0.005357,0.001
439,259.12,-1.8,1.8137,0.20018,0.0069403,1.2e-06,0.00506,0.001
440,256.53,-1.78,1.8157,0.20028,0.006917,1.4e-06,0.005846,0.002
441,253.54,-1.8,1.8149,0.20037,0.0069077,1.1e-06,0.005887,0.001
442,252.76,-1.87,1.8131,0.20038,0.006921,1.1e-06,0.006228,0.002
443,255.83,-1.85,1.8138,0.20028,0.0069504,1.1e-06,0.006685,0
444,259.08,-1.78,1.8122,0.20017,0.0069715,1.2e-06,0.007127,0.001
445,261.4,-1.75,1.8172,0.20012,0.0069705,1.4e-06,0.009219,0.001
446,260.21,-1.75,1.8197,0.20018,0.0069453,1.5e-06,0.010219,0.001
447,256.08,-1.8,1.8171,0.2003,0.0069145,1.3e-06,0.009583,0.001
448,252.38,-1.78,1.8162,0.20041,0.006894,1e-06,0.011172,0.001
449,251.89,-1.9,1.8199,0.20044,0.0068843,1.1e-06,0.012034,0.001
450,252.26,-1.82,1.8184,0.20042,0.0068867,1e-06,0.01165,0.001
451,253.12,-1.8,1.8152,0.20038,0.0069035,1e-06,0.011209,0.001
452,255.59,-1.78,1.8129,0.20029,0.0069349,1e-06,0.010796,0.001
453,258.62,-1.83,1.8076,0.20017,0.0069752,1.4e-06,0.01197,0.001
454,261.91,-1.86,1.8047,0.20004,0.0070236,1.3e-06,0.013204,0.001
455,265.25,-1.77,1.8034,0.19992,0.0070672,1.4e-06,0.011776,0.001
456,266.93,-1.76,1.8027,0.19986,0.0070904,1.6e-06,0.010145,0.001
457,266.62,-1.85,1.8045,0.19988,0.0070911,1.7e-06,0.009429,0.001
458,264.03,-1.81,1.804,0.19996,0.0070726,1.8e-06,0.010112,0.001
459,260.19,-1.89,1.8027,0.20008,0.0070424,1.9e-06,0.009363,0.001
460,255.67,-1.65,1.8015,0.20022,0.0070161,1.9e-06,0.009632,0.001
461,253.64,-1.8,1.8003,0.20028,0.0070042,1.9e-06,0.012266,0.001
462,254.09,-1.81,1.8,0.20026,0.0070078,1.9e-06,0.012621,0.001
463,256.09,-1.73,1.8015,0.20021,0.0070133,1.7e-06,0.013335,-0
464,257.49,-1.9,1.8023,0.20017,0.0070066,1.6e-06,0.014576,0
465,257.19,-1.82,1.8043,0.20019,0.0069821,1.6e-06,0.01502,0.001
466,254.87,-1.76,1.8042,0.20027,0.0069479,1.3e-06,0.01456,0.001
467,251.03,-1.79,1.8024,0.20039,0.0069106,1.3e-06,0.014681,0.001
468,248.88,-1.81,1.8054,0.20047,0.0068779,1.5e-06,0.014368,0.001
469,247.54,-1.76,1.8065,0.20052,0.0068485,1.7e-06,0.014391,0.001
470,246.37,-1.83,1.8062,0.20056,0.0068231,1.9e-06,0.013825,0.001
471,246.35,-1.82,1.8084,0.20058,0.0068054,2.1e-06,0.012302,0
472,246.22,-1.88,1.8084,0.20058,0.006803,2e-06,0.010955,0.001
473,247.74,-1.9,1.8062,0.20052,0.0068185,1.9e-06,0.011244,0.001
474,251.14,-1.79,1.8099,0.20043,0.0068363,1.6e-06,0.01197,-0
475,254.24,-1.77,1.8132,0.20035,0.0068442,1.3e-06,0.011444,0
476,254.28,-1.75,1.8132,0.20035,0.0068404,1.2e-06,0.010484,0.001
477,253.07,-1.77,1.8158,0.2004,0.0068322,1.2e-06,0.010486,0
478,251.4,-1.83,1.8116,0.20043,0.0068265,1.6e-06,0.011023,-0
479,250.75,-1.85,1.8114,0.20045,0.0068239,1.9e-06,0.009621,0
480,250.66,-1.91,1.8103,0.20045,0.0068271,2e-06,0.008678,0
481,251.24,-1.84,1.8093,0.20043,0.0068309,2e-06,0.008792,0
482,252.72,-1.98,1.8145,0.2004,0.0068312,2e-06,0.008329,0
483,252.05,-1.73,1.8102,0.20041,0.0068289,1.8e-06,0.008843,0
484,251.31,-1.79,1.8092,0.20042,0.0068319,1.8e-06,0.009397,-0
485,251.27,-1.78,1.8085,0.20042,0.0068518,1.5e-06,0.010007,-0
486,253.26,-1.75,1.8072,0.20034,0.0068856,1.6e-06,0.009773,0
487,256.49,-1.85,1.8037,0.20022,0.0069302,1.6e-06,0.009445,-0
488,260.38,-1.78,1.8048,0.2001,0.0069631,1.5e-06,0.009486,-0
489,262.26,-1.87,1.8069,0.20005,0.0069773,1.8e-06,0.010073,0
490,261.5,-1.83,1.808,0.20008,0.0069751,1.5e-06,0.009835,-0
491,259.15,-1.81,1.8094,0.20016,0.0069631,1.2e-06,0.01012,0
492,255.68,-1.81,1.8035,0.20024,0.0069571,1e-06,0.010155,0
493,255.51,-1.73,1.809,0.20027,0.006964,1e-06,0.012634,0
494,256.93,-1.84,1.8101,0.20023,0.0069784,1e-06,0.012076,0
495,258.69,-1.85,1.8084,0.20016,0.006991,1e-06,0.01083,-0
496,259.65,-1.84,1.8067,0.20012,0.0069967,1.1e-06,0.010663,0
497,259.6,-1.78,1.8081,0.20013,0.0069941,1.3e-06,0.012598,-0
498,259.14,-1.86,1.8138,0.20017,0.0069869,1.2e-06,0.014251,0
499,257.55,-1.73,1.809,0.2002,0.0069802,1.4e-06,0.014033,-0
500,256.65,-1.79,1.8111,0.20024,0.0069756,1.8e-06,0.015057,-0.001
501,256.09,-1.84,1.8099,0.20025,0.0069782,1.8e-06,0.014051,0.001
502,256.78,-1.77,1.8091,0.20022,0.0069865,1.6e-06,0.013337,-0
503,257.49,-1.78,1.8069,0.20019,0.0069899,1.5e-06,0.014025,-0
504,258.53,-1.88,1.8088,0.20017,0.0069781,1.4e-06,0.013826,-0
505,257.71,-1.8,1.8149,0.20023,0.0069468,1.2e-06,0.0139,0
506,254.83,-1.86,1.8192,0.20034,0.0069091,1.2e-06,0.014042,0
507,251.04,-1.78,1.8183,0.20046,0.0068884,1.3e-06,0.014048,-0.001
508,249.86,-1.78,1.8142,0.20047,0.0069043,1.2e-06,0.017106,-0
509,253.87,-1.8,1.8126,0.20034,0.0069498,1.2e-06,0.016665,-0.001
510,260.83,-1.8,1.812,0.20011,0.0070116,1e-06,0.015592,-0.001
511,266.97,-1.78,1.8155,0.19993,0.0070626,1.1e-06,0.016116,-0
512,269.68,-1.77,1.8178,0.19985,0.0070823,1.2e-06,0.015309,-0
513,268.35,-1.8,1.8178,0.19989,0.0070822,8e-07,0.015767,-0
514,264.87,-1.92,1.8152,0.19998,0.0070785,9e-07,0.016235,-0
515,262.8,-1.87,1.8142,0.20004,0.0070837,1e-06,0.016709,-0.001
516,262.29,-1.83,1.8116,0.20004,0.0071001,1.1e-06,0.017271,-0.001
517,263.8,-1.73,1.8107,0.19999,0.0071193,1.2e-06,0.017801,-0.001
518,265.75,-1.77,1.8112,0.19993,0.0071294,9e-07,0.016553,-0.001
519,266.65,-1.84,1.8151,0.19992,0.0071259,9e-07,0.016198,-0.001
520,265.3,-1.86,1.8168,0.19997,0.0071117,1.3e-06,0.015473,-0.001
521,262.53,-1.76,1.8144,0.20005,0.0070939,1.2e-06,0.015951,-0.001
522,260.43,-1.84,1.8121,0.20011,0.0070836,9e-07,0.015558,-0.001
523,259.86,-1.83,1.814,0.20013,0.0070801,8e-07,0.016318,-0.001
524,261.15,-1.84,1.8167,0.20011,0.0070707,8e-07,0.017506,-0.001
525,260.73,-1.78,1.8146,0.20012,0.007043,1e-06,0.018638,-0.001
526,257.85,-1.84,1.815,0.20021,0.0070034,1.2e-06,0.017574,-0.001
527,254.45,-1.76,1.8162,0.20033,0.0069598,1.3e-06,0.01755,-0.001
528,251.16,-1.9,1.815,0.20043,0.0069191,1.3e-06,0.018409,-0.001
529,249.03,-1.84,1.8133,0.2005,0.0068795,1.1e-06,0.017442,-0.002
530,247.63,-1.71,1.8136,0.20055,0.0068525,1.3e-06,0.016688,-0.001
531,246.87,-1.79,1.8146,0.20058,0.0068436,1.5e-06,0.017681,-0.002
532,249.29,-1.89,1.8171,0.20051,0.0068506,1.4e-06,0.017116,-0.001
533,251.25,-1.75,1.8137,0.20044,0.0068617,1.3e-06,0.015191,-0.002
534,254.06,-1.84,1.8164,0.20036,0.0068709,1.7e-06,0.015721,-0.001
535,255.31,-1.74,1.8175,0.20033,0.0068811,1.6e-06,0.015126,-0.001
536,255.73,-1.78,1.8176,0.20031,0.0068973,1.6e-06,0.015384,-0.001
537,257.13,-1.83,1.8189,0.20027,0.0069254,1.7e-06,0.014146,-0.002
538,259.51,-1.81,1.816,0.20017,0.0069608,1.5e-06,0.01354,-0.001
539,262.21,-1.86,1.8153,0.20008,0.0070038,1.4e-06,0.012952,-0.001
540,264.54,-1.85,1.8129,0.19999,0.0070312,1.3e-06,0.014031,-0.001
541,265.23,-1.85,1.8136,0.19997,0.0070387,1.1e-06,0.0142,-0.002
542,263,-1.84,1.8122,0.20004,0.0070336,1.3e-06,0.015097,-0.002
543,260.99,-1.78,1.8124,0.2001,0.0070311,1.7e-06,0.015673,-0.002
544,259.18,-1.87,1.809,0.20014,0.0070406,1.9e-06,0.014294,-0.001
545,259.97,-1.76,1.8076,0.2001,0.0070588,2.1e-06,0.014084,-0.002
546,262.2,-1.75,1.8094,0.20004,0.0070726,2.1e-06,0.012947,-0.001
547,263.32,-1.84,1.808,0.2,0.0070721,2.2e-06,0.013572,-0.002
548,262.61,-1.66,1.8114,0.20004,0.0070556,2.1e-06,0.016152,-0.002
549,260.33,-1.75,1.8118,0.20012,0.0070333,1.9e-06,0.016001,-0.002
550,257.26,-1.78,1.8108,0.20021,0.0070144,1.8e-06,0.015096,-0.002
551,255.58,-1.75,1.8097,0.20026,0.0070021,1.7e-06,0.013217,-0.002
552,255.07,-1.83,1.8071,0.20026,0.0069964,1.7e-06,0.012972,-0.002
553,255.89,-1.82,1.8074,0.20024,0.0069905,1.7e-06,0.013869,-0.002
554,256.03,-1.81,1.8073,0.20024,0.0069745,1.6e-06,0.015032,-0.002
555,255.03,-1.78,1.8078,0.20028,0.0069469,1.6e-06,0.014942,-0.002
556,251.84,-1.84,1.8048,0.20037,0.0069122,1.4e-06,0.015467,-0.002
557,249.44,-1.82,1.8072,0.20046,0.0068703,1.1e-06,0.015431,-0.002
558,246.63,-1.92,1.8074,0.20056,0.0068243,9e-07,0.016088,-0.002
559,243.89,-1.84,1.8097,0.20066,0.0067802,9e-07,0.01655,-0.002
560,242.32,-1.78,1.8098,0.20071,0.0067567,1e-06,0.014661,-0.002
561,243.28,-1.73,1.8122,0.20069,0.0067573,1.2e-06,0.014028,-0.002
562,246.12,-1.9,1.8149,0.20061,0.0067826,1.2e-06,0.014704,-0.002
563,250.92,-1.75,1.816,0.20046,0.0068245,1.5e-06,0.015218,-0.002
564,257.36,-1.8,1.8212,0.20028,0.0068802,2e-06,0.015046,-0.002
565,262.04,-1.8,1.8214,0.20013,0.0069312,2e-06,0.015395,-0.002
566,264.94,-1.81,1.8222,0.20003,0.0069692,2.1e-06,0.015755,-0.002
567,265.42,-1.75,1.8221,0.20001,0.0069962,2.1e-06,0.014785,-0.002
568,264.84,-1.79,1.8202,0.20002,0.0070145,2.2e-06,0.014719,-0.003
569,264.4,-1.91,1.8188,0.20002,0.0070207,1.9e-06,0.013826,-0.002
570,263.38,-1.77,1.8212,0.20007,0.0070139,1.7e-06,0.013822,-0.002
571,260.82,-1.85,1.8208,0.20015,0.0070038,1.6e-06,0.014655,-0.003
572,258.69,-1.8,1.8187,0.2002,0.0070018,1.5e-06,0.014663,-0.002
573,257.77,-1.85,1.8148,0.20021,0.0070125,1.4e-06,0.01525,-0.002
574,258.52,-1.82,1.808,0.20015,0.0070312,1.2e-06,0.014323,-0.003
575,260.71,-1.78,1.8064,0.20008,0.0070518,1.2e-06,0.014671,-0.003
576,262.51,-1.86,1.8071,0.20002,0.0070588,1.2e-06,0.013136,-0.002
577,262.34,-1.75,1.8065,0.20003,0.007044,1.4e-06,0.014227,-0.002
578,259.64,-1.79,1.8069,0.20012,0.0070104,1.1e-06,0.0147,-0.002
579,254.93,-1.72,1.8058,0.20027,0.0069718,1e-06,0.015298,-0.003
580,250.97,-1.82,1.802,0.20038,0.006948,1.1e-06,0.015271,-0.003
581,249.74,-1.84,1.7985,0.2004,0.0069307,1.3e-06,0.014929,-0.003
582,250.82,-1.88,1.8027,0.20039,0.0069106,1.2e-06,0.014361,-0.003
583,251.03,-1.86,1.8078,0.20041,0.006884,1e-06,0.014646,-0.003
584,249.77,-1.86,1.8101,0.20047,0.0068643,1.3e-06,0.014773,-0.002
585,248.93,-1.85,1.8101,0.20049,0.0068583,1.4e-06,0.014541,-0.003
586,249.99,-1.8,1.81,0.20046,0.0068676,1.5e-06,0.014199,-0.003
587,252.6,-1.75,1.8116,0.20038,0.0068886,1.6e-06,0.01428,-0.003
588,255.46,-1.83,1.8121,0.20029,0.0069176,1.6e-06,0.01381,-0.003
589,257.8,-1.84,1.812,0.20021,0.0069523,1.4e-06,0.014632,-0.003
590,260.5,-1.81,1.8109,0.20011,0.0069914,1.4e-06,0.015225,-0.003
591,263.97,-1.69,1.8131,0.20001,0.0070311,1.3e-06,0.014122,-0.003
592,265.44,-1.86,1.8093,0.19994,0.0070526,1.2e-06,0.014701,-0.003
593,265.11,-1.74,1.8082,0.19995,0.0070529,1.7e-06,0.013843,-0.003
594,262.44,-1.79,1.8088,0.20004,0.0070353,1.6e-06,0.011748,-0.003
595,258.86,-1.87,1.8074,0.20015,0.0070054,1.2e-06,0.009619,-0.003
596,255.93,-1.76,1.8126,0.20027,0.0069702,1.2e-06,0.009999,-0.003
597,252.39,-1.84,1.8119,0.20038,0.006937,1.3e-06,0.011528,-0.003
598,251.18,-1.77,1.8153,0.20043,0.0069141,1.1e-06,0.011895,-0.003
599,250.85,-1.79,1.8162,0.20045,0.0069035,1.3e-06,0.011997,-0.003
600,251.5,-1.73,1.815,0.20042,0.0069085,1.5e-06,0.012752,-0.003
601,253.8,-1.88,1.8153,0.20035,0.0069304,1.4e-06,0.01376,-0.003
602,257.45,-1.83,1.8179,0.20025,0.0069594,1.4e-06,0.013407,-0.003
603,260.99,-1.83,1.8197,0.20014,0.0069826,1.8e-06,0.011878,-0.003
604,262.38,-1.77,1.8193,0.2001,0.0069917,2e-06,0.011044,-0.003
605,262.12,-1.79,1.8206,0.20011,0.0069932,2e-06,0.011153,-0.003
606,260.15,-1.76,1.8176,0.20015,0.0070001,1.8e-06,0.011567,-0.003
607,260.06,-1.75,1.8182,0.20016,0.0070113,1.6e-06,0.011826,-0.004
608,260.92,-1.76,1.8171,0.20013,0.0070144,1.5e-06,0.012322,-0.003
609,260.99,-1.79,1.818,0.20013,0.0069989,1.3e-06,0.012586,-0.004
610,258.97,-1.93,1.82,0.20021,0.0069669,1.2e-06,0.012388,-0.004
611,255.12,-1.82,1.8184,0.20033,0.0069257,1.2e-06,0.01243,-0.004
612,250.72,-1.88,1.8177,0.20047,0.0068795,1.3e-06,0.012805,-0.004
613,247.14,-1.79,1.8153,0.20057,0.0068348,1.2e-06,0.013338,-0.003
614,245.63,-1.8,1.8154,0.20063,0.0068024,1.1e-06,0.014527,-0.004
615,245.1,-1.86,1.8164,0.20065,0.0067745,1.3e-06,0.01527,-0.003
616,245.23,-1.93,1.8186,0.20066,0.0067482,1.4e-06,0.014749,-0.004
617,244.25,-1.83,1.8172,0.20069,0.0067197,1.4e-06,0.0118,-0.003
618,242.6,-1.8,1.8152,0.20074,0.0066968,1.4e-06,0.010667,-0.004
619,241.96,-1.86,1.8158,0.20076,0.0066899,1.4e-06,0.011511,-0.003
620,243.31,-1.78,1.815,0.20072,0.0066997,1.4e-06,0.011808,-0.004
621,246,-1.83,1.8162,0.20064,0.0067211,1.2e-06,0.012026,-0.004
622,249.47,-1.79,1.8154,0.20052,0.0067463,1.1e-06,0.01337,-0.003
623,251.64,-1.7,1.8172,0.20046,0.0067744,8e-07,0.013886,-0.004
624,254.07,-1.88,1.819,0.20038,0.0068074,8e-07,0.013551,-0.004
625,255.58,-1.79,1.8153,0.20031,0.0068483,1e-06,0.013027,-0.004
626,258.4,-1.84,1.8118,0.2002,0.0069017,1e-06,0.013384,-0.004
627,262.75,-1.7,1.8122,0.20006,0.0069543,1.3e-06,0.011859,-0.004
628,266.01,-1.79,1.8154,0.19997,0.0069965,1.5e-06,0.012326,-0.004
629,265.88,-1.79,1.8141,0.19996,0.0070017,1.4e-06,0.01245,-0.004
630,262.75,-1.75,1.811,0.20005,0.0069876,1.3e-06,0.012605,-0.004
631,258.14,-1.75,1.8091,0.20019,0.0069665,1.2e-06,0.013015,-0.004
632,254.89,-1.82,1.8081,0.20028,0.0069489,1.1e-06,0.014153,-0.004
633,252.44,-1.89,1.8043,0.20034,0.0069381,1.2e-06,0.014932,-0.004
634,252.51,-1.82,1.8044,0.20034,0.006937,1.4e-06,0.013573,-0.004
635,253.76,-1.73,1.8047,0.2003,0.0069448,1.3e-06,0.013075,-0.004
636,254.13,-1.82,1.8022,0.20028,0.0069567,1.3e-06,0.014356,-0.004
637,256.6,-1.72,1.804,0.20021,0.0069698,1e-06,0.014515,-0.004
638,256.94,-1.83,1.8001,0.20018,0.0069864,7e-07,0.013947,-0.004
639,258.78,-1.83,1.8036,0.20013,0.0070028,9e-07,0.012935,-0.005
640,260.34,-1.83,1.8051,0.20009,0.0070091,8e-07,0.012029,-0.004
641,259.93,-1.83,1.805,0.2001,0.0070073,1.2e-06,0.011517,-0.004
642,257.73,-1.84,1.8031,0.20016,0.0070075,1.3e-06,0.012687,-0.004
643,257.29,-1.84,1.802,0.20017,0.0070152,1.2e-06,0.014593,-0.005
644,258.12,-1.82,1.8027,0.20015,0.0070219,1.4e-06,0.015146,-0.005
645,259.35,-1.81,1.8041,0.20012,0.007014,1.8e-06,0.015314,-0.005
646,258.7,-1.81,1.8066,0.20015,0.006989,1.6e-06,0.013724,-0.005
647,254.99,-1.89,1.8046,0.20026,0.0069588,1.6e-06,0.012615,-0.005
648,251.67,-1.81,1.8035,0.20036,0.0069439,1.3e-06,0.012916,-0.005
649,251.11,-1.89,1.8006,0.20037,0.0069514,1.3e-06,0.013886,-0.004
650,253.34,-1.84,1.8026,0.2003,0.0069751,1.3e-06,0.014165,-0.004
651,256.88,-1.81,1.8032,0.20019,0.007009,1.4e-06,0.014563,-0.004
652,260.66,-1.83,1.8056,0.20008,0.0070472,1.3e-06,0.015804,-0.005
653,264.56,-1.87,1.8054,0.19995,0.00709,1.3e-06,0.015788,-0.005
654,267.17,-1.83,1.8023,0.19984,0.007138,1.1e-06,0.014931,-0.004
655,269.97,-1.8,1.8039,0.19976,0.0071798,8e-07,0.015599,-0.005
656,270.73,-1.81,1.803,0.19972,0.0072053,8e-07,0.015786,-0.004
657,270.64,-1.84,1.8045,0.19973,0.007209,5e-07,0.016692,-0.005
658,268.88,-1.85,1.8061,0.1998,0.0071889,6e-07,0.016587,-0.004
659,264.84,-1.83,1.8051,0.19992,0.0071533,9e-07,0.017038,-0.005
660,260.9,-1.92,1.8092,0.20007,0.0071111,8e-07,0.017162,-0.005
661,257.48,-1.79,1.811,0.20019,0.0070742,7e-07,0.017497,-0.005
662,255.62,-1.82,1.8118,0.20026,0.0070492,8e-07,0.01766,-0.005
663,255.08,-1.86,1.8108,0.20027,0.0070361,8e-07,0.017798,-0.005
664,255.79,-1.81,1.8104,0.20025,0.0070377,9e-07,0.017554,-0.005
665,257.55,-1.78,1.8081,0.20018,0.0070521,8e-07,0.01756,-0.005
666,260.36,-1.75,1.8104,0.2001,0.0070717,8e-07,0.017322,-0.005
667,262.79,-1.87,1.8093,0.20002,0.0070871,6e-07,0.016229,-0.005
668,263.94,-1.81,1.8099,0.19998,0.0070941,9e-07,0.016862,-0.004
669,263.24,-1.88,1.8084,0.2,0.0070951,8e-07,0.016377,-0.005
670,262.55,-1.85,1.8066,0.20001,0.0070901,1e-06,0.017213,-0.005
671,261.36,-1.84,1.8061,0.20005,0.0070719,1e-06,0.015952,-0.005
672,259.32,-1.88,1.8065,0.20012,0.0070428,1.3e-06,0.015641,-0.005
673,256.3,-1.81,1.8074,0.20022,0.0070121,1.6e-06,0.015175,-0.005
674,253.7,-1.81,1.8077,0.20031,0.0069907,2e-06,0.014661,-0.004
675,252.95,-1.82,1.8077,0.20033,0.0069801,2.1e-06,0.01493,-0.005
676,253.89,-1.85,1.8084,0.20031,0.0069803,1.9e-06,0.01585,-0.005
677,256.1,-1.83,1.8128,0.20026,0.0069902,1.6e-06,0.016054,-0.005
678,257.83,-1.74,1.8132,0.2002,0.0070062,1.4e-06,0.016458,-0.005
679,260.22,-1.82,1.8153,0.20014,0.0070229,1.2e-06,0.01599,-0.005
680,261.23,-1.75,1.8144,0.2001,0.0070345,1e-06,0.015361,-0.005
681,262.37,-1.79,1.8163,0.20007,0.0070418,1.3e-06,0.015031,-0.005
682,262.05,-1.84,1.8144,0.20007,0.0070418,1.7e-06,0.015653,-0.005
683,261.78,-1.72,1.8173,0.2001,0.0070305,1.7e-06,0.017247,-0.005
684,260.25,-1.84,1.818,0.20015,0.0070143,1.8e-06,0.017565,-0.005
685,258.08,-1.88,1.8184,0.20022,0.0069967,1.7e-06,0.018668,-0.005
686,256.51,-1.78,1.8176,0.20027,0.0069841,1.7e-06,0.018586,-0.005
687,255.61,-1.82,1.8135,0.20028,0.0069808,1.7e-06,0.017688,-0.005
688,255.55,-1.86,1.8107,0.20027,0.006986,1.4e-06,0.016546,-0.005
689,257.28,-1.8,1.8126,0.20022,0.0069922,1.3e-06,0.015895,-0.005
690,258.32,-1.73,1.8128,0.20019,0.0069892,1.3e-06,0.016126,-0.005
691,257.77,-1.76,1.8135,0.20021,0.0069725,1.3e-06,0.015866,-0.005
692,256.45,-1.89,1.8167,0.20027,0.0069433,1.1e-06,0.016334,-0.005
693,253.33,-1.82,1.8142,0.20037,0.0069064,9e-07,0.017748,-0.005
694,250.01,-1.8,1.8138,0.20047,0.0068713,7e-07,0.017923,-0.006
695,248.02,-1.84,1.8141,0.20054,0.0068434,1.2e-06,0.017979,-0.005
696,246.87,-1.9,1.8116,0.20057,0.0068245,1.5e-06,0.017646,-0.006
697,247.22,-1.81,1.8103,0.20055,0.0068167,1.5e-06,0.016881,-0.005
698,248.31,-1.8,1.8108,0.20052,0.0068207,1.6e-06,0.017233,-0.005
699,249.74,-1.89,1.8085,0.20047,0.0068329,1.5e-06,0.016998,-0.005
700,251.38,-1.73,1.8083,0.20041,0.0068471,1.3e-06,0.01584,-0.005
701,252.89,-1.84,1.8058,0.20035,0.0068577,1.1e-06,0.015844,-0.005
702,254.11,-1.8,1.8069,0.20032,0.0068619,1.1e-06,0.016166,-0.006
703,254.06,-1.81,1.8106,0.20034,0.0068603,9e-07,0.01657,-0.005
704,253,-1.89,1.8098,0.20037,0.0068597,1.1e-06,0.016447,-0.006
705,252.32,-1.83,1.8107,0.20039,0.0068701,1.4e-06,0.017177,-0.005
706,252.89,-1.85,1.8095,0.20036,0.0068981,1.3e-06,0.016584,-0.005
707,256.5,-1.94,1.8119,0.20025,0.006939,1.1e-06,0.016525,-0.006
708,260.86,-1.75,1.8122,0.20011,0.0069868,1e-06,0.015951,-0.005
709,264.74,-1.99,1.8131,0.19998,0.0070349,8e-07,0.016099,-0.006
710,267.5,-1.87,1.8149,0.1999,0.0070654,8e-07,0.016131,-0.006
711,267.4,-1.78,1.8147,0.1999,0.0070831,1.2e-06,0.014738,-0.005
712,265.66,-1.81,1.8129,0.19994,0.0070975,1.4e-06,0.013461,-0.005
713,264.47,-1.83,1.8077,0.19995,0.0071149,1.1e-06,0.013525,-0.005
714,264.65,-1.87,1.8041,0.19993,0.0071389,8e-07,0.014154,-0.005
715,265.65,-1.83,1.8026,0.19988,0.0071738,7e-07,0.014134,-0.005
716,268.43,-1.78,1.8041,0.1998,0.0072043,5e-07,0.014517,-0.006
717,270.23,-1.87,1.8054,0.19975,0.0072132,8e-07,0.015773,-0.005
718,269.18,-1.77,1.8046,0.19978,0.0071939,8e-07,0.016512,-0.006
719,265.83,-1.83,1.8088,0.19991,0.0071574,9e-07,0.016418,-0.006
720,261.34,-1.84,1.8091,0.20005,0.0071235,9e-07,0.016296,-0.006
721,258.66,-1.91,1.8103,0.20015,0.0071006,9e-07,0.015377,-0.006
722,257.64,-1.73,1.8107,0.20018,0.0070915,1.1e-06,0.014823,-0.006
723,259.11,-1.82,1.8144,0.20015,0.0070915,1.1e-06,0.014384,-0.006
724,261.24,-1.73,1.8174,0.2001,0.0070945,1.2e-06,0.014759,-0.006
725,261.99,-1.87,1.8158,0.20007,0.0071033,1.5e-06,0.015325,-0.006
726,262.43,-1.81,1.8124,0.20004,0.0071238,1.8e-06,0.015709,-0.005
727,264.82,-1.78,1.8111,0.19995,0.007151,1.3e-06,0.016264,-0.006
728,267.1,-1.85,1.8121,0.19988,0.0071626,1.3e-06,0.016623,-0.006
729,267.23,-1.77,1.8095,0.19987,0.0071444,1.5e-06,0.016317,-0.006
730,264.07,-1.81,1.8115,0.19998,0.007106,1.8e-06,0.015913,-0.006
731,258.14,-1.79,1.8089,0.20016,0.007057,2.1e-06,0.015611,-0.005
732,253.56,-1.73,1.8062,0.2003,0.0070236,2e-06,0.016045,-0.006
733,252.02,-1.85,1.8033,0.20034,0.0070088,1.8e-06,0.016437,-0.005
734,252.26,-1.87,1.8005,0.20032,0.0069999,1.5e-06,0.016095,-0.005
735,253.82,-1.75,1.8005,0.20027,0.0069886,1.5e-06,0.016377,-0.006
736,253.79,-1.82,1.7985,0.20027,0.0069753,1.6e-06,0.016373,-0.005
737,253.3,-1.79,1.7999,0.20029,0.0069659,1.5e-06,0.016298,-0.005
738,253.38,-1.83,1.8023,0.2003,0.0069668,1.4e-06,0.016,-0.006
739,253.82,-1.7,1.8009,0.20028,0.0069789,1.2e-06,0.016088,-0.005
740,255.51,-1.69,1.7995,0.20022,0.0069954,9e-07,0.015973,-0.006
741,257.8,-1.76,1.8017,0.20015,0.0070111,1.2e-06,0.01631,-0.005
742,258.79,-1.74,1.7998,0.20011,0.0070251,1.5e-06,0.01626,-0.005
743,259.91,-1.74,1.8017,0.20008,0.0070352,1.4e-06,0.015157,-0.005
744,260.48,-1.83,1.8021,0.20007,0.0070386,1.3e-06,0.014942,-0.006
745,260.46,-1.73,1.805,0.20008,0.0070341,1.3e-06,0.015192,-0.005
746,259.5,-1.78,1.8078,0.20012,0.0070208,1.2e-06,0.015309,-0.006
747,257.12,-1.8,1.8074,0.2002,0.0070023,1e-06,0.015007,-0.005
748,254.96,-1.74,1.8034,0.20025,0.0069911,1e-06,0.013422,-0.006
749,254.71,-1.81,1.8032,0.20026,0.0069896,1e-06,0.013467,-0.006
750,254.95,-1.87,1.8029,0.20025,0.0069917,9e-07,0.013107,-0.006
751,256.11,-1.86,1.8032,0.20022,0.0069883,1.1e-06,0.014024,-0.006
752,256.27,-1.85,1.8038,0.20022,0.0069768,8e-07,0.013989,-0.005
753,254.83,-1.81,1.8019,0.20025,0.0069641,8e-07,0.014547,-0.006
754,253.8,-1.79,1.8035,0.20029,0.006961,1.1e-06,0.014254,-0.005
755,253.75,-1.82,1.8004,0.20028,0.0069719,1e-06,0.014743,-0.005
756,255.28,-1.78,1.7999,0.20023,0.0069922,7e-07,0.014909,-0.006
757,257.99,-1.79,1.7978,0.20013,0.0070173,8e-07,0.016071,-0.005
758,259.99,-1.67,1.7987,0.20007,0.0070393,1.1e-06,0.015725,-0.006
759,260.88,-1.77,1.7965,0.20003,0.0070532,1.4e-06,0.01603,-0.005
760,261.34,-1.76,1.7984,0.20002,0.0070568,1.4e-06,0.016144,-0.006
761,260.48,-1.86,1.7991,0.20005,0.0070549,1.2e-06,0.015958,-0.005
762,259.27,-1.85,1.8003,0.20009,0.0070479,1.5e-06,0.016239,-0.006
763,258.82,-1.77,1.8049,0.20013,0.0070339,1.2e-06,0.016282,-0.006
764,257.62,-1.82,1.8071,0.20018,0.0070154,9e-07,0.015852,-0.005
765,256.26,-1.83,1.8086,0.20023,0.0070001,9e-07,0.016457,-0.005
766,255.11,-1.78,1.8087,0.20027,0.0069926,1e-06,0.016366,-0.006
767,255.26,-1.8,1.8092,0.20027,0.006993,1e-06,0.015887,-0.005
768,256.88,-1.89,1.8112,0.20022,0.007,1.1e-06,0.016156,-0.005
769,258.07,-1.88,1.8117,0.20019,0.0070143,1.3e-06,0.015343,-0.005
770,259.59,-1.77,1.8123,0.20014,0.0070324,1.3e-06,0.015292,-0.005
771,261.18,-1.76,1.8102,0.20008,0.007052,1.2e-06,0.01567,-0.005
772,262.3,-1.75,1.8084,0.20003,0.0070702,1.4e-06,0.01551,-0.005
773,262.6,-1.76,1.8031,0.2,0.0070865,2.1e-06,0.015547,-0.005
774,262.78,-1.76,1.802,0.19998,0.0071022,2.1e-06,0.016318,-0.005
775,263.03,-1.95,1.8008,0.19997,0.0071177,2e-06,0.016254,-0.005
776,263.78,-1.87,1.8009,0.19994,0.0071266,1.9e-06,0.016408,-0.005
777,263.81,-1.78,1.8016,0.19994,0.007125,2e-06,0.016424,-0.005
778,262.14,-1.82,1.7997,0.19999,0.0071153,1.5e-06,0.016582,-0.005
779,260.59,-1.75,1.8007,0.20004,0.0071036,1.5e-06,0.016613,-0.005
780,258.69,-1.83,1.7978,0.20009,0.0070936,1.6e-06,0.016476,-0.005
781,258.01,-1.86,1.7947,0.2001,0.0070909,1.5e-06,0.016325,-0.005
782,258.54,-1.78,1.7967,0.20009,0.0071002,1.3e-06,0.016363,-0.005
783,260.33,-1.81,1.7998,0.20004,0.0071172,1.4e-06,0.016225,-0.005
784,262.38,-1.76,1.7998,0.19998,0.0071314,1.5e-06,0.01658,-0.005
785,263.22,-1.79,1.7991,0.19995,0.0071344,1.7e-06,0.016026,-0.005
786,263.22,-1.81,1.8005,0.19996,0.007127,1.7e-06,0.015546,-0.005
787,261.91,-1.82,1.8025,0.20001,0.0071211,1.4e-06,0.016004,-0.005
788,260.71,-1.9,1.8013,0.20004,0.0071257,1.3e-06,0.015887,-0.005
789,261.8,-1.88,1.8015,0.2,0.0071416,1.2e-06,0.016199,-0.005
790,263.58,-1.84,1.804,0.19995,0.0071583,1.2e-06,0.016381,-0.006
791,265.59,-1.77,1.8053,0.1999,0.0071677,8e-07,0.016003,-0.005
792,265.29,-1.83,1.8026,0.19989,0.007164,4e-07,0.015465,-0.005
793,264.6,-1.8,1.8037,0.19992,0.0071504,2e-07,0.016351,-0.005
794,262.43,-1.73,1.8049,0.2,0.0071298,6e-07,0.017148,-0.005
795,260.41,-1.8,1.8054,0.20007,0.0071006,7e-07,0.016856,-0.005
796,258.08,-1.86,1.8079,0.20016,0.0070668,9e-07,0.015977,-0.005
797,255.06,-1.77,1.8058,0.20025,0.0070377,9e-07,0.016048,-0.005
798,253.83,-1.81,1.8053,0.20029,0.0070242,1.1e-06,0.016191,-0.005
799,254.59,-1.83,1.808,0.20028,0.0070254,1.2e-06,0.015922,-0.005
800,256.72,-1.8,1.8098,0.20022,0.0070369,1.1e-06,0.016613,-0.004
801,259.54,-1.89,1.8105,0.20013,0.0070494,8e-07,0.017789,-0.005
802,261.81,-1.86,1.8141,0.20007,0.0070534,1e-06,0.01854,-0.005
803,261.53,-1.84,1.8116,0.20007,0.0070475,1.3e-06,0.018302,-0.005
804,258.91,-1.8,1.8078,0.20014,0.0070329,1.2e-06,0.017517,-0.005
805,257.74,-1.74,1.8118,0.2002,0.0070072,1.4e-06,0.017447,-0.005
806,255.76,-1.68,1.8117,0.20027,0.0069723,1.3e-06,0.017092,-0.005
807,253.1,-1.69,1.8131,0.20036,0.0069316,1.1e-06,0.017545,-0.005
808,249.6,-1.82,1.8127,0.20047,0.0069046,1.2e-06,0.01763,-0.004
809,248.65,-1.82,1.8086,0.20048,0.006905,1.3e-06,0.018181,-0.004
810,250.49,-1.86,1.8055,0.20041,0.0069322,1.5e-06,0.018334,-0.005
811,255.27,-1.81,1.8078,0.20026,0.0069707,1.9e-06,0.017941,-0.005
812,260.44,-1.79,1.8093,0.2001,0.0070139,1.9e-06,0.017884,-0.005
813,263.84,-1.75,1.8097,0.19999,0.0070562,1.3e-06,0.017757,-0.005
814,266.49,-1.85,1.8128,0.19992,0.0070867,1.2e-06,0.017515,-0.004
815,267.33,-1.74,1.8121,0.19989,0.0071079,1.6e-06,0.018263,-0.005
816,267.15,-1.87,1.8139,0.1999,0.0071187,1.7e-06,0.018324,-0.005
817,266.24,-1.91,1.8147,0.19993,0.0071224,1.8e-06,0.018006,-0.004
818,264.93,-1.78,1.8148,0.19997,0.007125,1.5e-06,0.016667,-0.005
819,264.65,-1.8,1.8144,0.19997,0.0071362,1.4e-06,0.017201,-0.004
820,265.11,-1.85,1.8136,0.19995,0.0071569,1.3e-06,0.017973,-0.004
821,266.35,-1.86,1.8124,0.1999,0.0071816,1.5e-06,0.016969,-0.004
822,267.81,-1.78,1.8088,0.19984,0.0071994,1.4e-06,0.016993,-0.004
823,269.09,-1.75,1.8085,0.1998,0.0072082,1.3e-06,0.016876,-0.005
824,269.05,-1.87,1.811,0.19981,0.0072082,1.1e-06,0.017478,-0.005
825,266.75,-1.83,1.806,0.19986,0.007194,8e-07,0.017421,-0.004
826,264.26,-1.92,1.8073,0.19995,0.0071637,1.1e-06,0.016647,-0.004
827,260.69,-1.85,1.8079,0.20007,0.0071192,1.4e-06,0.015728,-0.004
828,256.23,-1.8,1.8095,0.20022,0.0070659,1.3e-06,0.0157,-0.005
829,251.62,-1.8,1.8079,0.20037,0.0070126,1.4e-06,0.016019,-0.004
830,249.39,-1.79,1.806,0.20044,0.0069725,1.4e-06,0.016061,-0.004
831,248.85,-1.82,1.8034,0.20044,0.0069628,1.4e-06,0.016517,-0.004
832,250.94,-1.82,1.8041,0.20038,0.0069715,1.3e-06,0.015548,-0.004
833,254.57,-1.82,1.8051,0.20027,0.0069837,1.2e-06,0.015848,-0.004
834,256.77,-1.9,1.8025,0.20019,0.006988,7e-07,0.01522,-0.004
835,257.47,-1.72,1.8051,0.20018,0.0069868,5e-07,0.014699,-0.004
836,256.2,-1.78,1.8033,0.20021,0.0069867,6e-07,0.014684,-0.004
837,255.16,-1.82,1.7971,0.20022,0.0069942,1.1e-06,0.016109,-0.004
838,255.84,-1.87,1.7954,0.20019,0.0070087,1.4e-06,0.014546,-0.003
839,257.23,-1.74,1.7951,0.20014,0.0070292,1e-06,0.015725,-0.004
840,259.58,-1.83,1.7969,0.20007,0.007049,1e-06,0.015681,-0.004
841,261.41,-1.94,1.8004,0.20002,0.0070655,1e-06,0.015871,-0.004
842,261.67,-1.73,1.7988,0.20001,0.0070773,1e-06,0.015419,-0.004
843,262.25,-1.85,1.8024,0.2,0.0070835,1e-06,0.015043,-0.004
844,262.61,-1.81,1.8059,0.20001,0.0070803,9e-07,0.015488,-0.004
845,261.93,-1.82,1.8094,0.20005,0.0070672,1.2e-06,0.015575,-0.004
846,260.43,-1.89,1.8144,0.20012,0.0070465,1.1e-06,0.01572,-0.004
847,258.25,-1.89,1.8173,0.2002,0.0070296,9e-07,0.016079,-0.003
848,256.96,-1.86,1.8163,0.20024,0.0070275,7e-07,0.016099,-0.004
849,258.29,-1.77,1.8194,0.20021,0.007038,7e-07,0.015135,-0.003
850,260.43,-1.92,1.8174,0.20013,0.0070458,8e-07,0.015349,-0.004
851,261.5,-1.9,1.815,0.20009,0.0070384,9e-07,0.015659,-0.004
852,260.38,-1.79,1.8171,0.20014,0.0070188,1e-06,0.012391,-0.004
853,257.32,-1.87,1.8133,0.20022,0.0070006,7e-07,0.011324,-0.004
854,255.71,-1.86,1.8128,0.20027,0.0069967,6e-07,0.010975,-0.004
855,256.03,-1.94,1.8111,0.20025,0.0070075,8e-07,0.012026,-0.004
856,257.6,-1.87,1.8085,0.20019,0.007027,7e-07,0.011822,-0.003
857,260.03,-1.87,1.807,0.2001,0.0070537,5e-07,0.012895,-0.004
858,262.56,-1.88,1.8059,0.20001,0.0070816,8e-07,0.01159,-0.004
859,264.23,-1.72,1.8043,0.19995,0.0071021,1e-06,0.010258,-0.003
860,265.42,-1.86,1.8071,0.19993,0.0071008,1.2e-06,0.008845,-0.003
861,263.91,-1.87,1.8095,0.19999,0.0070745,1.3e-06,0.008127,-0.003
862,259.7,-1.89,1.8123,0.20014,0.0070321,1.5e-06,0.00897,-0.003
863,254.4,-1.86,1.8104,0.2003,0.0069861,1.7e-06,0.008785,-0.003
864,250.53,-1.79,1.8066,0.20041,0.006958,1.6e-06,0.008506,-0.003
865,250.71,-1.73,1.807,0.20041,0.0069512,1.4e-06,0.008155,-0.003
866,251.48,-1.84,1.8037,0.20037,0.0069608,1.5e-06,0.006659,-0.004
867,254.12,-1.8,1.8023,0.20028,0.0069776,1.3e-06,0.004909,-0.003
868,256.56,-1.79,1.8014,0.2002,0.0069899,1e-06,0.003993,-0.003
869,257.53,-1.88,1.8,0.20016,0.0069934,9e-07,0.005436,-0.003
870,257.26,-1.85,1.7985,0.20016,0.0069886,8e-07,0.004942,-0.003
871,256.02,-1.81,1.7993,0.20021,0.0069749,9e-07,0.004386,-0.003
872,254.13,-1.92,1.7964,0.20025,0.0069632,8e-07,0.003959,-0.004
873,252.62,-1.88,1.7955,0.2003,0.0069605,7e-07,0.004049,-0.004
874,253.15,-1.92,1.7989,0.20029,0.0069675,7e-07,0.004923,-0.003
875,254.38,-1.8,1.7975,0.20025,0.0069773,6e-07,0.006691,-0.003
876,256.63,-1.77,1.8012,0.20019,0.0069806,6e-07,0.006326,-0.003
877,257.21,-1.79,1.803,0.20019,0.0069741,6e-07,0.005864,-0.002
878,255.87,-1.87,1.8044,0.20024,0.0069621,9e-07,0.006206,-0.003
879,254.39,-1.76,1.8039,0.20028,0.0069536,1.1e-06,0.005118,-0.003
880,254.52,-1.84,1.8076,0.20029,0.0069518,1.1e-06,0.003163,-0.003
881,254.51,-1.85,1.8056,0.20028,0.0069517,1.2e-06,0.003366,-0.003
882,255.17,-1.82,1.8072,0.20027,0.0069478,1.4e-06,0.004689,-0.003
883,255.45,-1.9,1.8107,0.20028,0.0069383,1e-06,0.004657,-0.003
884,254.04,-1.86,1.807,0.20031,0.0069309,9e-07,0.005321,-0.003
885,253.39,-1.86,1.806,0.20033,0.006932,1.1e-06,0.009342,-0.003
886,253.93,-1.8,1.8065,0.20031,0.0069403,1.3e-06,0.010177,-0.003
887,255.11,-1.82,1.8069,0.20027,0.0069506,1.4e-06,0.010908,-0.003
888,257.1,-1.8,1.8108,0.20023,0.0069548,1.7e-06,0.010425,-0.003
889,257.89,-1.9,1.814,0.20022,0.0069476,1.6e-06,0.009565,-0.002
890,256.01,-1.82,1.8121,0.20027,0.0069339,1.7e-06,0.008136,-0.003
891,255.01,-1.84,1.8164,0.20032,0.0069193,1.7e-06,0.006049,-0.003
892,253.84,-1.8,1.8179,0.20037,0.0069122,1.7e-06,0.008263,-0.003
893,253.28,-1.69,1.8163,0.20038,0.0069171,1.5e-06,0.008588,-0.002
894,254.55,-1.77,1.8144,0.20033,0.006938,1.3e-06,0.006686,-0.002
895,257.17,-1.9,1.8134,0.20023,0.0069732,1.1e-06,0.007882,-0.003
896,260.69,-1.83,1.8111,0.20011,0.0070154,1.3e-06,0.006448,-0.002
897,264.66,-1.8,1.8146,0.2,0.0070408,1.4e-06,0.00579,-0.003
898,265.05,-1.83,1.8143,0.19999,0.0070284,1.5e-06,0.006502,-0.003
899,261.48,-1.81,1.8144,0.2001,0.0069925,1.8e-06,0.005032,-0.003
900,255.98,-1.78,1.8136,0.20028,0.0069528,1.8e-06,0.00495,-0.003
901,251.9,-1.81,1.8125,0.2004,0.0069257,1.4e-06,0.005834,-0.003
902,250.15,-1.93,1.8118,0.20045,0.0069184,1.2e-06,0.004025,-0.003
903,251.97,-1.77,1.8127,0.2004,0.0069298,1.1e-06,0.003095,-0.002
904,255.04,-1.91,1.814,0.2003,0.0069588,1.1e-06,0.00227,-0.002
905,258.01,-1.79,1.8104,0.20019,0.0070005,1.2e-06,0.002524,-0.002
906,263.34,-1.69,1.8099,0.20001,0.0070616,1.5e-06,0.003642,-0.001
907,268.57,-1.85,1.8086,0.19983,0.0071239,1.5e-06,0.002105,-0.002
908,271.59,-1.87,1.8067,0.19972,0.0071758,1.1e-06,0.003933,-0.002
909,272.93,-1.78,1.8071,0.19968,0.007201,1.3e-06,0.001332,-0.002
910,272.24,-1.84,1.8098,0.19971,0.0072051,1.1e-06,0.001288,-0.002
911,269.95,-1.89,1.8116,0.19979,0.0071952,7e-07,-0.000303,-0.002
912,266.69,-1.81,1.8097,0.19989,0.0071727,7e-07,0.003733,-0.002
913,263.68,-1.87,1.8098,0.19999,0.0071371,1.1e-06,0.001757,-0.002
914,259.13,-1.78,1.8072,0.20012,0.0071004,1.2e-06,0.002325,-0.002
915,256.34,-1.77,1.8076,0.20021,0.0070688,1.3e-06,0.004082,-0.002
916,254.78,-1.82,1.8085,0.20027,0.007043,1.2e-06,0.003905,-0.002
917,254.54,-1.78,1.8094,0.20029,0.0070198,1.1e-06,0.002872,-0.002
918,254.83,-1.82,1.8129,0.2003,0.0070017,8e-07,0.003205,-0.002
919,254.93,-1.84,1.814,0.2003,0.0069996,9e-07,0.002073,-0.001
920,256.07,-1.74,1.8127,0.20026,0.0070163,1e-06,0.001914,-0.002
921,259,-1.82,1.813,0.20016,0.0070404,1.1e-06,0.001104,-0.001
922,262.4,-1.84,1.8155,0.20007,0.0070583,1e-06,0.002537,-0.002
923,263.44,-1.85,1.8138,0.20002,0.007068,1.2e-06,0.002859,-0.002
924,263.76,-1.88,1.8175,0.20003,0.0070725,1.5e-06,0.003685,-0.002
925,263.32,-1.86,1.8199,0.20005,0.0070765,1.1e-06,0.003499,-0.001
926,263.01,-1.84,1.8186,0.20006,0.0070834,1.2e-06,0.001636,-0.001
927,263.81,-1.8,1.8206,0.20004,0.0070921,1.1e-06,0.003518,-0.002
928,264.4,-1.82,1.8204,0.20002,0.0070975,8e-07,0.002371,-0.002
929,264.36,-1.94,1.8196,0.20002,0.0070979,7e-07,0.003092,-0.001
930,263.4,-1.79,1.8177,0.20004,0.0070919,9e-07,0.00437,-0.002
931,262.1,-1.75,1.8141,0.20006,0.0070848,8e-07,0.004734,-0.002
932,261.51,-1.85,1.8145,0.20009,0.0070717,1e-06,0.004767,-0.002
933,260.5,-1.7,1.8183,0.20014,0.0070445,1.1e-06,0.006134,-0.002
934,258.01,-1.76,1.819,0.20022,0.007008,1e-06,0.004778,-0.002
935,254.8,-1.88,1.8208,0.20034,0.0069608,9e-07,0.004419,-0.001
936,251.2,-1.78,1.8223,0.20047,0.0069127,6e-07,0.004516,-0.002
937,247.45,-1.88,1.8188,0.20057,0.0068646,6e-07,0.005051,-0.002
938,245.71,-1.77,1.8161,0.20062,0.0068337,8e-07,0.00453,-0.001
939,246.31,-1.8,1.8174,0.20061,0.0068204,9e-07,0.004957,-0.001
940,247.72,-1.84,1.8188,0.20058,0.0068076,1e-06,0.004817,-0.002
941,249.04,-1.82,1.8225,0.20056,0.0067867,1.1e-06,0.004704,-0.002
942,248.12,-1.88,1.8219,0.20059,0.006766,1.1e-06,0.00647,-0.001
943,246.01,-1.69,1.8158,0.20063,0.0067647,9e-07,0.005118,-0.002
944,246.93,-1.85,1.8134,0.20058,0.0067918,1e-06,0.004985,-0.002
945,251.17,-1.76,1.8116,0.20044,0.0068383,1.2e-06,0.004639,-0.001
946,257.08,-1.8,1.8111,0.20024,0.0068941,1.3e-06,0.004385,-0.002
947,261.17,-1.83,1.8111,0.20011,0.0069416,1.3e-06,0.006329,-0.001
948,262.99,-1.74,1.8116,0.20005,0.0069711,1e-06,0.008371,-0.002
949,263.16,-1.93,1.8115,0.20004,0.0069903,1.1e-06,0.011552,-0.001
950,262.59,-1.81,1.8121,0.20005,0.0070059,1.5e-06,0.009976,-0.001
951,262.14,-1.76,1.812,0.20006,0.0070239,1.4e-06,0.007701,-0.001
952,262.2,-1.83,1.8112,0.20005,0.007044,1.5e-06,0.006453,-0.001
953,263.42,-1.8,1.8133,0.20002,0.0070622,1.2e-06,0.007502,-0.002
954,263.84,-1.8,1.8114,0.2,0.007075,1.5e-06,0.010873,-0.001
955,263.84,-1.87,1.8118,0.2,0.0070781,1.5e-06,0.01315,-0.001
956,263.46,-1.96,1.8142,0.20002,0.0070665,1.6e-06,0.013298,-0.001
957,261.8,-1.83,1.8178,0.2001,0.0070379,1.8e-06,0.013366,-0.002
958,258.72,-1.84,1.8202,0.20021,0.0069988,2.1e-06,0.012848,-0.001
959,254.49,-1.8,1.8209,0.20035,0.0069571,1.9e-06,0.010313,-0.001
960,251.49,-1.85,1.818,0.20043,0.006934,1.9e-06,0.011975,-0.002
961,251.35,-1.81,1.8182,0.20044,0.0069329,1.7e-06,0.013632,-0.001
962,254.01,-1.83,1.8198,0.20036,0.0069504,1.9e-06,0.013515,-0.001
963,257.97,-1.81,1.8221,0.20024,0.0069788,1.9e-06,0.012755,-0.002
964,261.46,-1.81,1.823,0.20014,0.007009,1.9e-06,0.013822,-0.001
965,264.29,-1.76,1.8243,0.20005,0.007038,1.6e-06,0.012576,-0.001
966,265.81,-1.79,1.8238,0.2,0.0070598,1.3e-06,0.011699,-0.002
967,265.99,-1.88,1.824,0.19999,0.0070745,1.1e-06,0.013845,-0.001
968,265.93,-1.78,1.8248,0.19999,0.0070807,1.1e-06,0.015092,-0.001
969,264.95,-1.84,1.8225,0.20001,0.007083,1.3e-06,0.014131,-0.002
970,264.08,-1.81,1.8208,0.20003,0.0070898,1.4e-06,0.013184,-0.001
971,263,-1.83,1.8149,0.20003,0.0071104,1.6e-06,0.011142,-0.001
972,264.63,-1.75,1.8134,0.19997,0.0071376,1.7e-06,0.010076,-0.001
973,266.95,-1.8,1.8127,0.19989,0.0071541,1.7e-06,0.008949,-0.001
974,268.11,-1.77,1.8154,0.19987,0.007146,1.9e-06,0.010676,-0.001
975,265.7,-1.81,1.8144,0.19995,0.0071151,1.7e-06,0.010952,-0.001
976,260.99,-1.8,1.8123,0.20009,0.0070753,1.8e-06,0.008029,-0.001
977,255.7,-1.79,1.8079,0.20024,0.0070412,1.8e-06,0.00819,-0.001
978,253.52,-1.77,1.8046,0.2003,0.0070219,1.6e-06,0.007967,-0.001
979,254.3,-1.91,1.8077,0.20029,0.0070069,1.1e-06,0.009003,-0.001
980,254.51,-1.76,1.8074,0.20028,0.0069899,8e-07,0.008873,-0.001
981,254.27,-1.83,1.8085,0.2003,0.0069721,1e-06,0.008243,-0.001
982,253.45,-1.84,1.807,0.20032,0.006959,7e-07,0.007441,-0.001
983,252.83,-1.78,1.8058,0.20034,0.0069529,8e-07,0.007207,-0.001
984,252.63,-1.79,1.8019,0.20033,0.0069506,1.1e-06,0.008297,-0.001
985,253.66,-1.84,1.8005,0.20029,0.0069455,9e-07,0.00846,-0
986,253.97,-1.76,1.8013,0.20028,0.0069382,7e-07,0.008545,-0.001
987,252.96,-1.88,1.8012,0.20032,0.006932,1.2e-06,0.008349,-0.001
988,252.9,-1.84,1.8028,0.20033,0.0069271,1.4e-06,0.007556,-0.001
989,252.5,-1.88,1.7993,0.20032,0.0069253,1.1e-06,0.006733,-0.001
990,252.17,-1.79,1.7956,0.20032,0.0069328,1.1e-06,0.006618,-0.001
991,253.88,-1.88,1.7972,0.20027,0.0069518,1.2e-06,0.007016,-0
992,256.18,-1.82,1.799,0.2002,0.0069766,1.3e-06,0.007895,-0
993,258.7,-1.92,1.8005,0.20012,0.007,1.2e-06,0.008526,-0.001
994,260.18,-1.9,1.8011,0.20008,0.0070217,1e-06,0.008489,-0.001
995,260.74,-1.81,1.7994,0.20004,0.0070495,1e-06,0.007801,-0.001
996,261.96,-1.86,1.799,0.2,0.0070797,8e-07,0.005872,-0.001
997,264.15,-1.89,1.8012,0.19994,0.0071048,9e-07,0.005342,-0.001
998,265.63,-1.91,1.8026,0.1999,0.0071131,8e-07,0.00646,-0.001
999,265.27,-1.83,1.8077,0.19993,0.0071058,7e-07,0.004672,-0.001
1000,262.8,-1.72,1.8094,0.20002,0.0070942,1.1e-06,0.005645,-0.001
1001,260.02,-1.81,1.8069,0.20009,0.0070943,1.1e-06,0.007756,-0.001
1002,259.86,-1.82,1.8027,0.20007,0.0071112,1.4e-06,0.00792,-0.001
1003,262.48,-1.88,1.8033,0.19999,0.007133,1.6e-06,0.00675,-0.001
1004,265.13,-1.86,1.8062,0.19992,0.0071421,1.6e-06,0.008406,-0.001
1005,266.18,-1.79,1.8127,0.19992,0.0071289,1.8e-06,0.009942,-0.001
1006,264.47,-1.83,1.8161,0.19999,0.0070984,1.8e-06,0.008749,-0.001
1007,260.81,-1.82,1.818,0.20012,0.0070586,1.7e-06,0.008165,-0.001
1008,256.45,-1.78,1.8172,0.20026,0.007024,1.6e-06,0.008548,-0.001
1009,254.07,-1.88,1.8145,0.20032,0.0070045,1.5e-06,0.009063,-0.001
1010,254.56,-1.8,1.8162,0.20032,0.0070021,1.5e-06,0.009576,-0.001
1011,256.4,-1.79,1.8149,0.20025,0.0070096,1.3e-06,0.008933,-0
1012,258.47,-1.8,1.8164,0.2002,0.007019,1.1e-06,0.007847,-0.001
1013,260.2,-1.86,1.8164,0.20014,0.0070231,1e-06,0.008908,-0
1014,260.4,-1.9,1.816,0.20013,0.0070162,1e-06,0.009725,-0
1015,259.41,-1.82,1.8161,0.20017,0.0069918,1.2e-06,0.010617,-0
1016,256.67,-1.86,1.8161,0.20026,0.0069561,1.3e-06,0.01023,-0
1017,252.29,-1.86,1.812,0.20038,0.0069251,1.6e-06,0.011555,-0.001
1018,250.36,-1.76,1.8107,0.20044,0.0069156,1e-06,0.011914,-0.001
1019,250.67,-1.74,1.8071,0.20041,0.0069343,8e-07,0.01046,-0
1020,253.69,-1.76,1.8038,0.2003,0.0069726,1.1e-06,0.011302,-0.001
1021,259.7,-1.82,1.8028,0.2001,0.0070204,1.4e-06,0.009866,-0.001
1022,264.89,-1.83,1.8073,0.19995,0.0070588,1.8e-06,0.008777,-0.001
1023,265.78,-1.74,1.806,0.19992,0.0070571,1.5e-06,0.009585,-0
1024,262.63,-1.89,1.8068,0.20002,0.0070402,1.4e-06,0.010206,-0.001
1025,258.68,-1.81,1.8047,0.20014,0.007029,1.2e-06,0.009009,-0.001
1026,256.92,-1.83,1.8057,0.20019,0.007031,9e-07,0.008918,-0.001
1027,257.73,-1.8,1.8065,0.20017,0.0070347,1.2e-06,0.009659,-0.001
1028,258.89,-1.75,1.8059,0.20013,0.0070293,1.5e-06,0.009806,-0.001
1029,258.58,-1.83,1.8068,0.20015,0.0070175,1.5e-06,0.008118,-0
1030,256.99,-1.89,1.8056,0.2002,0.007007,1.6e-06,0.01026,-0
1031,256.17,-1.79,1.8099,0.20024,0.0069939,2e-06,0.011511,-0.001
1032,256.5,-1.79,1.8141,0.20025,0.0069674,2e-06,0.012639,-0.001
1033,254.54,-1.93,1.8155,0.20033,0.0069302,1.8e-06,0.01198,-0.001
1034,251.69,-1.76,1.8177,0.20043,0.0068934,1.5e-06,0.012573,-0
1035,248.45,-1.82,1.8141,0.20052,0.0068744,1.5e-06,0.013983,-0
1036,248.17,-1.87,1.8111,0.20051,0.0068772,1.3e-06,0.014685,-0.001
1037,251.35,-1.85,1.8149,0.20043,0.0068944,1.3e-06,0.014985,-0
1038,254.9,-1.74,1.8181,0.20033,0.0069073,1.5e-06,0.014563,-0.001
1039,256.64,-1.76,1.8178,0.20028,0.006908,1.6e-06,0.014163,-0
1040,256.13,-1.64,1.8194,0.2003,0.0069077,1.5e-06,0.013943,-0
1041,255.33,-1.82,1.8167,0.20031,0.0069244,1.3e-06,0.013792,-0.001
1042,255.6,-1.9,1.8096,0.20026,0.0069581,1.2e-06,0.013479,-0.001
1043,259.61,-1.87,1.8104,0.20014,0.0070002,1e-06,0.013474,-0
1044,262.94,-1.79,1.8066,0.20001,0.0070462,1.2e-06,0.013008,-0.001
1045,266.44,-1.86,1.81,0.19991,0.0070909,1.1e-06,0.012997,-0.001
1046,268.2,-1.83,1.8097,0.19985,0.0071206,9e-07,0.012844,-0
1047,268.31,-1.87,1.808,0.19983,0.0071371,1e-06,0.013109,-0
1048,267.29,-1.75,1.8086,0.19986,0.0071414,8e-07,0.014334,-0.001
1049,266.73,-1.85,1.8147,0.19991,0.0071338,6e-07,0.014573,-0.001
1050,264.23,-1.88,1.8132,0.19998,0.0071219,8e-07,0.014341,-0
1051,262,-1.86,1.8115,0.20005,0.0071169,9e-07,0.013416,-0
1052,261.69,-1.78,1.813,0.20006,0.0071217,8e-07,0.011638,-0
1053,262.86,-1.82,1.8107,0.20001,0.0071305,8e-07,0.011276,-0.001
1054,264.1,-1.77,1.8137,0.19999,0.0071306,9e-07,0.010268,-0
1055,264.56,-1.72,1.8143,0.19998,0.0071185,1.2e-06,0.010117,-0.001
1056,262.62,-1.86,1.8125,0.20003,0.0071013,1.4e-06,0.010093,-0.001
1057,260.22,-1.84,1.8127,0.20011,0.0070839,1.3e-06,0.011588,-0
1058,258.46,-1.83,1.8103,0.20016,0.0070671,1e-06,0.012687,-0.001
1059,257.96,-1.82,1.8113,0.20018,0.0070443,1.2e-06,0.012488,-0
1060,256.52,-1.9,1.8126,0.20024,0.0070127,1.6e-06,0.011861,-0.001
1061,254.72,-1.75,1.8138,0.20031,0.0069739,1.7e-06,0.01154,-0
1062,251.11,-1.85,1.8144,0.20043,0.0069252,2e-06,0.011424,-0.001
1063,248.44,-1.77,1.8189,0.20054,0.006868,2.1e-06,0.010589,-0.001
1064,244.44,-1.85,1.8164,0.20066,0.0068199,1.6e-06,0.009934,-0
1065,243.05,-1.8,1.8164,0.20071,0.0067916,1.5e-06,0.009506,-0
1066,244.09,-1.95,1.8166,0.20068,0.0067932,1.6e-06,0.010498,-0.001
1067,246.93,-1.82,1.815,0.20058,0.0068087,1.7e-06,0.010925,-0.001
1068,250.48,-1.83,1.8159,0.20047,0.0068266,1.4e-06,0.010491,-0.001
1069,253.44,-1.88,1.816,0.20038,0.0068441,1.3e-06,0.010408,-0.001
1070,254.45,-1.9,1.8143,0.20034,0.0068628,1.5e-06,0.010556,-0
1071,255.71,-1.85,1.8145,0.2003,0.0068828,1.4e-06,0.011058,-0.001
1072,257.08,-1.81,1.8176,0.20027,0.0068971,1.4e-06,0.009507,-0
1073,257.53,-1.86,1.8177,0.20025,0.0069108,1e-06,0.009213,-0.001
1074,257.63,-1.8,1.8164,0.20024,0.006933,9e-07,0.008435,-0.001
1075,259.06,-1.83,1.8164,0.20019,0.0069678,7e-07,0.010045,-0.001
1076,261.88,-1.83,1.8157,0.20009,0.0070044,8e-07,0.009819,-0.001
1077,264.38,-1.83,1.8161,0.20001,0.007036,8e-07,0.010354,-0.001
1078,266.04,-1.85,1.8186,0.19997,0.0070545,8e-07,0.012576,-0.001
1079,265.81,-1.79,1.8195,0.19998,0.0070615,1.2e-06,0.012376,-0
1080,264.82,-1.78,1.8199,0.20001,0.0070573,1.2e-06,0.011161,-0.001
1081,262.47,-1.86,1.8198,0.20008,0.0070503,1.3e-06,0.010931,-0.001
1082,260.29,-1.86,1.8147,0.20012,0.0070509,1.6e-06,0.012489,-0.001
1083,259.76,-1.74,1.8097,0.20012,0.0070612,1.5e-06,0.012046,-0.001
1084,261.65,-1.77,1.8131,0.20007,0.0070721,1.6e-06,0.011276,-0.001
1085,262.53,-1.83,1.8123,0.20004,0.0070758,1.7e-06,0.010585,-0.001
1086,262.27,-1.84,1.8123,0.20005,0.0070723,1.7e-06,0.01027,-0.001
1087,261.13,-1.87,1.8117,0.20008,0.0070667,1.6e-06,0.01109,-0.001
1088,260.18,-1.86,1.8112,0.20011,0.0070681,1.4e-06,0.009772,-0.001
1089,260.69,-1.73,1.813,0.2001,0.0070729,1.3e-06,0.008749,-0.001
1090,260.96,-1.81,1.8116,0.20009,0.0070727,1.2e-06,0.008511,-0.001
1091,260.81,-1.82,1.8105,0.20009,0.0070706,1.4e-06,0.008288,-0.001
1092,260.34,-1.92,1.8076,0.20009,0.0070751,1.3e-06,0.008985,-0.001
1093,260.96,-1.9,1.8066,0.20006,0.0070864,1.3e-06,0.010086,-0.001
1094,261.44,-1.83,1.8041,0.20003,0.0070889,1.6e-06,0.011857,-0.001
1095,261.54,-1.78,1.8045,0.20004,0.0070732,1.6e-06,0.012365,-0.002
1096,259.69,-1.8,1.8072,0.20011,0.0070437,1.3e-06,0.011824,-0.002
1097,256.9,-1.83,1.81,0.20022,0.0070002,1.2e-06,0.011264,-0.002
1098,252.75,-1.83,1.8095,0.20035,0.0069593,9e-07,0.010898,-0.001
1099,249.12,-1.76,1.8013,0.20043,0.0069413,8e-07,0.010328,-0.001
1100,249.4,-1.84,1.8024,0.20042,0.0069529,9e-07,0.010599,-0
1101,253.45,-1.86,1.8055,0.20031,0.0069854,1.2e-06,0.011988,-0
1102,258.22,-1.78,1.8042,0.20015,0.0070254,8e-07,0.012562,-0.002
1103,263.1,-1.8,1.8064,0.2,0.0070647,4e-07,0.013305,-0.001
1104,265.17,-1.68,1.805,0.19992,0.007101,5e-07,0.012626,-0.001
1105,266.31,-1.73,1.8015,0.19986,0.0071403,6e-07,0.012956,-0.001
1106,268.19,-1.82,1.8011,0.1998,0.007177,5e-07,0.012016,-0.001
1107,269.92,-1.82,1.8016,0.19974,0.0071963,7e-07,0.011154,-0
1108,268.68,-1.87,1.7992,0.19977,0.0071997,7e-07,0.012132,-0.001
1109,267.56,-1.83,1.8034,0.19982,0.0071959,4e-07,0.01284,-0.002
1110,265.72,-1.88,1.8041,0.19988,0.007191,6e-07,0.012482,-0.001
1111,263.95,-1.74,1.8004,0.19992,0.0071824,7e-07,0.012607,-0.001
1112,264.06,-1.79,1.8061,0.19995,0.0071665,5e-07,0.01251,-0.001
1113,262.26,-1.79,1.8065,0.20001,0.0071474,6e-07,0.012714,-0.002
1114,260.87,-1.78,1.8065,0.20005,0.0071328,6e-07,0.011321,-0.002
1115,260.91,-1.74,1.8112,0.20008,0.0071218,1e-06,0.012791,-0.002
1116,260.21,-1.81,1.8083,0.20009,0.0071105,1.2e-06,0.012026,-0.002
1117,260.8,-1.69,1.811,0.20008,0.0070939,1e-06,0.011702,-0.002
1118,259.6,-1.75,1.813,0.20013,0.0070693,7e-07,0.013143,-0.002
1119,256.95,-1.88,1.8098,0.20021,0.007045,1e-06,0.012201,-0.002
1120,255.68,-1.69,1.8072,0.20024,0.0070348,1.3e-06,0.011697,-0.002
1121,256.14,-1.87,1.8104,0.20023,0.0070392,1.3e-06,0.011742,-0.002
1122,258.1,-1.82,1.8113,0.20018,0.0070467,1.6e-06,0.012465,-0.002
1123,260,-1.84,1.8119,0.20012,0.007052,1.8e-06,0.013255,-0.002
1124,260.7,-1.82,1.8117,0.2001,0.0070594,1.8e-06,0.012179,-0.001
1125,260.77,-1.85,1.8089,0.20008,0.0070754,1.8e-06,0.011235,-0.002
1126,262.64,-1.78,1.8124,0.20003,0.0070981,2.1e-06,0.010647,-0.002
1127,264.27,-1.79,1.8085,0.19996,0.0071192,2e-06,0.011441,-0.002
1128,265.91,-1.85,1.8099,0.19992,0.007127,2e-06,0.013063,-0.002
1129,265.75,-1.76,1.8126,0.19993,0.0071204,1.6e-06,0.013162,-0.001
1130,263.98,-1.73,1.8135,0.19999,0.0071049,1.4e-06,0.013827,-0.001
1131,260.94,-1.75,1.8104,0.20008,0.0070895,1.6e-06,0.014726,-0.002
1132,259.16,-1.78,1.8098,0.20013,0.0070787,1.8e-06,0.01547,-0.002
1133,258.93,-1.79,1.8104,0.20014,0.0070726,1.6e-06,0.014807,-0.002
1134,259.33,-1.85,1.8109,0.20013,0.0070694,1.7e-06,0.013244,-0.002
1135,259.39,-1.89,1.8108,0.20013,0.0070605,1.3e-06,0.012244,-0.002
1136,259,-1.8,1.8125,0.20016,0.0070428,1.2e-06,0.012164,-0.003
1137,257.73,-1.87,1.8131,0.2002,0.0070171,8e-07,0.011749,-0.002
1138,255.55,-1.79,1.8118,0.20027,0.0069897,6e-07,0.011993,-0.002
1139,254.08,-1.79,1.812,0.20032,0.0069651,5e-07,0.012722,-0.002
1140,252.29,-1.83,1.8092,0.20037,0.006951,5e-07,0.01191,-0.002
1141,252.79,-1.8,1.8117,0.20036,0.006941,5e-07,0.011863,-0.003
1142,253.08,-1.8,1.8101,0.20035,0.0069284,5e-07,0.01227,-0.002
1143,252.63,-1.87,1.8067,0.20035,0.0069151,3e-07,0.012802,-0.002
1144,251.81,-1.85,1.805,0.20037,0.0069128,2e-07,0.013989,-0.002
1145,252.02,-1.9,1.8047,0.20036,0.006929,2e-07,0.014927,-0.002
1146,254.01,-1.75,1.8011,0.20028,0.0069588,4e-07,0.015889,-0.002
1147,257.2,-1.77,1.7978,0.20016,0.006996,3e-07,0.016222,-0.003
1148,260.64,-1.93,1.7986,0.20004,0.0070385,2e-07,0.016953,-0.002
1149,263.55,-1.82,1.799,0.19995,0.0070813,6e-07,0.016364,-0.002
1150,266.12,-1.81,1.8008,0.19987,0.0071156,9e-07,0.015774,-0.002
1151,266.46,-1.75,1.7967,0.19984,0.0071438,9e-07,0.015381,-0.002
1152,267.08,-1.83,1.7978,0.19982,0.0071654,1.1e-06,0.0154,-0.002
1153,267.1,-1.75,1.8001,0.19982,0.0071746,1.2e-06,0.016161,-0.002
1154,265.97,-1.79,1.7978,0.19985,0.0071746,1.3e-06,0.017053,-0.002
1155,264.06,-1.84,1.7969,0.1999,0.007172,1.3e-06,0.016203,-0.002
1156,263.42,-1.83,1.7997,0.19994,0.0071686,1.1e-06,0.01594,-0.002
1157,263.03,-1.85,1.8007,0.19996,0.0071576,1.1e-06,0.016758,-0.002
1158,261.91,-1.79,1.8025,0.2,0.0071344,1.2e-06,0.017948,-0.002
1159,260.36,-1.78,1.805,0.20007,0.0071013,1.1e-06,0.017492,-0.002
1160,256.67,-1.87,1.8008,0.20017,0.0070653,7e-07,0.018227,-0.002
1161,254.38,-1.84,1.8044,0.20026,0.007024,9e-07,0.018635,-0.003
1162,251.88,-1.83,1.8071,0.20036,0.0069795,1.2e-06,0.017585,-0.002
1163,249.93,-1.79,1.8082,0.20043,0.006943,1.5e-06,0.017851,-0.003
1164,249.48,-1.82,1.8104,0.20046,0.0069174,1.6e-06,0.017902,-0.002
1165,249.67,-1.8,1.8136,0.20047,0.0069013,1.5e-06,0.019256,-0.002
1166,249.69,-1.91,1.8115,0.20046,0.0068968,1.8e-06,0.019461,-0.002
1167,252.02,-1.82,1.8168,0.20041,0.0069079,1.9e-06,0.019054,-0.002
1168,254.42,-1.92,1.8151,0.20033,0.0069374,1.6e-06,0.01895,-0.003
1169,257.43,-1.83,1.8111,0.20021,0.0069811,1.7e-06,0.018819,-0.002
1170,262.8,-1.74,1.8136,0.20004,0.0070349,1.7e-06,0.020074,-0.003
1171,267.27,-1.87,1.8108,0.19988,0.0070988,1.3e-06,0.019686,-0.003
1172,270.79,-1.78,1.8099,0.19976,0.0071622,8e-07,0.019929,-0.003
1173,273.4,-1.8,1.8066,0.19965,0.0072142,6e-07,0.019941,-0.003
1174,274.88,-1.84,1.8087,0.19961,0.007237,5e-07,0.020573,-0.003
1175,273.49,-1.77,1.809,0.19966,0.0072331,6e-07,0.020953,-0.002
1176,269.49,-1.87,1.8069,0.19977,0.0072127,8e-07,0.020472,-0.003
1177,265.33,-1.8,1.804,0.19989,0.0071882,9e-07,0.020465,-0.003
1178,261.96,-1.76,1.8036,0.2,0.0071691,9e-07,0.020287,-0.003
1179,260.71,-1.74,1.8042,0.20004,0.0071548,1.2e-06,0.021096,-0.003
1180,260.39,-1.77,1.8045,0.20006,0.00714,1.1e-06,0.021191,-0.003
1181,260.38,-1.79,1.8055,0.20007,0.007118,1.1e-06,0.020722,-0.003
1182,259.02,-1.76,1.804,0.20011,0.0070926,1.1e-06,0.020459,-0.003
1183,257.24,-1.85,1.8067,0.20018,0.0070678,1.2e-06,0.019496,-0.003
1184,255.55,-1.87,1.8058,0.20023,0.0070542,1.4e-06,0.017054,-0.003
1185,255.69,-1.8,1.8024,0.20021,0.0070618,1.6e-06,0.018167,-0.003
1186,257.98,-1.83,1.8037,0.20014,0.0070894,1.4e-06,0.017046,-0.004
1187,261.96,-1.88,1.8034,0.20001,0.0071269,1.3e-06,0.016681,-0.003
1188,265.73,-1.79,1.8016,0.19988,0.0071598,1.2e-06,0.017321,-0.003
1189,268.24,-1.82,1.8023,0.1998,0.0071785,1.2e-06,0.017957,-0.003
1190,268.14,-1.79,1.8025,0.1998,0.0071771,1.5e-06,0.018465,-0.003
1191,266.23,-1.74,1.8043,0.19987,0.0071616,1.6e-06,0.018234,-0.003
1192,263.25,-1.84,1.8063,0.19997,0.0071455,1.7e-06,0.018804,-0.004
1193,261.1,-1.79,1.8063,0.20004,0.0071405,1.8e-06,0.018677,-0.004
1194,260.84,-1.81,1.8038,0.20004,0.007151,2e-06,0.017766,-0.004
1195,262.68,-1.74,1.8064,0.19999,0.0071691,1.8e-06,0.017423,-0.003
1196,264.89,-1.85,1.8055,0.19991,0.0071907,1.9e-06,0.016467,-0.004
1197,267.51,-1.92,1.8085,0.19984,0.0072142,1.6e-06,0.016607,-0.003
1198,269.35,-1.8,1.8085,0.19978,0.0072398,1.5e-06,0.01707,-0.004
1199,269.85,-1.68,1.8038,0.19974,0.0072738,1.7e-06,0.016181,-0.003
1200,272.4,-1.8,1.8053,0.19966,0.0073136,1.6e-06,0.016043,-0.003
1201,275.69,-1.84,1.8053,0.19955,0.0073591,1.4e-06,0.016395,-0.003
1202,277.29,-1.86,1.802,0.19948,0.0073822,1.4e-06,0.016209,-0.004
1203,277.26,-1.78,1.8024,0.19948,0.0073806,1.1e-06,0.016417,-0.004
1204,274.99,-1.87,1.8051,0.19957,0.0073638,9e-07,0.017727,-0.004
1205,271.05,-1.88,1.8023,0.19968,0.0073417,1.4e-06,0.018403,-0.004
1206,268.73,-1.76,1.8058,0.19977,0.007317,1.2e-06,0.018436,-0.004
1207,266.59,-1.83,1.8048,0.19984,0.0072872,1.1e-06,0.019123,-0.004
1208,264.64,-1.83,1.8065,0.19991,0.0072535,6e-07,0.018468,-0.004
1209,263,-1.82,1.8103,0.19999,0.007219,4e-07,0.017568,-0.004
1210,261.42,-1.77,1.8116,0.20005,0.0071854,4e-07,0.016761,-0.004
1211,260,-1.89,1.813,0.2001,0.0071539,4e-07,0.017121,-0.004
1212,259.01,-1.84,1.814,0.20014,0.007127,3e-07,0.01731,-0.004
1213,258.89,-1.85,1.8158,0.20016,0.0071072,8e-07,0.018028,-0.004
1214,258.84,-1.88,1.8173,0.20017,0.0070906,1.2e-06,0.017155,-0.004
1215,259.07,-1.86,1.8193,0.20018,0.0070699,1e-06,0.018039,-0.004
1216,257.98,-1.72,1.8162,0.2002,0.0070416,1.3e-06,0.01812,-0.005
1217,256.07,-1.92,1.8155,0.20026,0.0070077,1.4e-06,0.018712,-0.005
1218,254.41,-1.78,1.8148,0.20032,0.0069794,1.1e-06,0.019015,-0.005
1219,252.39,-1.76,1.814,0.20038,0.0069609,1e-06,0.020497,-0.005
1220,252.37,-1.88,1.8115,0.20037,0.0069473,8e-07,0.021046,-0.004
1221,253.02,-1.76,1.8127,0.20036,0.0069259,8e-07,0.020895,-0.004
1222,252.31,-1.76,1.8136,0.20039,0.0068972,9e-07,0.021745,-0.004
1223,249.57,-1.84,1.8103,0.20047,0.0068698,1e-06,0.022111,-0.005
1224,247.79,-1.84,1.8095,0.20052,0.0068555,1e-06,0.021505,-0.005
1225,247.56,-1.76,1.8063,0.20051,0.0068593,1.2e-06,0.021342,-0.004
1226,249.8,-1.89,1.8043,0.20043,0.0068817,1.3e-06,0.020963,-0.005
1227,252.65,-1.76,1.8016,0.20033,0.0069165,1.2e-06,0.021543,-0.005
1228,255.95,-1.89,1.7975,0.2002,0.006958,1.4e-06,0.022646,-0.005
1229,259.55,-1.78,1.7969,0.20008,0.0070022,1.3e-06,0.02124,-0.005
1230,262.32,-1.87,1.7982,0.19999,0.0070305,1.7e-06,0.022153,-0.005
1231,263.1,-1.8,1.7994,0.19997,0.0070405,1.7e-06,0.021619,-0.005
1232,261.67,-1.86,1.8028,0.20003,0.0070303,1.6e-06,0.020608,-0.006
1233,258.47,-1.87,1.8038,0.20014,0.0070137,1.5e-06,0.02142,-0.004
1234,255.57,-1.85,1.8027,0.20022,0.0070058,1.4e-06,0.02149,-0.006
1235,255.31,-1.83,1.8045,0.20024,0.0070133,1.6e-06,0.021338,-0.005
1236,257.11,-1.88,1.8066,0.20019,0.0070324,1.6e-06,0.020887,-0.005
1237,260.17,-1.75,1.8098,0.2001,0.0070584,1.8e-06,0.021131,-0.005
1238,263.18,-1.88,1.8135,0.20002,0.007087,1.9e-06,0.021701,-0.005
1239,265.07,-1.78,1.8134,0.19996,0.0071165,1.7e-06,0.022014,-0.005
1240,266.46,-1.83,1.8103,0.19989,0.0071444,1.7e-06,0.022314,-0.005
1241,267.67,-1.81,1.8081,0.19984,0.0071671,1.7e-06,0.023146,-0.005
1242,267.6,-1.94,1.8035,0.19982,0.0071802,1.6e-06,0.023353,-0.005
1243,266.57,-1.82,1.8022,0.19985,0.0071784,1.3e-06,0.023587,-0.006
1244,264.8,-1.93,1.8013,0.1999,0.0071632,1.2e-06,0.023715,-0.006
1245,262.44,-1.83,1.8023,0.19998,0.0071392,1e-06,0.022387,-0.005
1246,259.74,-1.87,1.8014,0.20007,0.0071077,1.1e-06,0.02275,-0.005
1247,257.38,-1.78,1.8028,0.20015,0.0070697,1.2e-06,0.023068,-0.006
1248,254.36,-1.88,1.8051,0.20027,0.0070182,1.2e-06,0.021327,-0.005
1249,250.47,-1.84,1.8078,0.20041,0.0069564,7e-07,0.021354,-0.005
1250,247.5,-1.87,1.8134,0.20053,0.0069041,7e-07,0.022481,-0.005
1251,245.77,-1.88,1.8171,0.20061,0.0068688,9e-07,0.022719,-0.006
1252,246.48,-1.86,1.8188,0.2006,0.0068651,1.2e-06,0.023068,-0.006
1253,250.02,-1.85,1.824,0.20051,0.0068815,1.3e-06,0.021841,-0.005
1254,254.35,-1.87,1.825,0.20037,0.0069052,1.3e-06,0.021368,-0.005
1255,257.79,-1.84,1.8226,0.20026,0.0069228,1.2e-06,0.021703,-0.006
1256,259.78,-1.84,1.8276,0.20022,0.006928,1.4e-06,0.02247,-0.006
1257,258.8,-1.86,1.8277,0.20025,0.0069324,1.1e-06,0.022503,-0.005
1258,257.54,-1.89,1.8245,0.20027,0.0069426,8e-07,0.022248,-0.006
1259,258.08,-1.82,1.8236,0.20025,0.006956,8e-07,0.024052,-0.006
1260,258.46,-1.86,1.8203,0.20022,0.0069664,9e-07,0.023584,-0.006
1261,259.49,-1.81,1.8196,0.20018,0.0069719,7e-07,0.023046,-0.006
1262,259.63,-1.82,1.8222,0.20019,0.0069733,7e-07,0.024021,-0.005
1263,258.12,-1.81,1.8181,0.20022,0.0069736,8e-07,0.022935,-0.006
1264,257.69,-1.84,1.8173,0.20023,0.0069749,1e-06,0.022906,-0.006
1265,258.23,-1.74,1.8206,0.20022,0.0069765,1.2e-06,0.022784,-0.006
1266,257.33,-1.82,1.8145,0.20022,0.0069825,1.3e-06,0.023266,-0.006
1267,258.37,-1.82,1.8178,0.2002,0.0069942,1.3e-06,0.024025,-0.006
1268,259.5,-1.85,1.8181,0.20017,0.0070076,1.6e-06,0.024095,-0.006
1269,260.59,-1.84,1.8168,0.20013,0.0070172,1.4e-06,0.023672,-0.006
1270,261.33,-1.92,1.8175,0.20011,0.0070265,1.2e-06,0.024441,-0.006
1271,260.83,-1.75,1.8159,0.20011,0.0070426,1e-06,0.023889,-0.006
1272,262.18,-1.89,1.8155,0.20006,0.0070641,9e-07,0.022482,-0.007
1273,263.41,-1.76,1.8148,0.20002,0.0070866,1e-06,0.021332,-0.006
1274,265.62,-1.89,1.8183,0.19996,0.0071102,1e-06,0.021951,-0.007
1275,266.66,-1.84,1.8176,0.19992,0.0071381,9e-07,0.020813,-0.007
1276,268.18,-1.76,1.8189,0.19988,0.0071657,9e-07,0.022712,-0.007
1277,268.47,-1.78,1.8122,0.19983,0.0071884,1e-06,0.024317,-0.006
1278,268.91,-1.84,1.8083,0.1998,0.0071954,1.1e-06,0.023398,-0.006
1279,268.67,-1.77,1.8112,0.19982,0.0071783,1.3e-06,0.023421,-0.006
1280,265.43,-1.83,1.81,0.19992,0.0071427,1.5e-06,0.023266,-0.007
1281,259.4,-1.85,1.8077,0.20011,0.0070953,1.5e-06,0.022998,-0.006
1282,253.59,-1.84,1.8052,0.20029,0.0070474,1.3e-06,0.02307,-0.007
1283,250.92,-1.77,1.8041,0.20037,0.0070048,1.4e-06,0.023369,-0.007
1284,249.68,-1.89,1.7986,0.20039,0.0069878,1.4e-06,0.023362,-0.007
1285,250.65,-1.88,1.798,0.20036,0.0069788,1.4e-06,0.022017,-0.007
1286,251.44,-1.83,1.7972,0.20033,0.0069759,1.3e-06,0.023938,-0.007
1287,253.15,-1.83,1.7987,0.20028,0.0069805,1.3e-06,0.024004,-0.006
1288,255.16,-1.9,1.8038,0.20024,0.0069944,1.6e-06,0.02356,-0.007
1289,257.18,-1.84,1.8052,0.20018,0.0070176,1.6e-06,0.023263,-0.007
1290,259.69,-1.92,1.8049,0.2001,0.0070437,1.6e-06,0.022041,-0.007
1291,262.16,-1.86,1.8059,0.20002,0.0070705,2e-06,0.022897,-0.007
1292,263.82,-1.77,1.8077,0.19997,0.0070988,1.8e-06,0.023688,-0.007
1293,265.6,-1.84,1.8088,0.19992,0.0071299,1.8e-06,0.023723,-0.007
1294,267.49,-1.75,1.8125,0.19987,0.0071548,1.9e-06,0.02302,-0.007
1295,268.47,-1.82,1.8135,0.19984,0.0071672,2.1e-06,0.023258,-0.007
1296,268.05,-1.82,1.8138,0.19985,0.007169,2e-06,0.022355,-0.007
1297,267.01,-1.82,1.8155,0.1999,0.0071606,1.9e-06,0.022595,-0.008
1298,265.12,-1.93,1.8151,0.19995,0.0071457,1.9e-06,0.022226,-0.007
1299,262.55,-1.78,1.8127,0.20003,0.0071266,1.9e-06,0.023033,-0.007
1300,260.78,-1.76,1.8121,0.20008,0.007113,1.8e-06,0.023409,-0.007
1301,260.02,-1.88,1.8146,0.20012,0.0071089,1.4e-06,0.02354,-0.007
1302,260.68,-1.91,1.8127,0.20009,0.0071132,1.4e-06,0.023158,-0.007
1303,261.74,-1.81,1.8125,0.20005,0.0071236,1.2e-06,0.023978,-0.007
1304,263.26,-1.86,1.8116,0.2,0.0071404,9e-07,0.023915,-0.007
1305,264.69,-1.86,1.8108,0.19994,0.0071608,8e-07,0.024784,-0.007
1306,266.13,-1.86,1.8088,0.19989,0.0071777,1.2e-06,0.024187,-0.007
1307,267.43,-1.87,1.8108,0.19986,0.0071848,1.3e-06,0.023959,-0.008
1308,266.66,-1.87,1.8109,0.19988,0.0071858,1.3e-06,0.022963,-0.007
1309,265.57,-1.95,1.8103,0.19991,0.0071841,1.4e-06,0.023211,-0.008
1310,265.04,-1.9,1.8116,0.19993,0.0071795,1.3e-06,0.024192,-0.007
1311,264.22,-1.76,1.8097,0.19995,0.0071744,1.1e-06,0.023757,-0.007
1312,263.55,-1.86,1.8094,0.19997,0.007173,1e-06,0.023996,-0.008
1313,263.4,-1.83,1.8062,0.19996,0.0071744,9e-07,0.023401,-0.007
1314,263.74,-1.86,1.8038,0.19994,0.0071714,1.1e-06,0.023301,-0.008
1315,263.59,-1.78,1.8048,0.19995,0.0071624,1e-06,0.02319,-0.008
1316,262.67,-1.83,1.8056,0.19999,0.0071448,1.5e-06,0.023204,-0.008
1317,260.36,-1.77,1.8021,0.20005,0.0071179,1.5e-06,0.022959,-0.008
1318,257.83,-1.88,1.7977,0.20011,0.0070872,1.6e-06,0.022656,-0.008
1319,255.09,-1.81,1.7975,0.2002,0.0070576,1.6e-06,0.024057,-0.008
1320,253.65,-1.7,1.7983,0.20025,0.0070363,1.5e-06,0.024342,-0.007
1321,252.84,-1.78,1.7978,0.20028,0.0070185,1.8e-06,0.02237,-0.008
1322,252.5,-1.85,1.7961,0.20029,0.0070077,1.9e-06,0.021124,-0.008
1323,252.79,-1.82,1.7965,0.20028,0.0070095,1.9e-06,0.021149,-0.008
1324,254.22,-1.9,1.7945,0.20022,0.0070245,1.6e-06,0.020997,-0.008
1325,256.85,-1.84,1.7962,0.20015,0.0070391,1.6e-06,0.022182,-0.008
1326,258.96,-1.84,1.8001,0.2001,0.0070422,1.3e-06,0.022737,-0.008
1327,258.65,-1.86,1.8001,0.20011,0.007033,1.4e-06,0.02311,-0.008
1328,257.73,-1.88,1.8046,0.20016,0.0070218,1.1e-06,0.023112,-0.008
1329,255.77,-1.73,1.8046,0.20022,0.0070191,1.3e-06,0.022476,-0.008
1330,256.05,-1.83,1.8039,0.20021,0.0070272,1.3e-06,0.021834,-0.008
1331,257.24,-1.78,1.8027,0.20016,0.0070401,1.4e-06,0.022001,-0.008
1332,258.29,-1.86,1.7993,0.20011,0.0070552,1.4e-06,0.021627,-0.007
1333,259.89,-1.74,1.7992,0.20006,0.0070736,1.3e-06,0.022317,-0.008
1334,261.79,-1.91,1.8026,0.20001,0.0070945,1.3e-06,0.023526,-0.008
1335,262.77,-1.8,1.7999,0.19996,0.0071151,1.1e-06,0.023912,-0.008
1336,263.72,-1.75,1.7985,0.19992,0.0071331,9e-07,0.023339,-0.008
1337,264.79,-1.77,1.8038,0.19991,0.0071462,1.1e-06,0.024608,-0.008
1338,264.88,-1.86,1.8044,0.19991,0.0071541,1.3e-06,0.02385,-0.008
1339,265.07,-1.88,1.808,0.19992,0.0071616,1.6e-06,0.023348,-0.009
1340,265.27,-1.81,1.8104,0.19992,0.007172,1.8e-06,0.023673,-0.008
1341,265.86,-1.84,1.8105,0.1999,0.0071866,1.8e-06,0.023211,-0.008
1342,267.5,-1.86,1.8131,0.19986,0.0072036,1.5e-06,0.023539,-0.008
1343,268.3,-1.72,1.8132,0.19983,0.0072194,9e-07,0.024079,-0.008
1344,268.94,-1.86,1.8133,0.19981,0.0072218,8e-07,0.02459,-0.008
1345,268.76,-1.79,1.8161,0.19984,0.0072026,1.4e-06,0.022899,-0.008
1346,265.71,-1.9,1.8157,0.19993,0.0071676,1.3e-06,0.023548,-0.009
1347,261.34,-1.82,1.8117,0.20006,0.0071324,1.4e-06,0.023519,-0.008
1348,257.77,-1.83,1.8097,0.20016,0.0071143,1.4e-06,0.023939,-0.009
1349,256.56,-1.87,1.8032,0.20017,0.0071174,1.6e-06,0.024871,-0.008
1350,258.61,-1.87,1.7991,0.20008,0.0071348,1.9e-06,0.025446,-0.009
1351,262.06,-1.81,1.8006,0.19998,0.0071519,1.9e-06,0.025171,-0.009
1352,264.01,-1.79,1.8014,0.19992,0.0071622,1.6e-06,0.024501,-0.008
1353,264.07,-1.72,1.801,0.19992,0.0071656,1.8e-06,0.024459,-0.008
1354,263.84,-1.95,1.7999,0.19992,0.0071633,1.5e-06,0.024257,-0.009
1355,262.66,-1.89,1.7996,0.19996,0.0071527,1.2e-06,0.024925,-0.008
1356,261.91,-1.85,1.8015,0.19999,0.0071349,1.3e-06,0.024213,-0.009
1357,260.36,-1.82,1.8032,0.20005,0.0071117,1.3e-06,0.023694,-0.008
1358,258.65,-1.83,1.8051,0.20012,0.0070917,1.4e-06,0.023041,-0.008
1359,257.55,-1.83,1.8073,0.20016,0.0070821,1.7e-06,0.022764,-0.008
1360,258.2,-1.88,1.8098,0.20015,0.0070935,1.7e-06,0.023762,-0.009
1361,260.28,-1.76,1.8081,0.20008,0.0071253,1.8e-06,0.023777,-0.008
1362,264.51,-1.9,1.8093,0.19994,0.0071679,1.6e-06,0.02515,-0.009
1363,269.53,-1.81,1.8118,0.19979,0.0072161,1.3e-06,0.02494,-0.009
1364,273.48,-1.87,1.8136,0.19967,0.0072522,1.2e-06,0.023758,-0.009
1365,274.36,-1.9,1.8172,0.19966,0.0072579,1.2e-06,0.024578,-0.008
1366,272.33,-1.82,1.8179,0.19973,0.0072443,1.1e-06,0.024919,-0.008
1367,268.97,-1.91,1.8173,0.19983,0.0072152,1.4e-06,0.02516,-0.009
1368,264.82,-1.77,1.8145,0.19995,0.0071794,1.8e-06,0.025188,-0.009
1369,261.15,-1.81,1.8135,0.20007,0.0071426,2.2e-06,0.025043,-0.009
1370,257.63,-1.81,1.8146,0.20019,0.0070992,2.4e-06,0.024344,-0.009
1371,255.83,-1.82,1.8165,0.20026,0.0070559,2.5e-06,0.025179,-0.008
1372,253.66,-1.71,1.8151,0.20033,0.0070247,2.3e-06,0.025205,-0.008
1373,252.59,-1.87,1.8133,0.20035,0.0070206,1.8e-06,0.024859,-0.009
1374,254.1,-1.81,1.8093,0.20029,0.0070441,1.8e-06,0.023966,-0.009
1375,259.14,-1.74,1.8094,0.20012,0.0070814,1.8e-06,0.024171,-0.008
1376,264.34,-1.76,1.8105,0.19996,0.0071143,1.6e-06,0.024585,-0.009
1377,267.16,-1.77,1.8109,0.19987,0.0071302,1.6e-06,0.025654,-0.009
1378,267.44,-1.87,1.8147,0.19988,0.0071241,1.3e-06,0.025715,-0.008
1379,264.99,-1.72,1.8156,0.19997,0.007099,1.2e-06,0.024324,-0.009
1380,260.31,-1.77,1.8122,0.2001,0.0070658,1.5e-06,0.023951,-0.009
1381,256.68,-1.86,1.8128,0.20022,0.0070366,1.7e-06,0.024087,-0.008
1382,254.47,-1.82,1.8119,0.20029,0.0070244,1.6e-06,0.024596,-0.009
1383,254.55,-1.81,1.8109,0.20028,0.0070295,1.5e-06,0.023956,-0.009
1384,257.3,-1.81,1.8116,0.2002,0.0070448,1.8e-06,0.024964,-0.009
1385,259.79,-1.8,1.8107,0.20011,0.0070635,1.8e-06,0.026654,-0.009
1386,261.87,-1.87,1.8106,0.20004,0.0070818,1.9e-06,0.026075,-0.009
1387,263.95,-1.82,1.8152,0.2,0.0071008,1.9e-06,0.02499,-0.009
1388,264.69,-1.78,1.8137,0.19996,0.0071195,1.8e-06,0.02522,-0.009
1389,265.55,-1.8,1.8132,0.19993,0.0071342,1.9e-06,0.025821,-0.009
1390,265.69,-1.72,1.8131,0.19993,0.0071422,1.8e-06,0.025729,-0.009
1391,265.31,-1.72,1.8105,0.19993,0.0071423,1.5e-06,0.025205,-0.009
1392,263.8,-1.88,1.8099,0.19997,0.007133,1.3e-06,0.024829,-0.008
1393,261.98,-1.9,1.8079,0.20002,0.0071155,1.3e-06,0.025318,-0.009
1394,260.8,-1.77,1.8093,0.20007,0.0070943,1.4e-06,0.0262,-0.008
1395,258.39,-1.81,1.8093,0.20015,0.0070682,1.3e-06,0.024853,-0.009
1396,256.26,-1.86,1.8102,0.20022,0.0070416,1.3e-06,0.024842,-0.008
1397,254.81,-1.8,1.8085,0.20027,0.0070177,1.1e-06,0.024522,-0.009
1398,253.26,-1.84,1.8051,0.2003,0.0070084,9e-07,0.024667,-0.008
1399,253.69,-1.76,1.8036,0.20028,0.0070213,1e-06,0.025513,-0.009
1400,256.66,-1.76,1.8048,0.20019,0.0070527,1.4e-06,0.025264,-0.008
1401,261.33,-1.77,1.8071,0.20004,0.0070911,1.2e-06,0.024964,-0.009
1402,264.88,-1.92,1.806,0.19992,0.0071237,1.2e-06,0.024254,-0.009
1403,266.82,-1.82,1.8071,0.19986,0.0071499,1.4e-06,0.023859,-0.009
1404,266.97,-1.63,1.8057,0.19985,0.0071734,1.5e-06,0.023947,-0.008
1405,267.93,-1.8,1.8055,0.19981,0.0071947,1.6e-06,0.024153,-0.009
1406,267.89,-1.81,1.8039,0.1998,0.0072042,1.6e-06,0.025161,-0.008
1407,267.22,-1.89,1.8031,0.19982,0.0071942,1.5e-06,0.024684,-0.009
1408,265.56,-1.7,1.8067,0.1999,0.0071699,1.4e-06,0.02424,-0.009
1409,262.08,-1.79,1.8066,0.20001,0.0071448,1.1e-06,0.024228,-0.008
1410,259.66,-1.75,1.8054,0.20008,0.0071327,1.1e-06,0.024946,-0.009
1411,258.81,-1.74,1.8019,0.20009,0.0071331,9e-07,0.025135,-0.009
1412,260.07,-1.76,1.8016,0.20005,0.0071369,8e-07,0.024808,-0.008
1413,261.71,-1.85,1.8024,0.2,0.0071352,8e-07,0.025945,-0.009
1414,262.44,-1.8,1.805,0.19999,0.0071216,1.2e-06,0.025771,-0.009
1415,260.89,-1.87,1.8067,0.20005,0.0070972,1.5e-06,0.025916,-0.008
1416,258.44,-1.85,1.8086,0.20014,0.0070661,1.6e-06,0.024578,-0.009
1417,255.49,-1.81,1.8088,0.20024,0.0070365,1.5e-06,0.024394,-0.009
1418,253.91,-1.79,1.807,0.20029,0.007022,1.5e-06,0.025315,-0.009
1419,253.82,-1.83,1.805,0.20028,0.0070273,1.5e-06,0.025607,-0.008
1420,255.79,-1.84,1.8049,0.20021,0.0070457,1.6e-06,0.026221,-0.008
1421,259.39,-1.82,1.8064,0.20011,0.0070665,1.4e-06,0.026547,-0.009
1422,262.13,-1.87,1.8084,0.20003,0.0070811,1.3e-06,0.025487,-0.009
1423,263.06,-1.71,1.8092,0.2,0.0070889,1.2e-06,0.024494,-0.009
1424,262.52,-1.8,1.8067,0.20001,0.007091,1.1e-06,0.02438,-0.009
1425,261.67,-1.83,1.8077,0.20004,0.0070893,1e-06,0.025504,-0.009
1426,261.08,-1.89,1.8083,0.20006,0.0070887,1.1e-06,0.025977,-0.009
1427,260.69,-1.92,1.8096,0.20008,0.0070899,8e-07,0.024982,-0.008
1428,261.01,-1.78,1.8121,0.20008,0.0070959,1e-06,0.024473,-0.009
1429,262,-1.77,1.8112,0.20004,0.0071112,1.3e-06,0.024198,-0.008
1430,263.17,-1.85,1.8096,0.19999,0.007134,1.3e-06,0.024628,-0.008
1431,265.74,-1.8,1.8117,0.19992,0.0071557,1.2e-06,0.023766,-0.009
1432,267.49,-1.79,1.8164,0.19988,0.0071632,1.3e-06,0.023776,-0.008
1433,267.23,-1.8,1.815,0.19989,0.0071578,1.4e-06,0.024219,-0.008
1434,265.24,-1.88,1.8165,0.19995,0.0071486,1.4e-06,0.023902,-0.008
1435,263.79,-1.75,1.8166,0.2,0.0071386,1.6e-06,0.023211,-0.008
1436,262.86,-1.81,1.8163,0.20003,0.0071244,1.6e-06,0.024266,-0.008
1437,261.55,-1.81,1.8145,0.20007,0.0071001,1.8e-06,0.024254,-0.008
1438,258.53,-1.9,1.8103,0.20015,0.00707,2e-06,0.02521,-0.008
1439,255.91,-1.79,1.8095,0.20023,0.0070473,2e-06,0.02577,-0.008
1440,254.63,-1.81,1.807,0.20026,0.0070375,2e-06,0.024135,-0.008
1441,255.24,-1.79,1.8058,0.20024,0.0070319,2.1e-06,0.024771,-0.008
1442,255.53,-1.8,1.8007,0.20021,0.007022,2.1e-06,0.024521,-0.009
1443,255.73,-1.86,1.8048,0.20022,0.0070067,2.2e-06,0.024803,-0.008
1444,255.16,-1.86,1.8054,0.20025,0.0069921,2.4e-06,0.024289,-0.008
1445,253.98,-1.9,1.8057,0.20029,0.0069814,2.3e-06,0.023966,-0.008
1446,253.37,-1.89,1.8036,0.2003,0.0069814,2.2e-06,0.024703,-0.009
1447,254.27,-1.77,1.8024,0.20026,0.0069996,1.8e-06,0.024679,-0.008
1448,257.74,-1.76,1.8064,0.20016,0.0070348,1.8e-06,0.024252,-0.007
1449,262.21,-1.86,1.806,0.20001,0.007082,2e-06,0.022673,-0.008
1450,267.3,-1.85,1.8076,0.19986,0.0071296,2.3e-06,0.024089,-0.007
1451,270.41,-1.89,1.8108,0.19977,0.0071543,2.3e-06,0.02478,-0.008
1452,269.61,-1.9,1.8148,0.19981,0.0071506,1.7e-06,0.024004,-0.008
1453,266.33,-1.81,1.8133,0.19991,0.0071377,1.3e-06,0.024498,-0.008
1454,263.38,-1.81,1.8135,0.2,0.0071233,1.3e-06,0.024786,-0.008
1455,261.24,-1.78,1.8126,0.20007,0.0071093,1.2e-06,0.023215,-0.008
1456,260.01,-1.88,1.8142,0.20012,0.0070976,8e-07,0.023352,-0.009
1457,260.46,-1.78,1.8165,0.20011,0.0070891,1e-06,0.023744,-0.008
1458,259.89,-1.83,1.8155,0.20013,0.0070791,1.1e-06,0.024227,-0.008
1459,259.3,-1.8,1.8146,0.20015,0.0070623,1.5e-06,0.024221,-0.007
1460,258.56,-1.93,1.8176,0.20018,0.0070447,1.2e-06,0.02277,-0.008
1461,257.34,-1.87,1.8164,0.20022,0.0070315,1.3e-06,0.023443,-0.007
1462,256.43,-1.85,1.8138,0.20024,0.0070275,1.3e-06,0.020697,-0.008
1463,257.16,-1.94,1.8133,0.20021,0.0070304,1.2e-06,0.019455,-0.008
1464,257.92,-1.91,1.8098,0.20017,0.0070422,1.5e-06,0.01907,-0.008
1465,259.95,-1.94,1.8122,0.20012,0.0070601,1.8e-06,0.01898,-0.008
1466,261.69,-1.71,1.8091,0.20005,0.0070776,2e-06,0.019633,-0.008
1467,262.73,-1.98,1.8091,0.20001,0.0070852,1.8e-06,0.018976,-0.008
1468,262.31,-2.04,1.8068,0.20001,0.0070836,1.6e-06,0.019039,-0.008
1469,261.4,-1.68,1.8079,0.20005,0.0070801,1.5e-06,0.0207,-0.008
1470,260.5,-1.87,1.8092,0.20008,0.007079,1.6e-06,0.020049,-0.008
1471,260.14,-1.94,1.8099,0.2001,0.007082,1.5e-06,0.019638,-0.008
1472,260.54,-1.96,1.8077,0.20007,0.0070942,1.1e-06,0.020239,-0.007
1473,261.49,-1.94,1.8035,0.20002,0.0071233,1e-06,0.020412,-0.008
1474,264.85,-2.11,1.8073,0.19992,0.0071598,1e-06,0.02034,-0.008
1475,267.91,-1.71,1.8068,0.19982,0.007185,1e-06,0.02172,-0.008
1476,269.68,-1.8,1.8093,0.19978,0.007186,9e-07,0.022244,-0.007
1477,267.67,-1.84,1.8098,0.19985,0.0071697,6e-07,0.021565,-0.007
1478,264.28,-1.84,1.8112,0.19996,0.0071538,7e-07,0.020277,-0.008
1479,261.87,-1.87,1.8087,0.20003,0.0071464,8e-07,0.020441,-0.007
1480,261.73,-1.8,1.8086,0.20003,0.0071429,8e-07,0.019591,-0.008
1481,261.54,-1.81,1.8059,0.20002,0.0071364,9e-07,0.020606,-0.007
1482,261.77,-1.86,1.8084,0.20003,0.0071271,1.5e-06,0.021473,-0.007
1483,261.03,-1.88,1.8065,0.20005,0.0071202,1.7e-06,0.021702,-0.007
1484,259.96,-1.83,1.801,0.20005,0.0071213,1.7e-06,0.021164,-0.007
1485,260.47,-1.83,1.8018,0.20004,0.0071247,1.6e-06,0.020264,-0.007
1486,262.09,-1.76,1.8072,0.20001,0.0071279,1.4e-06,0.019889,-0.007
1487,262.02,-1.79,1.806,0.20001,0.0071337,1.2e-06,0.019209,-0.007
1488,262.52,-1.8,1.8048,0.19999,0.0071477,9e-07,0.017757,-0.007
1489,263.78,-1.84,1.8045,0.19994,0.007174,7e-07,0.017078,-0.007
1490,265.78,-1.87,1.801,0.19986,0.0072097,8e-07,0.016914,-0.005
1491,270.3,-1.83,1.8084,0.19975,0.0072377,9e-07,0.016932,-0.007
1492,272.23,-1.78,1.8113,0.1997,0.0072379,1.1e-06,0.017467,-0.007
1493,270.63,-1.85,1.8165,0.19978,0.0072137,1e-06,0.017573,-0.007
1494,266.42,-1.8,1.817,0.19991,0.0071901,6e-07,0.017235,-0.007
1495,262.7,-1.83,1.8131,0.20001,0.0071856,9e-07,0.017934,-0.007
1496,263.18,-1.91,1.8102,0.19998,0.0071992,1e-06,0.01738,-0.008
1497,265.64,-1.83,1.8109,0.19991,0.0072165,1.1e-06,0.017189,-0.007
1498,269.14,-1.87,1.8165,0.19982,0.0072215,7e-07,0.017021,-0.006
1499,269.54,-1.86,1.8179,0.19982,0.0072103,7e-07,0.017945,-0.007
1500,267.53,-1.83,1.8196,0.19989,0.0071934,7e-07,0.017824,-0.007
1501,264.48,-1.83,1.8165,0.19997,0.0071855,7e-07,0.017465,-0.007
1502,263.51,-1.81,1.8136,0.19999,0.007193,5e-07,0.016789,-0.007
1503,264.84,-1.73,1.8112,0.19993,0.0072109,5e-07,0.015648,-0.007
1504,267.95,-1.73,1.8142,0.19985,0.0072281,8e-07,0.016191,-0.007
1505,269.73,-1.86,1.8153,0.1998,0.0072371,9e-07,0.017004,-0.008
1506,269.7,-1.8,1.8148,0.1998,0.0072307,7e-07,0.017421,-0.007
1507,268.37,-1.84,1.8172,0.19985,0.0072078,7e-07,0.018384,-0.007
1508,264.62,-1.79,1.8127,0.19995,0.0071806,9e-07,0.01828,-0.006
1509,261.84,-1.82,1.8117,0.20004,0.0071607,8e-07,0.018365,-0.007
1510,260.67,-1.79,1.8119,0.20008,0.0071564,8e-07,0.018025,-0.007
1511,261.81,-1.83,1.811,0.20003,0.0071664,6e-07,0.016623,-0.007
1512,264.12,-1.78,1.8109,0.19996,0.0071821,7e-07,0.017716,-0.007
1513,266.59,-1.83,1.812,0.19989,0.0071961,8e-07,0.019046,-0.007
1514,267.49,-1.86,1.8113,0.19986,0.0072008,8e-07,0.017804,-0.006
1515,267.41,-1.81,1.8107,0.19986,0.0071941,1e-06,0.017091,-0.007
1516,266.17,-1.77,1.8141,0.19991,0.0071757,1.1e-06,0.01712,-0.007
1517,263.81,-1.9,1.8134,0.19999,0.0071488,1.1e-06,0.018304,-0.006
1518,261.16,-1.72,1.8113,0.20007,0.0071195,1.1e-06,0.018706,-0.007
1519,258.78,-1.85,1.8116,0.20015,0.0070915,1e-06,0.019459,-0.007
1520,256.63,-1.85,1.8099,0.20021,0.0070729,1e-06,0.019193,-0.006
1521,255.91,-1.86,1.8064,0.20022,0.0070636,1e-06,0.018616,-0.006
1522,256.71,-1.77,1.8075,0.2002,0.0070609,7e-07,0.018546,-0.007
1523,258.62,-1.79,1.8114,0.20016,0.0070609,3e-07,0.017344,-0.007
1524,259.39,-1.82,1.8101,0.20013,0.0070622,5e-07,0.01658,-0.007
1525,259.94,-1.94,1.8111,0.20011,0.0070684,7e-07,0.016328,-0.006
1526,259.98,-1.8,1.8068,0.20009,0.007082,8e-07,0.016061,-0.007
1527,262.2,-1.9,1.8095,0.20003,0.0071034,8e-07,0.016236,-0.006
1528,264.58,-1.82,1.8101,0.19995,0.0071281,9e-07,0.015627,-0.006
1529,266.13,-1.78,1.8089,0.1999,0.0071543,1.1e-06,0.014815,-0.006
1530,267.2,-1.79,1.8077,0.19985,0.0071761,1.2e-06,0.014993,-0.006
1531,268.74,-1.81,1.8097,0.19981,0.0071881,9e-07,0.014841,-0.006
1532,269.05,-1.82,1.8136,0.19982,0.0071813,7e-07,0.015003,-0.006
1533,266.35,-1.78,1.8111,0.1999,0.0071549,8e-07,0.015088,-0.006
1534,263.33,-1.84,1.8151,0.20002,0.0071159,8e-07,0.015202,-0.006
1535,259.47,-1.76,1.817,0.20015,0.0070719,9e-07,0.015336,-0.006
1536,255.62,-1.84,1.8184,0.20028,0.0070304,1.2e-06,0.016296,-0.007
1537,253.76,-1.84,1.818,0.20034,0.007003,1e-06,0.0158,-0.006
1538,253.65,-1.91,1.8186,0.20035,0.0069936,8e-07,0.015823,-0.005
1539,255.06,-1.81,1.8198,0.20031,0.0070064,1e-06,0.015747,-0.006
1540,258.22,-1.79,1.8197,0.20021,0.0070373,7e-07,0.014541,-0.006
1541,262.46,-1.8,1.8179,0.20006,0.0070786,6e-07,0.014226,-0.006
1542,266.36,-1.83,1.8164,0.19993,0.007121,8e-07,0.014486,-0.006
1543,269.64,-1.84,1.8156,0.19982,0.0071619,7e-07,0.014339,-0.006
1544,270.82,-1.83,1.8137,0.19977,0.0071896,8e-07,0.014143,-0.006
1545,271.33,-1.77,1.814,0.19975,0.0072053,8e-07,0.015601,-0.006
1546,270.1,-1.87,1.8111,0.19977,0.007206,8e-07,0.01664,-0.005
1547,268.27,-1.83,1.8115,0.19983,0.007192,1e-06,0.017427,-0.006
1548,265.81,-1.8,1.8137,0.19993,0.0071619,9e-07,0.017501,-0.006
1549,262.49,-1.78,1.8165,0.20005,0.0071201,1.1e-06,0.017036,-0.006
1550,257.72,-1.77,1.8137,0.20019,0.0070761,1.5e-06,0.017314,-0.005
1551,255.09,-1.86,1.8163,0.20029,0.0070494,1.6e-06,0.01678,-0.006
1552,254.49,-1.85,1.8142,0.2003,0.0070441,1.4e-06,0.0164,-0.005
1553,255.96,-1.88,1.8124,0.20024,0.0070623,1.3e-06,0.016022,-0.006
1554,259.98,-1.8,1.8146,0.20012,0.007095,1.2e-06,0.015461,-0.005
1555,264.72,-1.81,1.8149,0.19997,0.0071385,1.2e-06,0.015724,-0.005
1556,269.17,-1.77,1.8154,0.19983,0.0071852,1.5e-06,0.015814,-0.005
1557,272.33,-1.83,1.8177,0.19973,0.0072293,1.7e-06,0.016729,-0.006
1558,274.45,-1.84,1.8176,0.19966,0.0072652,1.7e-06,0.017154,-0.006
1559,275.03,-1.89,1.816,0.19963,0.0072913,2e-06,0.016673,-0.005
1560,275.3,-1.73,1.8177,0.19962,0.0073048,2.3e-06,0.016546,-0.006
1561,274.4,-1.78,1.8162,0.19964,0.0073095,2.3e-06,0.015816,-0.005
1562,272.98,-1.79,1.8169,0.19969,0.0073075,2.3e-06,0.014673,-0.005
1563,271.95,-1.85,1.8201,0.19974,0.0073035,2.4e-06,0.014961,-0.005
1564,270.95,-1.89,1.8191,0.19976,0.0073017,2.7e-06,0.015338,-0.005
1565,270.01,-1.81,1.8159,0.19978,0.0073022,2.8e-06,0.015158,-0.005
1566,270.69,-1.76,1.8193,0.19977,0.0073018,2.4e-06,0.014802,-0.005
1567,269.98,-1.82,1.8152,0.19978,0.0073039,2.3e-06,0.014893,-0.005
1568,269.85,-1.87,1.8127,0.19977,0.0073113,2.4e-06,0.01494,-0.005
1569,271.06,-1.8,1.8146,0.19974,0.0073219,2.5e-06,0.015446,-0.005
1570,272.13,-1.82,1.8148,0.1997,0.007329,2.8e-06,0.014899,-0.005
1571,272.21,-1.79,1.8131,0.19969,0.0073274,2.4e-06,0.015552,-0.005
1572,271.75,-1.87,1.8144,0.19972,0.0073127,2e-06,0.014748,-0.005
1573,269.34,-1.67,1.8123,0.19979,0.0072849,1.9e-06,0.015519,-0.005
1574,266.32,-1.79,1.8116,0.19988,0.00725,1.9e-06,0.014938,-0.004
1575,263.75,-1.76,1.8141,0.19998,0.0072098,2.4e-06,0.014156,-0.005
1576,260.53,-1.8,1.8107,0.20007,0.0071826,2.5e-06,0.015845,-0.005
1577,259.69,-1.79,1.8108,0.2001,0.0071708,2.2e-06,0.015026,-0.005
1578,260.95,-1.84,1.8116,0.20006,0.0071728,2.1e-06,0.013314,-0.005
1579,262.53,-1.78,1.8085,0.2,0.0071741,2e-06,0.013344,-0.005
1580,264.02,-1.81,1.8094,0.19996,0.0071679,1.7e-06,0.013902,-0.005
1581,264.21,-1.81,1.8132,0.19997,0.0071561,1.9e-06,0.01361,-0.005
1582,263.13,-1.8,1.8155,0.20002,0.0071412,2.1e-06,0.013412,-0.005
1583,262.25,-1.82,1.8166,0.20005,0.0071226,2e-06,0.013579,-0.005
1584,260.18,-1.76,1.8132,0.20011,0.0071121,2e-06,0.013828,-0.004
1585,259.5,-1.8,1.8113,0.20012,0.0071193,1.8e-06,0.0135,-0.005
1586,261.23,-1.8,1.8093,0.20005,0.0071481,1.7e-06,0.014221,-0.004
1587,265.46,-1.93,1.8105,0.19992,0.0071811,1.5e-06,0.01493,-0.004
1588,269.03,-1.88,1.8121,0.19981,0.0072001,1.5e-06,0.014722,-0.004
1589,269.24,-1.79,1.8107,0.1998,0.0072034,1.2e-06,0.014079,-0.005
1590,268.06,-1.73,1.8113,0.19984,0.0071974,1.1e-06,0.014203,-0.005
1591,266.01,-1.8,1.8105,0.1999,0.0071875,1e-06,0.014388,-0.005
1592,264.48,-1.78,1.81,0.19995,0.0071736,1e-06,0.015747,-0.005
1593,262.91,-1.86,1.8093,0.2,0.0071565,1.1e-06,0.015901,-0.004
1594,261.92,-1.8,1.8113,0.20004,0.0071427,1.2e-06,0.015922,-0.004
1595,260.9,-1.87,1.8091,0.20006,0.0071356,1.1e-06,0.015533,-0.005
1596,260.67,-1.72,1.8086,0.20007,0.0071321,1e-06,0.014392,-0.004
1597,261.43,-1.82,1.8096,0.20005,0.0071346,8e-07,0.01379,-0.004
1598,262.32,-1.83,1.8084,0.20001,0.0071498,6e-07,0.012998,-0.004
1599,263.57,-1.79,1.806,0.19996,0.0071817,8e-07,0.01259,-0.004
1600,266.8,-1.78,1.8034,0.19984,0.0072235,1.2e-06,0.013347,-0.004
1601,271.07,-1.89,1.8031,0.19969,0.0072718,1.6e-06,0.015126,-0.004
1602,274.75,-1.91,1.8057,0.19959,0.0073038,1.8e-06,0.016023,-0.004
1603,275.57,-1.87,1.8104,0.19958,0.0072957,1.9e-06,0.015904,-0.004
1604,271.83,-1.89,1.812,0.19971,0.007262,1.8e-06,0.015718,-0.003
1605,266.53,-1.88,1.812,0.19988,0.0072285,1.9e-06,0.013828,-0.004
1606,262.67,-1.81,1.8107,0.2,0.0072166,2.1e-06,0.013345,-0.003
1607,262.59,-1.87,1.8072,0.19998,0.0072252,1.9e-06,0.013955,-0.004
1608,265.01,-1.85,1.8061,0.1999,0.007242,1.6e-06,0.0142,-0.004
1609,268.01,-1.78,1.8108,0.19983,0.0072506,1.1e-06,0.01426,-0.004
1610,269.47,-1.82,1.8148,0.1998,0.0072396,1e-06,0.013883,-0.004
1611,267.86,-1.8,1.8168,0.19987,0.0072076,1.1e-06,0.014081,-0.004
1612,264.06,-1.8,1.8157,0.19999,0.007165,9e-07,0.015304,-0.004
1613,259.36,-1.84,1.815,0.20014,0.0071183,9e-07,0.014984,-0.004
1614,256.43,-1.84,1.8146,0.20023,0.0070973,1e-06,0.014916,-0.003
1615,256.86,-1.86,1.8149,0.20022,0.0071035,1e-06,0.012912,-0.003
1616,260.61,-1.86,1.8162,0.2001,0.0071298,9e-07,0.011636,-0.004
1617,264.75,-1.79,1.8158,0.19997,0.0071671,8e-07,0.010861,-0.004
1618,268.67,-1.84,1.8157,0.19984,0.0072024,5e-07,0.011229,-0.003
1619,271.37,-1.8,1.8119,0.19974,0.0072256,7e-07,0.010971,-0.003
1620,271.47,-1.77,1.8098,0.19972,0.0072293,6e-07,0.011101,-0.003
1621,269.77,-1.78,1.8099,0.19978,0.0072136,1e-06,0.010734,-0.003
1622,266.73,-1.8,1.8142,0.1999,0.007182,1.3e-06,0.009794,-0.004
1623,262.17,-1.83,1.8108,0.20003,0.0071377,1.5e-06,0.010261,-0.003
1624,256.72,-1.71,1.8071,0.20019,0.0070933,1.5e-06,0.010695,-0.003
1625,254.44,-1.7,1.8067,0.20026,0.0070743,1.5e-06,0.010531,-0.003
1626,255.12,-1.76,1.8069,0.20024,0.0070751,1.7e-06,0.010841,-0.003
1627,257.43,-1.75,1.8044,0.20016,0.0070822,1.7e-06,0.012089,-0.003
1628,259.61,-1.78,1.8034,0.20009,0.0070872,1.6e-06,0.011094,-0.004
1629,261.07,-1.74,1.8084,0.20006,0.007097,1.4e-06,0.011169,-0.003
1630,261.98,-1.9,1.8086,0.20003,0.0071175,1.3e-06,0.012375,-0.003
1631,264.1,-1.78,1.8087,0.19996,0.0071462,1.2e-06,0.013878,-0.003
1632,266.67,-1.79,1.8085,0.19987,0.0071706,1.2e-06,0.015198,-0.003
1633,268.01,-1.76,1.8101,0.19984,0.0071891,9e-07,0.015527,-0.002
1634,268.43,-1.66,1.8083,0.19981,0.0072053,5e-07,0.013729,-0.003
1635,267.74,-1.82,1.8036,0.19981,0.0072244,9e-07,0.012953,-0.003
1636,268.35,-1.79,1.8032,0.19979,0.0072379,1.4e-06,0.012435,-0.003
1637,269.3,-2,1.8072,0.19978,0.0072338,1.1e-06,0.012869,-0.003
1638,268.37,-1.79,1.8123,0.19983,0.0072071,8e-07,0.012657,-0.003
1639,264.71,-1.84,1.8157,0.19997,0.007161,7e-07,0.013724,-0.003
1640,258.74,-1.86,1.8145,0.20016,0.0071046,5e-07,0.013689,-0.003
1641,254.21,-1.81,1.8131,0.2003,0.0070587,3e-07,0.013186,-0.002
1642,253.21,-1.8,1.8139,0.20034,0.0070423,1e-07,0.012952,-0.003
1643,254.94,-1.78,1.8158,0.20029,0.0070482,0,0.013608,-0.003
1644,258.52,-1.77,1.8178,0.20019,0.0070667,-1e-07,0.013047,-0.003
1645,262.02,-1.84,1.8171,0.20007,0.0070954,1e-07,0.013515,-0.003
1646,264.95,-1.81,1.8153,0.19996,0.007134,4e-07,0.013431,-0.003
1647,268.68,-1.83,1.8149,0.19984,0.0071806,6e-07,0.012822,-0.004
1648,273.19,-1.71,1.8161,0.1997,0.0072286,1.1e-06,0.012008,-0.003
1649,275.1,-1.84,1.8121,0.19961,0.0072701,1.3e-06,0.01145,-0.003
1650,274.75,-1.82,1.8101,0.19961,0.0072847,1.4e-06,0.011311,-0.004
1651,273.47,-1.8,1.813,0.19966,0.007291,1.5e-06,0.011685,-0.003
1652,272.19,-1.76,1.8125,0.1997,0.0072965,1.6e-06,0.011352,-0.002
1653,271.31,-1.86,1.812,0.19972,0.0072988,1.8e-06,0.012026,-0.003
1654,270.88,-1.76,1.8129,0.19974,0.007294,1.8e-06,0.013373,-0.002
1655,269.73,-1.84,1.813,0.19978,0.0072912,1.8e-06,0.01353,-0.002
1656,269.01,-1.79,1.8134,0.1998,0.0072988,1.8e-06,0.013189,-0.002
1657,270.71,-1.82,1.8142,0.19975,0.007306,1.7e-06,0.013103,-0.002
1658,271.04,-1.74,1.8096,0.19972,0.0072961,1.9e-06,0.013415,-0.002
1659,269.8,-1.86,1.8132,0.19978,0.0072692,1.8e-06,0.013585,-0.003
1660,266.79,-1.95,1.8131,0.19988,0.0072466,1.8e-06,0.013388,-0.002
1661,263.41,-1.81,1.8067,0.19995,0.0072355,1.5e-06,0.012955,-0.002
1662,263.53,-1.88,1.8052,0.19994,0.0072272,1.3e-06,0.013095,-0.003
1663,263.83,-1.73,1.805,0.19994,0.0072129,1.4e-06,0.013449,-0.002
1664,263.56,-1.91,1.8047,0.19995,0.0071878,1.7e-06,0.013361,-0.003
1665,261.83,-1.79,1.8072,0.20002,0.0071515,1.6e-06,0.013313,-0.002
1666,258.66,-1.86,1.8037,0.20011,0.0071098,1.4e-06,0.013272,-0.002
1667,255.39,-1.8,1.802,0.20021,0.0070729,1.2e-06,0.014747,-0.002
1668,254.31,-1.86,1.8058,0.20027,0.007046,1e-06,0.01511,-0.002
1669,253.38,-1.77,1.8061,0.2003,0.0070253,1.3e-06,0.015695,-0.002
1670,253.76,-1.77,1.8057,0.20029,0.0070081,1.4e-06,0.016528,-0.002
1671,254.03,-1.86,1.8064,0.20029,0.0069963,1.5e-06,0.017099,-0.002
1672,253.97,-1.75,1.803,0.20028,0.0069905,1.4e-06,0.017405,-0.003
1673,254.2,-1.88,1.8004,0.20026,0.0069919,1.3e-06,0.017779,-0.002
1674,255.49,-1.85,1.8033,0.20023,0.006995,1.2e-06,0.016655,-0.002
1675,256.27,-1.83,1.8029,0.2002,0.0069955,1.2e-06,0.017204,-0.001
1676,256.28,-1.74,1.8022,0.2002,0.0069968,1.8e-06,0.018243,-0.002
1677,256.5,-1.92,1.8021,0.20019,0.0070051,1.8e-06,0.017254,-0.002
1678,257.22,-1.8,1.802,0.20016,0.0070219,1.5e-06,0.015659,-0.002
1679,258.82,-1.83,1.8018,0.20011,0.0070365,1.2e-06,0.01631,-0.002
1680,259.95,-1.8,1.8036,0.20008,0.0070415,1.4e-06,0.015843,-0.001
1681,259.74,-1.9,1.8031,0.20009,0.0070453,1.4e-06,0.014008,-0.003
1682,259.66,-1.85,1.804,0.20009,0.0070597,1.3e-06,0.013083,-0.002
1683,261.1,-1.72,1.8089,0.20006,0.0070807,1e-06,0.012795,-0.003
1684,263.39,-1.83,1.8105,0.2,0.007092,9e-07,0.014718,-0.002
1685,263.8,-1.85,1.8101,0.19999,0.0070866,7e-07,0.0176,-0.002
1686,262.08,-1.86,1.8088,0.20003,0.0070798,6e-07,0.018875,-0.003
1687,259.68,-1.76,1.8052,0.20009,0.0070915,6e-07,0.017326,-0.002
1688,260.57,-1.77,1.8035,0.20005,0.0071147,7e-07,0.015698,-0.003
1689,263.83,-1.83,1.8048,0.19995,0.0071289,9e-07,0.0165,-0.001
1690,264.37,-1.71,1.8052,0.19994,0.0071201,9e-07,0.016699,-0.002
1691,262.49,-1.77,1.8062,0.20001,0.0071011,9e-07,0.017621,-0.002
1692,259.43,-1.78,1.8048,0.2001,0.0070904,5e-07,0.017721,-0.002
1693,257.72,-1.77,1.7999,0.20013,0.0070956,5e-07,0.017203,-0.002
1694,258.66,-1.85,1.7986,0.20009,0.0071104,8e-07,0.017292,-0.001
1695,261.3,-1.86,1.8014,0.20001,0.0071284,1.1e-06,0.01848,-0.002
1696,263.66,-1.85,1.8043,0.19995,0.0071394,9e-07,0.018398,-0.002
1697,264.65,-1.78,1.808,0.19994,0.0071386,1e-06,0.01826,-0.002
1698,264.37,-1.84,1.8101,0.19996,0.00713,1e-06,0.018504,-0.002
1699,262.59,-1.76,1.8086,0.20001,0.0071265,1e-06,0.018257,-0.002
1700,261.5,-1.8,1.809,0.20004,0.0071332,1e-06,0.017828,-0.002
1701,262.81,-1.72,1.8102,0.2,0.007148,1e-06,0.017267,-0.002
1702,264.73,-1.89,1.8113,0.19995,0.0071649,9e-07,0.016661,-0.002
1703,266.5,-1.8,1.8129,0.1999,0.0071811,7e-07,0.016612,-0.002
1704,267.59,-1.88,1.8148,0.19987,0.0071924,8e-07,0.017777,-0.002
1705,267.88,-1.84,1.8149,0.19986,0.0072051,1.3e-06,0.017946,-0.002
1706,268.62,-1.77,1.8171,0.19984,0.0072238,1.5e-06,0.01646,-0.002
1707,269.4,-1.8,1.8153,0.1998,0.0072468,1.3e-06,0.017145,-0.001
1708,270.72,-1.74,1.8125,0.19975,0.007268,1.2e-06,0.016666,-0.002
1709,272.23,-1.81,1.8152,0.19971,0.0072803,1.2e-06,0.016062,-0.002
1710,272.3,-1.77,1.8171,0.19972,0.0072773,1.1e-06,0.014517,-0.002
1711,271.05,-1.79,1.8183,0.19977,0.0072551,9e-07,0.015054,-0.002
1712,268.22,-1.84,1.8211,0.19987,0.0072221,1e-06,0.015054,-0.001
1713,264.26,-1.88,1.8194,0.19999,0.0071966,9e-07,0.014743,-0.002
1714,262.14,-1.81,1.818,0.20005,0.0071932,6e-07,0.014188,-0.002
1715,263.3,-1.83,1.8172,0.20001,0.0072069,7e-07,0.014073,-0.002
1716,265.76,-1.8,1.8142,0.19992,0.0072232,1.1e-06,0.014194,-0.002
1717,268.35,-1.78,1.8151,0.19984,0.0072287,1.3e-06,0.015563,-0.001
1718,269.25,-1.82,1.8182,0.19983,0.0072219,1.5e-06,0.015497,-0.002
1719,266.88,-1.82,1.8133,0.19988,0.0072154,1.7e-06,0.015855,-0.002
1720,265.58,-1.79,1.8103,0.1999,0.0072195,1.6e-06,0.015555,-0.001
1721,265.69,-1.77,1.8082,0.19989,0.0072314,1.6e-06,0.015755,-0.001
1722,266.72,-1.81,1.8047,0.19984,0.0072412,1.6e-06,0.016396,-0.002
1723,267.65,-1.81,1.8034,0.19981,0.0072423,1.5e-06,0.016852,-0.001
1724,267.02,-1.76,1.8037,0.19983,0.0072321,1.4e-06,0.015695,-0.001
1725,265.3,-1.8,1.8018,0.19988,0.0072146,1.4e-06,0.014772,-0.001
1726,263.14,-1.78,1.8005,0.19994,0.0071919,1.1e-06,0.013985,-0.002
1727,261.51,-1.74,1.8027,0.20001,0.0071669,1.1e-06,0.013185,-0.002
1728,260.02,-1.76,1.804,0.20006,0.0071423,6e-07,0.011606,-0.001
1729,259.02,-1.8,1.806,0.2001,0.0071276,5e-07,0.011523,-0.001
1730,259.18,-1.69,1.8066,0.2001,0.0071301,6e-07,0.010412,-0.001
1731,260.7,-1.64,1.8072,0.20005,0.007149,6e-07,0.009187,-0.002
1732,264.18,-1.82,1.8111,0.19996,0.0071712,7e-07,0.011352,-0.002
1733,267.14,-1.79,1.8135,0.19988,0.0071848,9e-07,0.010555,-0.001
1734,267.77,-1.8,1.8136,0.19986,0.007187,1e-06,0.010366,-0.001
1735,267.39,-1.79,1.8168,0.19989,0.0071793,1.2e-06,0.010241,-0
1736,266.31,-1.76,1.8207,0.19994,0.0071638,1.3e-06,0.010977,-0.002
1737,264.68,-1.87,1.8209,0.2,0.0071393,1e-06,0.012851,-0.002
1738,261.84,-1.79,1.8201,0.20008,0.0071122,6e-07,0.012356,-0.001
1739,260.24,-1.84,1.8224,0.20015,0.0070888,5e-07,0.013129,-0.001
1740,258.91,-1.84,1.8224,0.20019,0.0070764,2e-07,0.01307,-0.001
1741,259.35,-1.83,1.8227,0.20018,0.0070741,1e-07,0.012161,-0.001
1742,260.05,-1.9,1.8203,0.20015,0.0070788,1e-07,0.011071,-0.001
1743,261.43,-1.83,1.8181,0.20009,0.0070917,4e-07,0.010596,-0.001
1744,263.07,-1.83,1.8182,0.20004,0.0071143,8e-07,0.009628,-0.001
1745,264.35,-1.71,1.8117,0.19996,0.007149,1e-06,0.008896,-0.001
1746,267.2,-1.65,1.8136,0.19988,0.0071866,1e-06,0.009153,-0.001
1747,270.38,-1.82,1.8135,0.19977,0.0072175,1.2e-06,0.009157,-0.001
1748,272.14,-1.72,1.8171,0.19973,0.007234,1.3e-06,0.009275,-0.001
1749,271.67,-1.83,1.813,0.19973,0.0072324,1.5e-06,0.007206,-0.001
1750,269.87,-1.89,1.8139,0.19979,0.0072137,1.7e-06,0.00567,-0.001
1751,266.19,-1.74,1.8145,0.19991,0.0071799,1.7e-06,0.007785,-0.002
1752,261.62,-1.77,1.8132,0.20005,0.0071395,1.5e-06,0.007684,-0.001
1753,258.73,-1.86,1.8155,0.20016,0.0070991,1.3e-06,0.007575,-0.001
1754,256.33,-1.81,1.8165,0.20025,0.0070713,1.6e-06,0.008563,-0.001
1755,256.33,-1.79,1.8197,0.20026,0.0070661,1.8e-06,0.00773,-0.001
1756,257.27,-1.83,1.8151,0.20021,0.0070821,1.7e-06,0.007392,-0.001
1757,261.18,-1.8,1.816,0.20009,0.0071131,1.6e-06,0.007388,-0.001
1758,264.9,-1.84,1.812,0.19995,0.0071527,1.5e-06,0.007179,-0.001
1759,268.87,-1.73,1.814,0.19983,0.0071958,1.3e-06,0.007551,-0.001
1760,271.62,-1.87,1.8132,0.19973,0.0072247,1.2e-06,0.006933,-0.001
1761,272.07,-1.79,1.8104,0.1997,0.0072338,1.1e-06,0.007804,0
1762,270.81,-1.89,1.813,0.19976,0.0072243,1.3e-06,0.006616,-0.001
1763,267.76,-1.81,1.813,0.19986,0.0071949,1.4e-06,0.007499,-0.001
1764,263.19,-1.72,1.8082,0.19998,0.0071512,1.6e-06,0.008163,-0.001
1765,257.26,-1.78,1.8028,0.20015,0.0070938,1.6e-06,0.010101,-0.001
1766,251.27,-1.84,1.7941,0.20031,0.007035,1.6e-06,0.009694,-0.001
1767,247.42,-1.79,1.7856,0.2004,0.0069957,1.6e-06,0.01019,-0.001
1768,245.41,-1.78,1.776,0.20043,0.0069766,2.1e-06,0.008765,-0.001
1769,245.25,-1.91,1.7672,0.2004,0.0069705,2.2e-06,0.010156,-0.001
1770,247.22,-1.7,1.7683,0.20034,0.0069728,2.4e-06,0.009634,-0.002
1771,249.36,-1.84,1.7707,0.20028,0.0069802,2.3e-06,0.009806,-0.001
1772,251.46,-1.89,1.7704,0.20021,0.0069954,1.7e-06,0.010618,-0
1773,253.07,-1.92,1.7708,0.20016,0.0070253,1.7e-06,0.009789,-0.001
1774,256.53,-1.76,1.7769,0.20007,0.0070623,1.5e-06,0.009564,-0.001
1775,261.31,-1.69,1.7837,0.19994,0.0071095,1.5e-06,0.009554,-0.002
1776,266.87,-1.75,1.7974,0.19982,0.0071573,1.8e-06,0.009579,-0.001
1777,270.76,-1.73,1.8038,0.19972,0.007205,1.7e-06,0.009812,0
1778,273.22,-1.77,1.8118,0.19967,0.0072383,1.7e-06,0.010378,-0
1779,274.61,-1.67,1.8199,0.19966,0.0072659,1.4e-06,0.00887,-0.001
1780,275.11,-1.85,1.823,0.19966,0.0072904,1.2e-06,0.00833,-0.001
1781,275.03,-1.93,1.8208,0.19965,0.0073086,1.2e-06,0.011146,-0.001
1782,274.34,-1.96,1.8159,0.19964,0.0073164,1e-06,0.009147,-0.002
1783,273.07,-1.86,1.8134,0.19967,0.0073194,1e-06,0.007834,-0.001
1784,271.97,-1.81,1.8125,0.1997,0.0073218,1.3e-06,0.007396,-0.001
1785,271.26,-1.79,1.8109,0.19972,0.0073155,1.4e-06,0.006542,-0.002
1786,269.36,-1.8,1.8069,0.19976,0.0072917,1.5e-06,0.007181,-0.001
1787,266.75,-1.79,1.8062,0.19984,0.0072546,1.3e-06,0.006605,-0.001
1788,262.7,-1.81,1.8085,0.19999,0.0072111,1.1e-06,0.007093,-0.001
1789,260.16,-1.89,1.81,0.20008,0.0071692,1.2e-06,0.00547,-0.001
1790,258.02,-1.89,1.8088,0.20015,0.0071313,8e-07,0.004301,-0.001
1791,256.9,-1.78,1.8142,0.20022,0.0070877,5e-07,0.005051,-0.001
1792,255.45,-1.7,1.8191,0.20029,0.007042,6e-07,0.00549,-0.001
1793,253.4,-1.86,1.8205,0.20036,0.0070117,9e-07,0.006634,-0.001
1794,252.84,-1.72,1.8159,0.20036,0.0069973,1.2e-06,0.009192,-0.001
1795,254.03,-1.78,1.8146,0.20032,0.0069934,1.1e-06,0.011166,-0.001
1796,255.88,-1.84,1.8169,0.20028,0.0069909,1e-06,0.011053,-0.001
1797,257.43,-1.79,1.8207,0.20025,0.0069832,1.1e-06,0.010467,-0
1798,257.49,-1.84,1.822,0.20025,0.0069711,1.2e-06,0.008043,-0.001
1799,255.88,-1.89,1.8177,0.20029,0.0069617,1.3e-06,0.006561,-0.001
1800,255.26,-1.79,1.8169,0.2003,0.0069624,1.2e-06,0.006951,-0.001
1801,255.99,-1.86,1.8151,0.20027,0.0069741,1e-06,0.006582,-0
1802,257.32,-1.84,1.8134,0.20022,0.0069913,9e-07,0.008133,-0.001
1803,259.83,-1.81,1.8154,0.20015,0.0070099,6e-07,0.006193,-0.001
1804,261.65,-1.91,1.8182,0.2001,0.0070238,8e-07,0.006415,-0.001
1805,262.55,-1.79,1.8202,0.20008,0.0070376,1.1e-06,0.00808,-0
1806,262.38,-1.81,1.818,0.20007,0.0070553,1.3e-06,0.009627,-0.001
1807,263.23,-1.83,1.8185,0.20004,0.0070779,1.4e-06,0.010543,-0.001
1808,264.79,-1.74,1.8182,0.19999,0.0070927,1.5e-06,0.010552,-0
1809,265.5,-1.89,1.819,0.19997,0.0070938,1.1e-06,0.011494,-0.001
1810,264.71,-1.77,1.8187,0.2,0.0070856,1.3e-06,0.012533,-0.001
1811,261.88,-1.79,1.8159,0.20007,0.0070764,1.2e-06,0.01261,-0.001
1812,260.31,-1.73,1.8144,0.20012,0.007068,1.3e-06,0.01472,-0
1813,258.91,-1.8,1.8123,0.20015,0.0070566,1.4e-06,0.015908,-0.001
1814,258.31,-1.73,1.8099,0.20016,0.0070387,1.4e-06,0.016485,-0.001
1815,256.93,-1.81,1.8089,0.20021,0.0070164,1.4e-06,0.018117,-0.001
1816,255.32,-1.79,1.8102,0.20026,0.0069946,1.2e-06,0.019102,-0.001
1817,253.9,-1.84,1.8088,0.2003,0.0069807,1.6e-06,0.019088,-0.001
1818,252.52,-1.82,1.8045,0.20033,0.0069828,1.6e-06,0.019004,-0
1819,253.5,-1.83,1.8029,0.20029,0.0070026,1.1e-06,0.017034,-0.001
1820,257.78,-1.78,1.8044,0.20016,0.0070326,8e-07,0.015777,-0.001
1821,261.93,-1.83,1.8074,0.20004,0.0070556,4e-07,0.016351,-0.001
1822,263.11,-1.76,1.8071,0.2,0.0070619,5e-07,0.014035,-0
1823,262.12,-1.77,1.8075,0.20003,0.0070586,9e-07,0.011709,-0.001
1824,260.56,-1.74,1.8078,0.20008,0.0070642,1.2e-06,0.010443,-0.001
1825,260.03,-1.8,1.8055,0.20008,0.0070812,1.5e-06,0.012721,-0.001
1826,261.47,-1.75,1.8014,0.20002,0.0071025,1.4e-06,0.01347,-0.001
1827,262.87,-1.76,1.7984,0.19996,0.00712,1.5e-06,0.013925,-0.001
1828,264,-1.87,1.8015,0.19993,0.0071264,1.4e-06,0.013033,-0.001
1829,263.2,-1.8,1.801,0.19996,0.0071154,1.2e-06,0.010603,-0.001
1830,260.36,-1.78,1.7982,0.20004,0.0070863,1.1e-06,0.012403,-0.001
1831,256.81,-1.81,1.7998,0.20016,0.0070447,1.1e-06,0.014168,-0.001
1832,252.69,-1.76,1.8012,0.20031,0.0069988,8e-07,0.014347,-0.001
1833,250.02,-1.92,1.8019,0.2004,0.0069651,8e-07,0.013235,-0.001
1834,249.12,-1.85,1.801,0.20042,0.0069511,1.2e-06,0.012536,-0.001
1835,249.84,-1.75,1.8,0.2004,0.0069543,1e-06,0.013156,-0.001
1836,252.93,-1.78,1.8019,0.20031,0.0069716,9e-07,0.013559,-0.001
1837,255.87,-1.84,1.8036,0.20022,0.0069955,8e-07,0.010677,-0.001
1838,258.91,-1.8,1.8052,0.20013,0.0070151,7e-07,0.00981,-0.001
1839,260.23,-1.79,1.804,0.20008,0.0070283,5e-07,0.008905,-0.001
1840,261.15,-1.82,1.8096,0.20008,0.0070323,6e-07,0.008532,-0.002
1841,259.79,-1.74,1.8082,0.20011,0.0070353,8e-07,0.009031,-0
1842,259.67,-1.66,1.8087,0.20011,0.0070469,8e-07,0.011033,-0.001
1843,260.68,-1.88,1.8106,0.20009,0.007066,1e-06,0.011412,-0.001
1844,262.18,-1.76,1.8111,0.20004,0.0070908,9e-07,0.01344,-0.001
1845,263.93,-1.92,1.8105,0.19998,0.0071236,7e-07,0.014534,-0.001
1846,266.22,-1.84,1.8087,0.19989,0.0071637,5e-07,0.014986,-0.001
1847,269.09,-1.83,1.8054,0.19978,0.007211,4e-07,0.013194,-0.001
1848,272.76,-1.77,1.8052,0.19965,0.0072591,6e-07,0.013483,-0.001
1849,275.58,-1.81,1.8097,0.19958,0.0072842,5e-07,0.01391,-0.002
1850,274.62,-1.81,1.8095,0.19961,0.0072704,7e-07,0.014464,-0.001
1851,269.71,-1.87,1.8091,0.19977,0.007232,1e-06,0.014623,-0.001
1852,262.93,-1.82,1.8061,0.19997,0.007196,1.1e-06,0.014451,-0.001
1853,259.59,-1.77,1.8038,0.20007,0.0071868,1e-06,0.013204,-0.001
1854,260.7,-1.84,1.8049,0.20003,0.0071964,1.1e-06,0.013187,-0.001
1855,263.1,-1.9,1.8034,0.19995,0.0072055,1.4e-06,0.012284,-0.001
1856,265.41,-1.89,1.8052,0.19989,0.0071999,1.8e-06,0.011973,-0.001
1857,265.53,-1.81,1.8097,0.19991,0.0071768,1.5e-06,0.013704,-0.001
1858,263.21,-1.77,1.8105,0.19999,0.0071368,1.4e-06,0.014477,-0.001
1859,258.81,-1.74,1.8123,0.20015,0.0070726,1.6e-06,0.013871,-0.001
1860,252.21,-1.83,1.8123,0.20036,0.0070053,1.4e-06,0.013,-0.001
1861,247.84,-1.74,1.8104,0.2005,0.0069609,1.1e-06,0.012629,-0.001
1862,248.06,-1.84,1.813,0.2005,0.0069591,1.6e-06,0.012574,0
1863,251.37,-1.89,1.8096,0.20038,0.0069795,2e-06,0.012638,-0.001
1864,256.24,-1.87,1.8088,0.20023,0.0070087,1.9e-06,0.012219,-0
1865,260.95,-1.82,1.8104,0.20008,0.0070424,1.9e-06,0.012739,-0.001
1866,264.23,-1.81,1.8127,0.19999,0.0070748,1.9e-06,0.012351,-0.001
1867,266.04,-1.92,1.8125,0.19992,0.0071032,1.6e-06,0.011393,-0
1868,266.91,-1.83,1.8133,0.1999,0.0071244,1.5e-06,0.011436,-0.001
1869,267.08,-1.8,1.8121,0.19988,0.0071395,1.4e-06,0.011317,-0
1870,266.96,-1.88,1.813,0.19989,0.0071474,9e-07,0.011637,-0.001
1871,266.07,-1.78,1.814,0.19992,0.0071416,1.1e-06,0.011331,-0.001
1872,264.14,-1.78,1.813,0.19998,0.0071214,1.2e-06,0.011666,-0.001
1873,261.51,-1.87,1.815,0.20008,0.0070906,1.1e-06,0.011725,-0.001
1874,257.96,-1.78,1.8144,0.20019,0.0070633,1.2e-06,0.01108,-0.001
1875,256.04,-1.87,1.8125,0.20024,0.0070475,1.7e-06,0.011406,-0.001
1876,255.52,-1.78,1.8091,0.20024,0.0070469,1.7e-06,0.011487,-0.002
1877,256.64,-1.84,1.8052,0.20019,0.0070617,2e-06,0.011334,-0.001
1878,259.23,-1.87,1.8023,0.20009,0.0070872,1.9e-06,0.011837,-0.002
1879,262.31,-1.79,1.8046,0.2,0.0071148,1.7e-06,0.011908,-0.002
1880,264.77,-1.71,1.8049,0.19992,0.0071326,1.9e-06,0.011864,-0.002
1881,265.74,-1.79,1.8081,0.19991,0.0071358,1.9e-06,0.013479,-0.001
1882,264.77,-1.72,1.8098,0.19994,0.0071309,1.6e-06,0.012512,-0.001
1883,262.75,-1.83,1.8106,0.20001,0.0071347,1.7e-06,0.012331,-0.001
1884,262.31,-1.78,1.8067,0.2,0.0071592,1.5e-06,0.014347,-0.001
1885,265.47,-1.78,1.8066,0.19989,0.0072005,1.6e-06,0.014444,-0.002
1886,270.19,-1.82,1.8106,0.19976,0.0072476,1.7e-06,0.012801,-0.002
1887,274.32,-1.76,1.8146,0.19965,0.0072661,1.8e-06,0.012433,-0.001
1888,273.69,-1.83,1.8136,0.19966,0.0072573,1.5e-06,0.013484,-0.002
1889,269.58,-1.73,1.8118,0.19978,0.0072354,1.7e-06,0.013639,-0
1890,265.54,-1.82,1.811,0.19991,0.0072158,1.7e-06,0.013592,-0.001
1891,263.11,-1.78,1.8065,0.19997,0.0071955,1.6e-06,0.014873,-0.002
1892,262.13,-1.89,1.8083,0.20001,0.0071712,1.5e-06,0.014472,-0.001
1893,260.35,-1.76,1.8065,0.20006,0.0071481,1.5e-06,0.013773,-0.001
1894,258.83,-1.87,1.8071,0.20011,0.0071357,1.5e-06,0.013797,-0.001
1895,259.87,-1.88,1.8104,0.2001,0.007135,1.4e-06,0.013287,-0.001
1896,260.4,-1.85,1.8065,0.20006,0.0071443,1.5e-06,0.013051,-0.001
1897,262.23,-1.82,1.8043,0.19999,0.0071615,1.6e-06,0.012731,-0.001
1898,264.12,-1.94,1.8044,0.19993,0.0071815,2e-06,0.011849,-0.002
1899,267.39,-1.86,1.8102,0.19985,0.0071916,2.3e-06,0.012122,-0.001
1900,267.68,-1.88,1.8116,0.19985,0.0071839,2e-06,0.013542,-0.002
1901,265.96,-1.83,1.8157,0.19993,0.00717,1.6e-06,0.01434,-0.001
1902,263.73,-1.89,1.8139,0.19999,0.0071646,1.7e-06,0.01314,-0.001
1903,262.69,-1.85,1.8119,0.20001,0.0071752,2e-06,0.012716,-0.001
1904,264.49,-1.85,1.811,0.19995,0.00719,2e-06,0.013422,-0.002
1905,266.52,-1.74,1.8119,0.19989,0.0071893,1.8e-06,0.013169,-0.001
1906,266.25,-1.85,1.8131,0.19991,0.0071631,1.8e-06,0.014365,-0.002
1907,262.39,-1.89,1.8141,0.20004,0.0071163,1.7e-06,0.014909,-0.001
1908,257.38,-1.78,1.8159,0.20021,0.0070572,1.5e-06,0.013791,-0.002
1909,252.73,-1.83,1.8172,0.20037,0.0070023,1.3e-06,0.012797,-0.001
1910,249.63,-1.87,1.8179,0.20048,0.0069551,9e-07,0.012253,-0.002
1911,247.96,-1.82,1.8139,0.20052,0.0069284,9e-07,0.012229,-0.001
1912,248.87,-1.79,1.8136,0.20049,0.0069302,9e-07,0.012172,-0.001
1913,251.62,-1.87,1.813,0.2004,0.0069534,1e-06,0.011965,-0.001
1914,256.24,-1.73,1.8135,0.20025,0.0069869,9e-07,0.012807,-0.001
1915,260.59,-1.82,1.8143,0.20011,0.0070223,1.2e-06,0.012833,-0.001
1916,262.99,-1.87,1.8104,0.20002,0.0070575,1.2e-06,0.014124,-0.001
1917,265.05,-1.82,1.8107,0.19995,0.0070932,1.2e-06,0.013201,-0.002
1918,266,-1.83,1.8088,0.1999,0.007121,1.1e-06,0.013039,-0.002
1919,266.27,-1.85,1.8037,0.19987,0.0071329,6e-07,0.012631,-0.002
1920,264.89,-1.89,1.8014,0.1999,0.007126,7e-07,0.012576,-0.002
1921,263.32,-1.82,1.8066,0.19998,0.0071054,7e-07,0.012335,-0.002
1922,260.18,-1.85,1.8065,0.20008,0.0070804,7e-07,0.012083,-0.001
1923,257.31,-1.84,1.8055,0.20017,0.007058,4e-07,0.012361,-0.002
1924,255.66,-1.83,1.8062,0.20022,0.0070462,0,0.012201,-0.002
1925,255.36,-1.87,1.8041,0.20023,0.0070377,2e-07,0.012536,-0.001
1926,256.14,-1.83,1.8079,0.20022,0.0070212,6e-07,0.011799,-0.001
1927,255.67,-1.78,1.8083,0.20024,0.0069909,8e-07,0.012622,-0.002
1928,254.25,-1.83,1.8133,0.20032,0.0069567,1e-06,0.011979,-0.002
1929,251.43,-1.89,1.8158,0.20042,0.0069282,1e-06,0.012109,-0.002
1930,250.85,-1.86,1.8189,0.20045,0.0069185,1.1e-06,0.013171,-0.002
1931,251.53,-1.87,1.8172,0.20042,0.0069366,1e-06,0.012433,-0.001
1932,254.82,-1.81,1.8157,0.2003,0.0069744,7e-07,0.01346,-0.002
1933,260.42,-1.83,1.815,0.20012,0.007023,5e-07,0.014142,-0.002
1934,264.81,-1.84,1.808,0.19994,0.0070791,4e-07,0.014261,-0.002
1935,268.45,-1.95,1.8109,0.19984,0.0071229,2e-07,0.01338,-0.002
1936,269.72,-1.88,1.8123,0.1998,0.0071383,7e-07,0.01415,-0.002
1937,268.63,-1.84,1.8142,0.19985,0.0071223,9e-07,0.013476,-0.002
1938,264.18,-1.83,1.8146,0.19999,0.0070868,8e-07,0.013363,-0.002
1939,258.44,-1.83,1.8152,0.20018,0.0070469,6e-07,0.013692,-0.001
1940,254.85,-1.83,1.814,0.20029,0.0070267,1e-06,0.014527,-0.002
1941,253.97,-1.87,1.811,0.2003,0.0070268,1.5e-06,0.01426,-0.001
1942,255.98,-1.91,1.81,0.20023,0.0070438,1.5e-06,0.014678,-0.002
1943,258.86,-1.83,1.8077,0.20013,0.0070784,1.6e-06,0.01415,-0.002
1944,263.51,-1.81,1.8107,0.19999,0.0071209,1.8e-06,0.013871,-0.002
1945,267.62,-1.74,1.8075,0.19984,0.0071689,1.9e-06,0.013611,-0.002
1946,271.11,-1.87,1.8071,0.19972,0.0072171,1.7e-06,0.012867,-0.002
1947,272.67,-2.03,1.8077,0.19967,0.0072554,1.7e-06,0.013084,-0.002
1948,272.19,-1.81,1.803,0.19965,0.0072793,1.7e-06,0.012746,-0.001
1949,272.24,-1.78,1.8014,0.19964,0.0072936,1.7e-06,0.013954,-0.002
1950,271.06,-1.75,1.7977,0.19966,0.0072932,1.7e-06,0.014116,-0.002
1951,269.36,-1.82,1.7993,0.19972,0.0072777,1.4e-06,0.013079,-0.002
1952,266.95,-1.85,1.8014,0.19981,0.0072504,1.3e-06,0.013109,-0.003
1953,263.96,-1.85,1.8032,0.19992,0.007215,1.4e-06,0.01271,-0.002
1954,260.82,-1.84,1.8033,0.20003,0.0071738,1.4e-06,0.012145,-0.003
1955,258.06,-1.78,1.8051,0.20013,0.0071328,1.3e-06,0.012677,-0.002
1956,255.7,-1.84,1.8065,0.20021,0.0070948,1.2e-06,0.012382,-0.002
1957,254.89,-1.89,1.8092,0.20026,0.0070559,1.1e-06,0.010863,-0.002
1958,253.34,-1.83,1.8106,0.20032,0.007012,1.2e-06,0.010349,-0.002
1959,251.04,-1.84,1.8099,0.2004,0.0069692,1.1e-06,0.009301,-0.002
1960,249.36,-1.9,1.8124,0.20046,0.006939,1.1e-06,0.009857,-0.002
1961,249.01,-1.94,1.8125,0.20048,0.0069259,1.2e-06,0.010489,-0.002
1962,250.31,-1.78,1.8117,0.20043,0.0069273,9e-07,0.010616,-0.003
1963,252.66,-1.78,1.8145,0.20037,0.0069325,8e-07,0.011006,-0.003
1964,254.76,-1.84,1.816,0.20032,0.0069407,7e-07,0.011868,-0.002
1965,255.61,-1.8,1.8148,0.20028,0.006956,6e-07,0.011562,-0.002
1966,256.84,-1.83,1.8133,0.20023,0.0069796,1e-06,0.013457,-0.002
1967,259.65,-1.79,1.8144,0.20014,0.0070117,1.2e-06,0.013361,-0.002
1968,262.2,-1.74,1.8131,0.20005,0.0070467,1.5e-06,0.012478,-0.003
1969,264.24,-1.77,1.8119,0.19998,0.007076,1.5e-06,0.012654,-0.002
1970,265.22,-1.84,1.8107,0.19994,0.0070903,1.3e-06,0.012883,-0.002
1971,264.88,-1.71,1.8106,0.19995,0.007095,1.3e-06,0.013358,-0.002
1972,263.7,-1.82,1.8125,0.19999,0.0071016,1.4e-06,0.013919,-0.003
1973,263.41,-1.84,1.8122,0.2,0.0071126,1.4e-06,0.014381,-0.002
1974,263.6,-1.8,1.8111,0.19999,0.0071253,1.3e-06,0.014332,-0.003
1975,263.75,-1.9,1.8074,0.19996,0.007145,1.6e-06,0.014823,-0.003
1976,265.25,-1.81,1.8075,0.19991,0.0071611,1.8e-06,0.014766,-0.002
1977,266.28,-1.86,1.8088,0.19989,0.0071593,1.7e-06,0.013881,-0.003
1978,265.26,-1.94,1.8096,0.19993,0.0071359,1.6e-06,0.013402,-0.002
1979,262.36,-1.82,1.8142,0.20004,0.0070991,1.5e-06,0.014048,-0.003
1980,258.73,-1.82,1.818,0.20018,0.0070607,1.6e-06,0.013832,-0.002
1981,254.58,-1.87,1.8145,0.2003,0.0070195,1.7e-06,0.014215,-0.002
1982,252.29,-1.82,1.815,0.20038,0.0069793,1.6e-06,0.013373,-0.003
1983,250.78,-1.77,1.8129,0.20042,0.0069467,1.8e-06,0.013874,-0.002
1984,248.98,-1.83,1.8092,0.20046,0.0069307,1.6e-06,0.013432,-0.002
1985,249.9,-1.91,1.8098,0.20044,0.0069351,1.7e-06,0.013627,-0.002
1986,252.82,-1.9,1.8117,0.20035,0.0069556,1.8e-06,0.013285,-0.002
1987,256.07,-1.87,1.8082,0.20023,0.0069858,2e-06,0.01326,-0.002
1988,260.07,-1.83,1.809,0.20011,0.0070154,1.9e-06,0.013404,-0.002
1989,261.76,-1.76,1.8069,0.20004,0.0070389,1.8e-06,0.014198,-0.003
1990,261.95,-1.92,1.8027,0.20001,0.0070578,1.8e-06,0.01456,-0.003
1991,261.55,-1.8,1.7985,0.2,0.0070763,1.8e-06,0.014428,-0.002
1992,261.61,-1.79,1.795,0.19998,0.0070872,1.7e-06,0.013966,-0.004
1993,261.41,-1.77,1.797,0.2,0.0070794,1.7e-06,0.013047,-0.003
1994,259.82,-1.81,1.7983,0.20006,0.0070501,1.7e-06,0.012064,-0.003
1995,255.38,-1.77,1.7986,0.20021,0.0070077,1.4e-06,0.013218,-0.003
1996,249.85,-1.87,1.7926,0.20036,0.0069641,1.4e-06,0.013627,-0.003
1997,247.59,-1.75,1.794,0.20044,0.0069351,1.4e-06,0.014902,-0.002
1998,247.31,-1.92,1.7951,0.20046,0.0069202,1.6e-06,0.014159,-0.002
1999,248.38,-1.78,1.7966,0.20043,0.0069165,1.7e-06,0.013972,-0.002
2000,249.66,-1.84,1.7968,0.20039,0.006927,1.8e-06,0.013502,-0.003
2001,252.32,-1.82,1.7979,0.20031,0.0069556,1.9e-06,0.013396,-0.002
2002,256.1,-1.88,1.8011,0.2002,0.0069953,2.1e-06,0.0138,-0.003
2003,260.8,-1.77,1.8013,0.20004,0.0070425,1.9e-06,0.013434,-0.003
2004,265.02,-1.85,1.8046,0.19992,0.0070655,1.6e-06,0.013171,-0.003
2005,265.29,-1.85,1.8076,0.19993,0.0070551,1.4e-06,0.013291,-0.003
2006,261.99,-1.84,1.8125,0.20006,0.0070267,1.7e-06,0.013119,-0.002
2007,257.34,-1.84,1.812,0.20021,0.0069961,1.4e-06,0.011795,-0.003
2008,253.91,-1.78,1.8102,0.20031,0.0069775,1.2e-06,0.012459,-0.003
2009,252.57,-1.84,1.809,0.20034,0.0069715,1.1e-06,0.012516,-0.004
2010,253.64,-1.84,1.8095,0.20031,0.0069794,1.2e-06,0.013641,-0.003
2011,255.92,-1.87,1.8096,0.20024,0.0069973,1.2e-06,0.014458,-0.003
2012,257.99,-1.85,1.8081,0.20017,0.0070172,1.4e-06,0.01455,-0.002
2013,260.39,-1.91,1.8084,0.20009,0.007036,1.2e-06,0.014187,-0.003
2014,260.86,-1.86,1.8058,0.20006,0.0070537,1.1e-06,0.01402,-0.003
2015,261.15,-1.78,1.8041,0.20004,0.0070714,1.5e-06,0.01458,-0.003
2016,262.22,-1.78,1.8021,0.2,0.0070871,1.7e-06,0.013912,-0.003
2017,262.26,-1.91,1.8004,0.19998,0.0070981,1.5e-06,0.013885,-0.004
2018,262.43,-1.82,1.8019,0.19999,0.0070987,9e-07,0.013678,-0.003
2019,260.98,-1.78,1.8004,0.20002,0.0070954,7e-07,0.012735,-0.003
2020,258.79,-1.75,1.7968,0.20008,0.0070974,5e-07,0.013024,-0.003
2021,259.16,-1.88,1.7961,0.20006,0.0071048,3e-07,0.013165,-0.004
2022,260.01,-1.88,1.7959,0.20003,0.0071078,5e-07,0.013036,-0.003
2023,260.27,-1.77,1.7958,0.20002,0.0070977,6e-07,0.013188,-0.003
2024,259.16,-1.79,1.7973,0.20007,0.0070761,3e-07,0.013375,-0.004
2025,256.75,-1.81,1.7999,0.20016,0.0070475,4e-07,0.013142,-0.003
2026,254.63,-1.79,1.8021,0.20024,0.0070203,7e-07,0.012775,-0.004
2027,252.97,-1.82,1.8025,0.2003,0.0069949,1.2e-06,0.013072,-0.003
2028,252.03,-1.85,1.8017,0.20033,0.0069681,1.4e-06,0.013901,-0.003
2029,252.42,-1.86,1.8076,0.20035,0.0069348,1.1e-06,0.013024,-0.004
2030,250.26,-1.79,1.8096,0.20043,0.0069003,1e-06,0.013619,-0.003
2031,247.92,-1.87,1.8089,0.20051,0.006873,1e-06,0.014388,-0.004
2032,247.37,-1.8,1.8077,0.20052,0.0068628,1.2e-06,0.013686,-0.003
2033,248.2,-1.88,1.8089,0.2005,0.0068738,1.7e-06,0.013692,-0.003
2034,250.94,-1.81,1.8071,0.2004,0.0069015,1.7e-06,0.013934,-0.004
2035,254.93,-1.89,1.8072,0.20027,0.0069372,1.6e-06,0.013701,-0.004
2036,258.6,-1.93,1.808,0.20015,0.0069733,1.6e-06,0.013762,-0.004
2037,261.01,-1.88,1.8057,0.20006,0.007017,1.6e-06,0.014052,-0.003
2038,263.92,-1.85,1.8047,0.19996,0.0070705,1.3e-06,0.012713,-0.003
2039,267.45,-1.81,1.804,0.19983,0.0071347,1.1e-06,0.012503,-0.003
2040,271.37,-1.82,1.8043,0.1997,0.0071957,1.2e-06,0.013426,-0.004
2041,274.86,-1.86,1.8063,0.19959,0.0072488,1.1e-06,0.012776,-0.004
2042,275.66,-1.86,1.8083,0.19957,0.0072716,1.2e-06,0.013181,-0.004
2043,273.29,-1.8,1.8054,0.19963,0.0072777,1.3e-06,0.012442,-0.004
2044,270.98,-1.91,1.8051,0.1997,0.0072728,1.1e-06,0.012064,-0.003
2045,268.77,-1.77,1.8065,0.19978,0.0072557,1e-06,0.012835,-0.004
2046,266.17,-1.76,1.8054,0.19986,0.007227,1.1e-06,0.013238,-0.004
2047,262.89,-1.87,1.8059,0.19997,0.0071924,1.6e-06,0.013381,-0.004
2048,259.7,-1.81,1.8051,0.20007,0.0071643,1.8e-06,0.013642,-0.004
2049,258.15,-1.82,1.805,0.20012,0.0071486,1.6e-06,0.013906,-0.004
2050,258.7,-1.82,1.8051,0.20011,0.0071428,1.4e-06,0.013437,-0.004
2051,260.29,-1.75,1.8065,0.20006,0.0071423,1.5e-06,0.01212,-0.003
2052,260.87,-1.92,1.8043,0.20003,0.0071463,1.7e-06,0.011826,-0.003
2053,262.21,-1.82,1.8045,0.19999,0.0071589,1.7e-06,0.012476,-0.004
2054,264.28,-1.82,1.8075,0.19994,0.0071754,1.6e-06,0.012739,-0.003
2055,265.92,-1.79,1.8085,0.19989,0.0071893,1.6e-06,0.011944,-0.004
2056,266.81,-1.89,1.8088,0.19986,0.0072008,1.3e-06,0.011187,-0.003
2057,267.32,-1.79,1.8091,0.19984,0.0072158,8e-07,0.011097,-0.004
2058,267.94,-1.9,1.811,0.19983,0.0072306,6e-07,0.011454,-0.004
2059,268.05,-1.86,1.8064,0.19981,0.0072334,8e-07,0.011587,-0.005
2060,267.5,-1.7,1.8049,0.19982,0.0072219,1.1e-06,0.012345,-0.004
2061,265.82,-1.79,1.8061,0.19988,0.0071992,1.2e-06,0.013604,-0.004
2062,263.26,-1.82,1.8085,0.19997,0.0071759,1.2e-06,0.012637,-0.004
2063,261.42,-1.93,1.811,0.20004,0.0071579,1.4e-06,0.01166,-0.004
2064,261.08,-1.82,1.8117,0.20006,0.0071484,1.5e-06,0.011035,-0.004
2065,260.46,-1.82,1.8074,0.20006,0.0071483,1.9e-06,0.010791,-0.005
2066,261.11,-1.79,1.8043,0.20003,0.0071533,2e-06,0.010641,-0.004
2067,262.36,-1.88,1.8044,0.19999,0.0071627,1.9e-06,0.01035,-0.004
2068,264.04,-1.83,1.8065,0.19994,0.0071673,1.9e-06,0.009729,-0.005
2069,264.93,-1.85,1.8098,0.19993,0.0071562,1.9e-06,0.009426,-0.005
2070,263.19,-1.71,1.8086,0.19998,0.0071353,1.8e-06,0.010983,-0.004
2071,260.46,-1.85,1.8069,0.20006,0.007119,1.7e-06,0.011976,-0.004
2072,258.56,-1.83,1.8033,0.20011,0.0071139,1.4e-06,0.012333,-0.004
2073,258.93,-1.75,1.8021,0.20009,0.0071126,1.2e-06,0.013137,-0.004
2074,259.92,-1.87,1.8012,0.20006,0.0071084,1.3e-06,0.012736,-0.004
2075,260.24,-1.85,1.8044,0.20007,0.0070961,1.4e-06,0.012124,-0.004
2076,259.89,-1.99,1.8086,0.2001,0.0070736,1.5e-06,0.011986,-0.005
2077,257.62,-1.75,1.8078,0.20017,0.0070457,1.4e-06,0.012724,-0.004
2078,254.59,-1.9,1.8021,0.20024,0.0070253,1.4e-06,0.012473,-0.004
2079,254.01,-1.85,1.8051,0.20027,0.0070203,1.1e-06,0.012949,-0.004
2080,254.96,-1.8,1.8061,0.20025,0.0070292,8e-07,0.0132,-0.004
2081,257.41,-1.81,1.806,0.20017,0.0070456,1e-06,0.012536,-0.004
2082,260.63,-1.84,1.8116,0.20009,0.0070602,1.1e-06,0.012393,-0.005
2083,261.37,-1.92,1.809,0.20005,0.0070763,1.3e-06,0.012236,-0.004
2084,262.27,-1.88,1.8073,0.20001,0.0071022,1.5e-06,0.012918,-0.004
2085,263.65,-1.86,1.8025,0.19994,0.0071432,1.4e-06,0.012403,-0.004
2086,267.14,-1.78,1.8015,0.19982,0.0071991,1.4e-06,0.012281,-0.005
2087,271.82,-1.81,1.8027,0.19967,0.0072498,1.5e-06,0.012606,-0.005
2088,274.5,-1.91,1.8049,0.19959,0.0072699,1.3e-06,0.012387,-0.005
2089,273,-1.87,1.8041,0.19964,0.0072498,1.4e-06,0.012452,-0.005
2090,267.83,-1.88,1.8049,0.19981,0.0072129,1.3e-06,0.013097,-0.005
2091,262.69,-1.84,1.8048,0.19997,0.0071777,8e-07,0.0136,-0.004
2092,258.65,-1.79,1.8011,0.20009,0.0071596,4e-07,0.01277,-0.004
2093,258.67,-1.77,1.8035,0.2001,0.0071555,5e-07,0.013132,-0.005
2094,259.82,-1.86,1.8007,0.20005,0.0071572,1e-06,0.013278,-0.005
2095,261.38,-1.85,1.8019,0.2,0.0071628,1e-06,0.013128,-0.004
2096,262.27,-1.84,1.8001,0.19997,0.0071713,8e-07,0.012847,-0.004
2097,262.94,-1.79,1.7982,0.19994,0.0071729,8e-07,0.012769,-0.004
2098,263.82,-1.88,1.8013,0.19993,0.0071572,8e-07,0.013281,-0.005
2099,261.8,-1.84,1.8012,0.2,0.007125,9e-07,0.013407,-0.004
2100,257.93,-1.92,1.7983,0.20011,0.007089,8e-07,0.013706,-0.005
2101,254.74,-1.79,1.7976,0.20021,0.0070492,8e-07,0.013211,-0.005
2102,252.44,-1.76,1.7978,0.20029,0.0070068,5e-07,0.014051,-0.004
2103,249.2,-1.9,1.7938,0.20039,0.0069637,5e-07,0.01475,-0.004
2104,247.34,-1.94,1.7972,0.20046,0.0069287,6e-07,0.015393,-0.004
2105,246.54,-1.95,1.7982,0.2005,0.0069088,4e-07,0.015494,-0.005
2106,246.79,-1.79,1.7968,0.20048,0.0069045,4e-07,0.015499,-0.005
2107,249.4,-1.86,1.8005,0.20042,0.0069107,4e-07,0.015104,-0.005
2108,251.5,-1.85,1.8019,0.20036,0.0069265,7e-07,0.015292,-0.005
2109,253.66,-1.77,1.8021,0.20028,0.0069537,6e-07,0.016473,-0.005
2110,257.04,-1.82,1.8041,0.20018,0.0069893,4e-07,0.017432,-0.005
2111,261.37,-1.87,1.8073,0.20006,0.0070333,2e-07,0.016888,-0.005
2112,264.76,-1.8,1.81,0.19995,0.0070817,0,0.016795,-0.004
2113,268.27,-1.98,1.8136,0.19985,0.0071261,0,0.017005,-0.005
2114,269.75,-1.91,1.8123,0.19979,0.0071632,2e-07,0.01871,-0.004
2115,270.77,-1.82,1.812,0.19975,0.0072063,5e-07,0.018496,-0.005
2116,273.15,-1.81,1.8159,0.19969,0.0072419,1.2e-06,0.01791,-0.005
2117,273.85,-1.91,1.8153,0.19966,0.0072598,1.5e-06,0.018608,-0.004
2118,272.31,-1.79,1.8094,0.19968,0.0072604,1.4e-06,0.019292,-0.005
2119,270.02,-1.86,1.8108,0.19976,0.0072537,1e-06,0.019305,-0.004
2120,266.98,-1.93,1.8073,0.19984,0.0072442,1.2e-06,0.019012,-0.005
2121,265.36,-1.95,1.8046,0.19988,0.0072239,1.6e-06,0.017898,-0.004
2122,264.16,-1.84,1.806,0.19993,0.0071908,1.5e-06,0.018767,-0.005
2123,260.62,-2,1.8063,0.20005,0.0071442,1.4e-06,0.018718,-0.005
2124,256.41,-1.71,1.8065,0.20019,0.0070987,1.3e-06,0.018858,-0.005
2125,254.27,-1.76,1.8066,0.20026,0.0070685,1.3e-06,0.018881,-0.004
2126,253.1,-1.95,1.8035,0.20029,0.0070593,1.5e-06,0.018165,-0.005
2127,254.76,-1.88,1.801,0.20022,0.007069,1.3e-06,0.018518,-0.005
2128,259.01,-1.88,1.8093,0.20012,0.007091,9e-07,0.018171,-0.005
2129,262.66,-1.86,1.8105,0.20001,0.0071153,1e-06,0.017658,-0.004
2130,265.05,-1.91,1.8137,0.19995,0.0071263,1e-06,0.017711,-0.004
2131,266.69,-1.79,1.819,0.19993,0.007122,8e-07,0.017519,-0.006
2132,264.49,-1.88,1.8192,0.2,0.0071122,9e-07,0.01748,-0.005
2133,262.17,-1.94,1.8184,0.20006,0.0071094,6e-07,0.018068,-0.005
2134,262.39,-1.83,1.8184,0.20005,0.0071176,6e-07,0.018304,-0.004
2135,263.42,-1.83,1.817,0.20001,0.0071326,5e-07,0.0174,-0.005
2136,265.27,-1.84,1.8193,0.19997,0.0071458,8e-07,0.016118,-0.005
2137,266.43,-1.89,1.8198,0.19993,0.0071474,9e-07,0.015144,-0.005
2138,265.23,-1.9,1.8162,0.19996,0.007134,7e-07,0.015854,-0.005
2139,263.01,-1.72,1.8139,0.20002,0.0071045,7e-07,0.015809,-0.005
2140,259.99,-1.93,1.8161,0.20013,0.0070679,1.1e-06,0.016206,-0.005
2141,255.99,-1.86,1.815,0.20025,0.0070269,9e-07,0.016272,-0.005
2142,253.26,-1.89,1.8119,0.20033,0.0069938,1.1e-06,0.016511,-0.005
2143,251.56,-1.9,1.8102,0.20038,0.0069748,1e-06,0.016631,-0.005
2144,251.84,-1.85,1.8102,0.20037,0.0069734,9e-07,0.015352,-0.005
2145,253.24,-1.87,1.8067,0.20031,0.0069889,1e-06,0.015371,-0.006
2146,255.89,-1.88,1.8036,0.20021,0.0070125,8e-07,0.015733,-0.005
2147,259.74,-1.89,1.8073,0.2001,0.0070341,8e-07,0.015503,-0.004
2148,261.74,-1.74,1.809,0.20005,0.0070457,7e-07,0.015688,-0.005
2149,261.59,-1.93,1.809,0.20005,0.007047,1e-06,0.015326,-0.005
2150,260.48,-1.88,1.8093,0.20009,0.0070412,1.3e-06,0.015645,-0.005
2151,258.42,-1.92,1.8064,0.20014,0.0070367,1e-06,0.016326,-0.005
2152,258.37,-1.86,1.8097,0.20016,0.0070331,9e-07,0.015795,-0.005
2153,258.54,-1.87,1.8135,0.20017,0.0070268,1e-06,0.016667,-0.006
2154,258.58,-1.79,1.8149,0.20018,0.0070145,1.4e-06,0.016989,-0.006
2155,257.74,-1.86,1.8188,0.20022,0.0069982,1.6e-06,0.016562,-0.005
2156,256.36,-1.8,1.8182,0.20026,0.0069874,1.7e-06,0.015701,-0.005
2157,255.99,-1.83,1.8188,0.20028,0.0069915,1.4e-06,0.015079,-0.005
2158,257,-1.7,1.8176,0.20024,0.0070124,1.3e-06,0.01475,-0.004
2159,260.12,-1.79,1.8195,0.20014,0.0070403,1.4e-06,0.014673,-0.005
2160,263.25,-1.83,1.8196,0.20004,0.0070626,1.5e-06,0.014122,-0.006
2161,265.56,-1.78,1.823,0.19999,0.0070777,1.7e-06,0.014256,-0.006
2162,264.93,-1.72,1.8193,0.19999,0.0070848,1.6e-06,0.014454,-0.005
2163,264.46,-1.8,1.8213,0.20001,0.0070825,1.9e-06,0.014408,-0.005
2164,262.84,-1.87,1.8196,0.20006,0.0070725,2.3e-06,0.01416,-0.005
2165,260.62,-1.84,1.8176,0.20012,0.007065,1.9e-06,0.014247,-0.005
2166,259.63,-1.81,1.8164,0.20014,0.0070756,1.8e-06,0.01448,-0.005
2167,260.94,-1.76,1.8132,0.20008,0.007107,1.6e-06,0.014191,-0.004
2168,264.57,-1.86,1.8107,0.19995,0.0071505,1.3e-06,0.013755,-0.005
2169,269.22,-1.9,1.8126,0.19981,0.0071895,1.3e-06,0.014113,-0.006
2170,271.17,-1.92,1.8142,0.19975,0.0071969,1.4e-06,0.013618,-0.005
2171,268.95,-1.79,1.8096,0.1998,0.007181,1.2e-06,0.014112,-0.002
2172,265.14,-1.86,1.811,0.19993,0.0071585,1.3e-06,0.014426,-0.005
2173,261.87,-1.81,1.8096,0.20003,0.0071374,1.3e-06,0.014153,-0.005
2174,259.81,-1.77,1.8086,0.20009,0.0071161,1e-06,0.015085,-0.005
2175,258.75,-1.81,1.8104,0.20014,0.007091,9e-07,0.014244,-0.004
2176,256.88,-1.83,1.8072,0.20018,0.0070759,8e-07,0.01324,-0.005
2177,256.43,-1.78,1.806,0.20019,0.007081,6e-07,0.013012,-0.005
2178,257.79,-1.88,1.8046,0.20014,0.0071063,5e-07,0.014548,-0.005
2179,261.16,-1.83,1.8012,0.20001,0.0071421,4e-07,0.013796,-0.006
2180,265.09,-1.87,1.7984,0.19987,0.0071695,6e-07,0.01303,-0.005
2181,267.04,-1.86,1.8019,0.19983,0.0071797,9e-07,0.012931,-0.006
2182,266.24,-1.82,1.8013,0.19985,0.0071688,1e-06,0.013487,-0.005
2183,263.54,-1.86,1.8019,0.19994,0.0071462,1.1e-06,0.014679,-0.005
2184,260.83,-1.83,1.8049,0.20004,0.007124,1.1e-06,0.013791,-0.006
2185,258.27,-1.89,1.8029,0.20011,0.0071142,1.2e-06,0.014678,-0.006
2186,258.51,-1.81,1.8036,0.20011,0.0071231,1.5e-06,0.013343,-0.005
2187,260.52,-1.9,1.8021,0.20004,0.0071401,1.4e-06,0.012348,-0.005
2188,263.46,-1.86,1.8061,0.19996,0.007145,1.4e-06,0.012576,-0.005
2189,264.53,-1.87,1.8085,0.19994,0.0071308,1.4e-06,0.012341,-0.005
2190,262.29,-1.78,1.8104,0.20003,0.0071064,1.2e-06,0.011879,-0.005
2191,259.42,-1.8,1.8086,0.20011,0.0070849,1.2e-06,0.012311,-0.005
2192,257.47,-1.91,1.8104,0.20018,0.0070761,1.3e-06,0.01273,-0.005
2193,257.16,-1.79,1.8083,0.20018,0.007078,1.4e-06,0.012394,-0.005
2194,259.07,-1.82,1.8103,0.20013,0.0070812,1.1e-06,0.01318,-0.006
2195,260.44,-1.84,1.81,0.20008,0.0070829,1e-06,0.012495,-0.005
2196,260.49,-1.83,1.8088,0.20008,0.0070842,9e-07,0.013039,-0.005
2197,261.18,-1.81,1.8121,0.20007,0.0070852,1.1e-06,0.013386,-0.005
2198,261.24,-1.71,1.8113,0.20007,0.0070889,1e-06,0.012679,-0.005
2199,260.72,-1.86,1.8068,0.20006,0.0070978,1.1e-06,0.012,-0.005
2200,261.75,-1.82,1.8096,0.20004,0.0071116,1e-06,0.011823,-0.004
2201,262.96,-1.85,1.8102,0.2,0.00713,1e-06,0.012283,-0.005
2202,264.31,-1.79,1.8082,0.19995,0.0071473,1e-06,0.01201,-0.005
2203,265.23,-1.87,1.8079,0.19991,0.0071557,9e-07,0.011173,-0.005
2204,264.55,-1.83,1.8042,0.19992,0.0071504,1e-06,0.011682,-0.006
2205,263.4,-1.85,1.8059,0.19997,0.0071314,1.2e-06,0.011892,-0.005
2206,261.4,-1.81,1.8082,0.20004,0.007101,1.2e-06,0.012116,-0.005
2207,257.71,-1.84,1.8078,0.20016,0.0070608,1e-06,0.012143,-0.005
2208,254.77,-1.83,1.8109,0.20028,0.00702,1.4e-06,0.012898,-0.005
2209,252,-1.83,1.8099,0.20036,0.0069941,1.5e-06,0.013322,-0.005
2210,251.4,-1.78,1.809,0.20038,0.0069853,1.4e-06,0.013012,-0.005
2211,253.03,-1.8,1.808,0.20032,0.0069833,1.1e-06,0.013659,-0.006
2212,254.52,-1.84,1.8064,0.20027,0.0069843,1.4e-06,0.014988,-0.005
2213,255.58,-1.84,1.8092,0.20025,0.006985,1.4e-06,0.015437,-0.005
2214,256.8,-1.84,1.8126,0.20023,0.0069854,1.5e-06,0.015683,-0.005
2215,256.95,-1.81,1.8121,0.20022,0.0069859,1.7e-06,0.01441,-0.006
2216,257.18,-1.84,1.8137,0.20022,0.0069922,1.5e-06,0.013642,-0.006
2217,257.17,-1.85,1.8122,0.20021,0.0070076,1.7e-06,0.013162,-0.005
2218,258.68,-1.85,1.8103,0.20015,0.0070333,1.9e-06,0.012957,-0.006
2219,261.96,-1.77,1.8131,0.20005,0.0070647,1.9e-06,0.014223,-0.005
2220,264.02,-1.77,1.811,0.19998,0.007098,1.8e-06,0.015185,-0.004
2221,266.53,-1.82,1.8138,0.1999,0.0071387,1.6e-06,0.014057,-0.005
2222,269.32,-1.83,1.815,0.19982,0.0071799,1.8e-06,0.014049,-0.005
2223,270.56,-1.78,1.8091,0.19975,0.0072074,1.7e-06,0.015109,-0.006
2224,270.8,-1.82,1.8077,0.19973,0.0072202,1.4e-06,0.013752,-0.005
2225,270.04,-1.72,1.8079,0.19975,0.0072213,1.2e-06,0.014017,-0.005
2226,267.3,-1.9,1.8063,0.19983,0.0072122,1.1e-06,0.014014,-0.005
2227,265.36,-1.82,1.806,0.19989,0.007198,1.2e-06,0.014349,-0.005
2228,263.28,-1.75,1.8033,0.19995,0.0071865,1.4e-06,0.01451,-0.004
2229,261.81,-1.84,1.8014,0.19998,0.0071833,1.5e-06,0.014747,-0.004
2230,261.51,-1.81,1.7997,0.19998,0.0071847,1.7e-06,0.016819,-0.005
2231,262.15,-1.78,1.7974,0.19996,0.0071832,1.7e-06,0.016961,-0.005
2232,262.61,-1.69,1.7959,0.19994,0.0071733,1.7e-06,0.0181,-0.005
2233,261.81,-1.87,1.8008,0.19999,0.0071543,1.4e-06,0.017637,-0.006
2234,260.85,-1.8,1.8043,0.20004,0.0071315,1.5e-06,0.016499,-0.005
2235,259.57,-1.78,1.8064,0.20009,0.0071116,1.4e-06,0.017361,-0.005
2236,257.87,-1.9,1.8046,0.20014,0.0071038,1.3e-06,0.016439,-0.005
2237,258.67,-1.77,1.8063,0.20012,0.007109,1.6e-06,0.015376,-0.005
2238,260.01,-1.88,1.8054,0.20007,0.0071266,1.6e-06,0.016078,-0.005
2239,263.07,-1.77,1.8078,0.19998,0.0071498,1.6e-06,0.016601,-0.006
2240,266,-1.8,1.811,0.1999,0.0071666,1.2e-06,0.017651,-0.005
2241,266.94,-1.73,1.8115,0.19987,0.0071741,1e-06,0.017625,-0.005
2242,267.13,-1.72,1.8132,0.19988,0.0071686,1.1e-06,0.016782,-0.005
2243,265.43,-1.72,1.8149,0.19994,0.0071505,1e-06,0.0171,-0.005
2244,262.73,-1.8,1.8123,0.20001,0.0071312,1.2e-06,0.017526,-0.005
2245,260.22,-1.83,1.8088,0.20008,0.0071219,1.7e-06,0.016542,-0.006
2246,260.57,-1.79,1.8124,0.20008,0.007117,1.6e-06,0.017354,-0.005
2247,260.96,-1.88,1.8114,0.20007,0.0071023,1.5e-06,0.018445,-0.006
2248,260.54,-1.82,1.8151,0.2001,0.0070749,1.3e-06,0.020631,-0.005
2249,258.16,-1.69,1.8172,0.20019,0.0070398,1.6e-06,0.020226,-0.005
2250,255.04,-1.77,1.8166,0.20029,0.0070121,1.8e-06,0.020633,-0.005
2251,253.88,-1.84,1.8172,0.20033,0.006995,1.6e-06,0.019558,-0.004
2252,254.98,-1.81,1.8209,0.20032,0.0069894,1.6e-06,0.02036,-0.005
2253,255.84,-1.73,1.8209,0.20029,0.0069857,1.7e-06,0.020247,-0.005
2254,257.37,-1.83,1.8236,0.20026,0.0069712,1.7e-06,0.020474,-0.005
2255,256.95,-1.85,1.8273,0.20029,0.0069453,1.6e-06,0.020108,-0.005
2256,254.31,-1.81,1.826,0.20037,0.006922,1.4e-06,0.020203,-0.005
2257,252.65,-1.84,1.8272,0.20043,0.0069133,1.5e-06,0.020508,-0.005
2258,252.91,-1.8,1.825,0.20041,0.0069274,1.7e-06,0.020882,-0.005
2259,255.4,-1.78,1.8204,0.20031,0.006961,1.5e-06,0.019871,-0.004
2260,259.48,-1.84,1.8197,0.20017,0.007011,1.3e-06,0.019513,-0.005
2261,265.76,-1.79,1.8221,0.19998,0.0070729,1.4e-06,0.019943,-0.006
2262,270.93,-1.8,1.8226,0.19981,0.0071244,1.5e-06,0.019542,-0.005
2263,272.99,-1.82,1.8227,0.19974,0.0071574,1.4e-06,0.01972,-0.005
2264,271.72,-1.78,1.8208,0.19977,0.0071714,1.3e-06,0.019593,-0.005
2265,269.78,-1.81,1.8189,0.19982,0.0071854,1.4e-06,0.020438,-0.005
2266,268.59,-1.77,1.8176,0.19984,0.0072055,1.5e-06,0.019627,-0.005
2267,269.02,-1.7,1.815,0.19981,0.0072302,1.4e-06,0.020444,-0.005
2268,269.9,-1.68,1.8119,0.19977,0.0072569,1.3e-06,0.019942,-0.005
2269,271.37,-1.78,1.8115,0.19971,0.0072865,1.2e-06,0.019941,-0.005
2270,272.66,-1.82,1.8096,0.19966,0.0073126,1.1e-06,0.019683,-0.004
2271,273.16,-1.86,1.8029,0.19961,0.0073279,1.4e-06,0.018377,-0.005
2272,272.6,-1.81,1.8025,0.19962,0.0073287,1.3e-06,0.017933,-0.005
2273,271.29,-1.9,1.805,0.19968,0.0073181,1.4e-06,0.019072,-0.005
2274,269.19,-1.76,1.805,0.19975,0.0072963,1.3e-06,0.018634,-0.005
2275,266.29,-1.78,1.8046,0.19984,0.0072623,1.1e-06,0.017946,-0.005
2276,262.6,-1.78,1.8052,0.19997,0.0072202,1.3e-06,0.018792,-0.001
2277,259.44,-1.83,1.8048,0.20007,0.0071752,1.3e-06,0.019828,-0
2278,256.55,-1.84,1.804,0.20016,0.007134,1.1e-06,0.020131,-0.005
2279,254.99,-1.72,1.8044,0.20022,0.0070941,9e-07,0.019714,-0.004
2280,253.84,-1.83,1.8061,0.20027,0.0070602,8e-07,0.018631,-0.005
2281,253.57,-1.9,1.8089,0.2003,0.0070356,8e-07,0.018794,-0.006
2282,252.86,-1.87,1.8054,0.2003,0.0070299,7e-07,0.018166,-0.004
2283,253.65,-1.82,1.7998,0.20025,0.0070501,7e-07,0.01801,-0.004
2284,257.79,-1.86,1.7994,0.20012,0.0070866,6e-07,0.017897,-0.005
2285,262.94,-1.82,1.8031,0.19997,0.0071248,7e-07,0.016956,-0.005
2286,265.86,-1.8,1.802,0.19987,0.0071407,8e-07,0.016582,-0.005
2287,265.94,-1.73,1.8036,0.19987,0.007138,9e-07,0.017976,-0.005
2288,264.29,-1.85,1.807,0.19994,0.0071243,1.2e-06,0.018347,-0.005
2289,261.18,-1.85,1.8056,0.20004,0.0071035,1.3e-06,0.017921,-0.005
2290,258.33,-1.75,1.8017,0.20011,0.0070809,9e-07,0.01757,-0.004
2291,256.4,-1.86,1.8019,0.20018,0.0070594,1e-06,0.017911,-0.005
2292,255.73,-1.76,1.8042,0.20021,0.0070433,1e-06,0.017481,-0.004
2293,255.61,-1.89,1.8066,0.20023,0.0070329,1.1e-06,0.018476,-0.004
2294,255.92,-1.84,1.8082,0.20022,0.0070294,1e-06,0.018406,-0.005
2295,255.92,-1.88,1.8045,0.20021,0.0070379,9e-07,0.017532,-0.004
2296,257.98,-1.87,1.8052,0.20014,0.007065,7e-07,0.016789,-0.004
2297,261.21,-1.86,1.8037,0.20003,0.0071051,9e-07,0.016061,-0.005
2298,265.71,-1.82,1.8037,0.19988,0.0071538,1.1e-06,0.015747,-0.004
2299,269.97,-1.79,1.808,0.19976,0.0071921,8e-07,0.015442,-0.004
2300,271.75,-1.89,1.8131,0.19973,0.0072073,6e-07,0.015439,-0.004
2301,270.16,-1.77,1.8129,0.19977,0.0072108,9e-07,0.013855,-0.004
2302,268.36,-1.89,1.8129,0.19983,0.0072103,1.1e-06,0.013825,-0.005
2303,266.58,-1.81,1.8096,0.19987,0.0072082,1.1e-06,0.014363,-0.003
2304,265.88,-1.74,1.8104,0.1999,0.0071941,1.2e-06,0.015396,-0.005
2305,264.96,-1.93,1.8166,0.19996,0.0071623,1.4e-06,0.015768,-0.005
2306,261.28,-1.8,1.8155,0.20007,0.0071228,1.3e-06,0.014053,-0.003
2307,257.87,-1.82,1.816,0.20019,0.0070906,1.2e-06,0.013424,-0.005
2308,256.1,-1.79,1.8174,0.20025,0.0070836,1.1e-06,0.013068,-0.004
2309,257.11,-1.82,1.8136,0.2002,0.0070986,1.2e-06,0.014654,-0.004
2310,261.36,-1.74,1.8159,0.20007,0.0071188,1e-06,0.015309,-0.004
2311,264.58,-1.84,1.8172,0.19998,0.0071256,1e-06,0.015538,-0.004
2312,264.88,-1.86,1.8181,0.19998,0.0071134,8e-07,0.01587,-0.004
2313,263.59,-1.83,1.8206,0.20003,0.0070914,7e-07,0.016419,-0.004
2314,260.03,-1.82,1.8194,0.20014,0.0070738,4e-07,0.015413,-0.005
2315,258.08,-1.76,1.8164,0.20019,0.0070681,3e-07,0.015543,-0.005
2316,258.81,-1.81,1.8172,0.20017,0.0070743,4e-07,0.014083,-0.004
2317,260.53,-1.8,1.8149,0.2001,0.0070914,5e-07,0.012992,-0.005
2318,262.37,-1.85,1.8116,0.20003,0.0071157,7e-07,0.014025,-0.004
2319,265.15,-1.88,1.8131,0.19994,0.007145,1e-06,0.013548,-0.005
2320,266.27,-1.83,1.807,0.19987,0.007171,1e-06,0.014071,-0.004
2321,267.7,-1.83,1.808,0.19983,0.0071905,9e-07,0.013931,-0.004
2322,267.14,-1.76,1.803,0.19982,0.0071993,1.2e-06,0.012126,-0.004
2323,266.95,-1.75,1.8036,0.19983,0.0071944,1.2e-06,0.011226,-0.004
2324,265.85,-1.87,1.8064,0.19988,0.0071724,1.1e-06,0.010714,-0.004
2325,262.61,-1.82,1.8056,0.19999,0.0071381,1.1e-06,0.011996,-0.004
2326,258.73,-1.82,1.8047,0.20011,0.0071045,1e-06,0.01136,-0.004
2327,255.61,-1.95,1.803,0.2002,0.0070825,9e-07,0.011175,-0.003
2328,254.1,-1.82,1.7986,0.20023,0.007079,6e-07,0.011722,-0.004
2329,255.62,-1.89,1.7972,0.20017,0.0070919,9e-07,0.011446,-0.005
2330,258.82,-1.85,1.7981,0.20008,0.0071056,8e-07,0.010017,-0.005
2331,261.33,-1.74,1.8021,0.20002,0.0071039,1e-06,0.009649,-0.004
2332,261.29,-1.86,1.8055,0.20004,0.0070865,1.1e-06,0.00925,-0.004
2333,259.04,-1.8,1.8057,0.20011,0.0070657,1.5e-06,0.010298,-0.004
2334,256.09,-1.88,1.804,0.2002,0.0070538,1.6e-06,0.011139,-0.004
2335,256.06,-1.76,1.8042,0.2002,0.0070546,1.3e-06,0.009786,-0.004
2336,257.57,-1.83,1.8053,0.20015,0.0070635,1.1e-06,0.010433,-0.004
2337,260.29,-1.91,1.8105,0.20009,0.0070727,1.2e-06,0.011217,-0.004
2338,261.3,-1.91,1.8118,0.20007,0.0070796,1.4e-06,0.010389,-0.004
2339,261.56,-1.7,1.8094,0.20005,0.0070858,1.3e-06,0.010827,-0.004
2340,261.67,-1.81,1.8114,0.20005,0.0070926,1.2e-06,0.012584,-0.004
2341,261.78,-1.81,1.811,0.20004,0.0071027,1.2e-06,0.012558,-0.004
2342,262.73,-1.78,1.811,0.20001,0.007115,1e-06,0.011783,-0.003
2343,262.96,-1.92,1.8085,0.19999,0.0071301,7e-07,0.011928,-0.004
2344,263.96,-1.82,1.809,0.19996,0.0071531,1e-06,0.011974,-0.004
2345,265.73,-1.92,1.809,0.1999,0.0071848,8e-07,0.012582,-0.004
2346,267.79,-1.76,1.8074,0.19982,0.0072155,1.1e-06,0.012241,-0.004
2347,269.53,-1.8,1.8065,0.19976,0.0072339,1.1e-06,0.011527,-0.004
2348,270.23,-1.85,1.8086,0.19975,0.007237,9e-07,0.011329,-0.004
2349,268.86,-1.84,1.8095,0.19979,0.0072316,1e-06,0.01145,-0.003
2350,267.14,-1.79,1.8108,0.19985,0.0072214,7e-07,0.010802,0.007
2351,265.35,-1.82,1.8114,0.19992,0.0072044,8e-07,0.010501,-0.003
2352,263.96,-1.87,1.8127,0.19997,0.007176,6e-07,0.010607,-0.003
2353,261.36,-1.83,1.8132,0.20006,0.0071381,1.2e-06,0.009993,-0.003
2354,257.47,-1.87,1.8078,0.20016,0.0071054,1.1e-06,0.009857,-0.003
2355,256,-1.79,1.8081,0.20021,0.007084,1.1e-06,0.009938,-0.003
2356,255.55,-1.84,1.8064,0.20022,0.0070722,1e-06,0.010371,-0.003
2357,256.02,-1.82,1.8039,0.2002,0.0070627,9e-07,0.010422,-0.004
2358,257.15,-1.81,1.806,0.20017,0.0070498,1e-06,0.010907,-0.003
2359,256.44,-1.84,1.8071,0.2002,0.007034,9e-07,0.01055,-0.003
2360,255.26,-1.83,1.8034,0.20023,0.0070252,1e-06,0.011589,-0.004
2361,254.96,-1.9,1.8019,0.20023,0.0070303,1.2e-06,0.011948,-0.002
2362,256.07,-1.86,1.8007,0.20018,0.0070518,1.7e-06,0.013849,-0.003
2363,258.76,-1.83,1.8005,0.20009,0.0070863,2.1e-06,0.014082,-0.002
2364,262.48,-1.86,1.8033,0.19998,0.0071234,2.5e-06,0.01426,-0.003
2365,265.45,-1.91,1.8006,0.19987,0.0071536,2.5e-06,0.013011,-0.003
2366,266.97,-1.83,1.8003,0.19982,0.0071698,2.4e-06,0.011974,-0.002
2367,266.47,-1.83,1.8011,0.19984,0.0071725,2.7e-06,0.01239,-0.003
2368,265.25,-1.87,1.8014,0.19988,0.007165,2.9e-06,0.011667,-0.003
2369,262.74,-1.81,1.8012,0.19996,0.0071511,2.4e-06,0.01205,-0.003
2370,261.04,-1.87,1.8027,0.20002,0.0071336,2e-06,0.013493,-0.002
2371,259.41,-1.83,1.8013,0.20007,0.0071162,2e-06,0.014078,-0.003
2372,258.24,-1.81,1.8017,0.20011,0.0071041,1.8e-06,0.012985,-0.002
2373,257.78,-1.89,1.8024,0.20013,0.0071042,1.6e-06,0.012644,-0.002
2374,258.48,-1.78,1.8012,0.2001,0.0071156,1.7e-06,0.012797,-0.001
2375,260.23,-1.95,1.801,0.20004,0.0071321,1.7e-06,0.012744,-0.003
2376,263.23,-1.85,1.8038,0.19996,0.0071476,1.4e-06,0.012795,-0.003
2377,264.82,-1.87,1.8068,0.19992,0.0071569,1.3e-06,0.012872,-0.002
2378,264.93,-1.81,1.8082,0.19992,0.0071522,1.6e-06,0.013783,-0.002
2379,264.23,-1.91,1.8125,0.19997,0.0071335,1.5e-06,0.014434,-0.002
2380,261.5,-1.82,1.8112,0.20005,0.0071073,1.6e-06,0.014916,-0.002
2381,259.32,-1.77,1.8152,0.20014,0.0070834,1.6e-06,0.014955,-0.003
2382,258.24,-1.9,1.8149,0.20017,0.0070697,1.6e-06,0.013877,-0.002
2383,257.59,-1.82,1.8155,0.2002,0.0070703,1.7e-06,0.013294,-0.002
2384,259.43,-1.92,1.8203,0.20016,0.0070841,1.8e-06,0.01459,-0.002
2385,262.36,-1.98,1.8231,0.20008,0.0071085,1.9e-06,0.014078,-0.002
2386,265.75,-1.87,1.8266,0.19998,0.0071402,1.8e-06,0.013192,-0.002
2387,268.52,-1.85,1.825,0.19989,0.0071726,1.7e-06,0.015007,-0.003
2388,270.48,-1.86,1.8232,0.19981,0.0072007,1.5e-06,0.013618,-0.003
2389,271.04,-1.82,1.8191,0.19977,0.0072224,1.6e-06,0.012898,-0.002
2390,271.86,-1.9,1.8209,0.19975,0.0072337,1.9e-06,0.012771,-0.002
2391,271.03,-1.94,1.8209,0.19978,0.0072305,1.6e-06,0.013802,-0.002
2392,269.6,-1.82,1.8236,0.19984,0.0072132,1.1e-06,0.01386,-0.002
2393,267.24,-1.86,1.8238,0.19992,0.0071881,9e-07,0.014873,-0.002
2394,263.78,-1.86,1.8196,0.20001,0.0071665,1.2e-06,0.014513,-0.002
2395,261.92,-1.8,1.8176,0.20006,0.0071515,1.3e-06,0.013836,-0.003
2396,260.59,-1.79,1.8119,0.20007,0.0071434,1.6e-06,0.012452,-0.002
2397,261.39,-1.78,1.8135,0.20006,0.0071344,1.6e-06,0.012729,-0.002
2398,261.51,-1.93,1.8147,0.20006,0.0071214,1.4e-06,0.012723,-0.003
2399,261.08,-1.82,1.8175,0.20009,0.0071065,1.5e-06,0.012372,-0.002
2400,260.13,-1.86,1.8193,0.20013,0.0070983,9e-07,0.013042,-0.002
2401,260.77,-1.81,1.8206,0.20012,0.0071003,3e-07,0.012849,-0.003
2402,260.8,-1.84,1.8141,0.20008,0.0071142,4e-07,0.012767,-0.002
2403,262.76,-1.86,1.812,0.20001,0.0071418,5e-07,0.01265,-0.003
2404,265.55,-1.86,1.8119,0.19992,0.0071774,6e-07,0.013803,-0.002
2405,268.46,-1.8,1.8127,0.19982,0.0072168,5e-07,0.014034,-0.003
2406,271.16,-1.76,1.8124,0.19973,0.0072431,5e-07,0.014511,-0.003
2407,272.34,-1.83,1.8122,0.19969,0.0072492,9e-07,0.01513,-0.002
2408,270.72,-1.74,1.8112,0.19974,0.0072398,1.2e-06,0.01485,-0.001
2409,267.57,-1.91,1.8102,0.19984,0.0072212,1.2e-06,0.015378,-0.002
2410,264.39,-1.77,1.8102,0.19994,0.0071933,1.2e-06,0.015454,-0.002
2411,261.84,-1.75,1.8078,0.20002,0.0071554,1e-06,0.015401,-0.002
2412,259.05,-1.73,1.8129,0.20013,0.0071106,1e-06,0.014726,-0.002
2413,254.99,-1.79,1.8116,0.20026,0.0070692,1.1e-06,0.014344,-0.002
2414,253.11,-1.77,1.8083,0.20031,0.007049,1.3e-06,0.0141,-0.002
2415,253.32,-1.86,1.8076,0.2003,0.0070432,1.8e-06,0.014018,-0.002
2416,255.53,-1.67,1.8088,0.20023,0.0070509,2e-06,0.014015,-0.001
2417,258.03,-1.85,1.8101,0.20016,0.0070673,1.8e-06,0.014125,-0.003
2418,260.95,-1.78,1.8136,0.20008,0.0070856,1.9e-06,0.015125,-0.002
2419,263.17,-1.83,1.8156,0.20002,0.0071046,2.2e-06,0.01616,-0.002
2420,264.15,-1.81,1.814,0.19998,0.0071237,2.1e-06,0.016908,-0.002
2421,265.94,-1.78,1.818,0.19994,0.0071426,1.9e-06,0.018268,-0.002
2422,266.7,-1.8,1.8168,0.19991,0.0071571,1.8e-06,0.018446,-0.001
2423,267.11,-1.77,1.8181,0.1999,0.0071632,1.7e-06,0.01896,-0.002
2424,267.09,-1.76,1.8216,0.19991,0.0071599,1.8e-06,0.019464,-0.002
2425,265.48,-1.85,1.8226,0.19997,0.0071526,1.8e-06,0.018739,-0.002
2426,264.26,-1.83,1.82,0.2,0.0071541,1.8e-06,0.018054,-0.002
2427,264.68,-1.93,1.8237,0.2,0.0071638,1.4e-06,0.017915,-0.002
2428,265.3,-1.83,1.8198,0.19996,0.007176,1.8e-06,0.018686,-0.003
2429,265.65,-1.78,1.8137,0.19992,0.0071876,1.8e-06,0.018364,-0.002
2430,266.48,-1.86,1.815,0.1999,0.0071959,1.6e-06,0.018698,-0.002
2431,266.18,-1.87,1.8089,0.19988,0.0072003,1.2e-06,0.019819,-0.002
2432,266.08,-1.81,1.8096,0.19988,0.0071961,1e-06,0.019967,-0.001
2433,265.5,-1.9,1.812,0.19992,0.0071807,5e-07,0.019439,-0.002
2434,264.07,-1.94,1.8144,0.19998,0.0071533,1e-06,0.018589,-0.002
2435,260.95,-1.78,1.8119,0.20007,0.0071225,1.2e-06,0.018851,-0.001
2436,257.88,-1.93,1.8102,0.20016,0.0071025,9e-07,0.019213,-0.001
2437,256.21,-1.76,1.8033,0.20018,0.0070964,1e-06,0.020151,-0.002
2438,257.34,-1.76,1.8056,0.20015,0.0071012,1.2e-06,0.020751,-0.001
2439,260.06,-1.82,1.8096,0.20009,0.0071052,1.4e-06,0.020122,-0.001
2440,260.77,-1.8,1.8088,0.20006,0.0070995,1.7e-06,0.019771,-0.002
2441,260.81,-1.85,1.8114,0.20008,0.0070876,1.9e-06,0.020441,-0.002
2442,258.8,-1.86,1.8092,0.20013,0.0070839,2.1e-06,0.021635,-0.002
2443,258.29,-1.81,1.8084,0.20014,0.0070889,1.8e-06,0.021398,-0.002
2444,259.95,-1.88,1.8063,0.20008,0.0070974,1.8e-06,0.019635,-0.002
2445,261.17,-1.69,1.807,0.20004,0.0071061,1.9e-06,0.018474,-0.002
2446,261.95,-1.77,1.8072,0.20002,0.0071164,1.6e-06,0.018267,-0.002
2447,262.4,-1.72,1.8087,0.20001,0.0071309,1.5e-06,0.019401,-0.002
2448,262.99,-1.83,1.8047,0.19996,0.007155,1.3e-06,0.019195,-0.002
2449,264.61,-1.88,1.804,0.19991,0.0071874,9e-07,0.02003,-0.002
2450,267.78,-1.88,1.8079,0.19982,0.0072176,9e-07,0.020508,-0.001
2451,269.51,-1.71,1.8067,0.19976,0.0072354,1.2e-06,0.019361,-0.002
2452,270.14,-1.86,1.81,0.19975,0.007234,1.5e-06,0.019303,-0.001
2453,267.93,-1.76,1.8099,0.19982,0.0072142,1.2e-06,0.020046,-0.001
2454,264.73,-1.87,1.8105,0.19993,0.0071845,1.2e-06,0.020386,-0.002
2455,261.59,-1.78,1.8125,0.20004,0.0071475,1.3e-06,0.020863,-0.002
2456,259.17,-1.79,1.8141,0.20013,0.007109,1.1e-06,0.020714,-0.002
2457,256.75,-1.91,1.8157,0.20022,0.0070725,1.2e-06,0.020802,-0.001
2458,255.32,-1.95,1.8185,0.20028,0.0070464,1.3e-06,0.019698,-0.001
2459,254.29,-1.86,1.8167,0.20031,0.007038,1.1e-06,0.019463,-0.001
2460,255.11,-1.82,1.8148,0.20027,0.0070485,8e-07,0.019415,-0.001
2461,258.55,-1.81,1.8174,0.20017,0.0070733,7e-07,0.018969,-0.001
2462,262.07,-1.72,1.8184,0.20006,0.0071047,9e-07,0.01898,-0.001
2463,264.93,-1.74,1.8163,0.19996,0.0071373,1.1e-06,0.019395,-0.002
2464,267.45,-1.81,1.8167,0.19988,0.0071629,1.1e-06,0.019333,-0.001
2465,268.69,-1.87,1.8174,0.19984,0.0071782,1e-06,0.019407,-0.001
2466,268.75,-1.85,1.8204,0.19985,0.0071788,1e-06,0.019411,-0.001
2467,267.89,-1.78,1.8233,0.1999,0.00716,9e-07,0.019699,-0
2468,264.52,-1.76,1.823,0.2,0.0071332,7e-07,0.018843,-0
2469,260.82,-1.86,1.8191,0.2001,0.0071145,1.1e-06,0.019057,-0.002
2470,259.57,-1.82,1.8186,0.20014,0.0071129,1.4e-06,0.01945,-0.001
2471,260.17,-1.87,1.815,0.2001,0.0071209,1.4e-06,0.019469,-0.001
2472,262.05,-1.96,1.8137,0.20004,0.0071246,1.5e-06,0.020044,-0.001
2473,263.65,-1.9,1.8186,0.20001,0.0071143,1.9e-06,0.018882,-0
2474,262.54,-1.76,1.8198,0.20006,0.0070913,2e-06,0.019484,-0.001
2475,259.56,-1.75,1.8182,0.20015,0.0070573,2.1e-06,0.019417,-0.001
2476,256.5,-1.81,1.819,0.20025,0.0070182,2e-06,0.018745,-0.002
2477,253.14,-1.77,1.8164,0.20035,0.0069761,1.8e-06,0.020298,-0.001
2478,250.75,-1.9,1.8146,0.20042,0.0069518,1.8e-06,0.020573,-0
2479,250.37,-1.76,1.8153,0.20044,0.006941,1.7e-06,0.021771,-0.001
2480,251.68,-1.79,1.8152,0.2004,0.0069403,1.4e-06,0.020919,-0
2481,253.55,-1.78,1.8155,0.20034,0.0069427,1.7e-06,0.021166,-0.001
2482,254.71,-1.87,1.8134,0.2003,0.0069435,1.6e-06,0.020796,-0
2483,254.6,-1.85,1.8114,0.20029,0.0069481,1.6e-06,0.021394,-0
2484,254.5,-1.86,1.8082,0.20028,0.0069615,1.7e-06,0.020997,-0.001
2485,256.25,-1.83,1.8091,0.20023,0.0069768,1.4e-06,0.020707,-0.001
2486,257.59,-1.84,1.8089,0.20018,0.006981,1.4e-06,0.020181,-0
2487,257.71,-1.91,1.8087,0.20018,0.0069725,1.4e-06,0.019906,0
2488,256.12,-1.9,1.8104,0.20024,0.0069594,1.3e-06,0.019945,-0.001
2489,254.14,-1.91,1.8106,0.2003,0.0069526,1.5e-06,0.02007,0
2490,253.01,-1.84,1.8055,0.20031,0.0069569,1.3e-06,0.020383,0
2491,254.02,-1.86,1.8056,0.20028,0.0069734,1.3e-06,0.020649,-0
2492,256.52,-1.77,1.8077,0.20021,0.0069988,1.6e-06,0.020334,-0.001
2493,258.67,-1.88,1.8064,0.20013,0.0070311,1.7e-06,0.020052,-0.002
2494,261.84,-1.91,1.8079,0.20003,0.007064,1.4e-06,0.019448,0.001
2495,263.95,-1.92,1.8091,0.19997,0.007095,1.5e-06,0.019094,-0
2496,264.92,-1.89,1.8059,0.19992,0.0071231,1.4e-06,0.018834,-0
2497,265.63,-1.94,1.8082,0.1999,0.0071477,1.5e-06,0.017967,-0
2498,266.34,-1.91,1.8086,0.19988,0.0071629,1.2e-06,0.017254,-0
2499,266.65,-1.95,1.809,0.19987,0.0071609,1.7e-06,0.016353,-0
2500,265.65,-1.92,1.8147,0.19993,0.007142,1.8e-06,0.015877,-0.001
2501,262.34,-1.88,1.8155,0.20004,0.0071156,1.8e-06,0.015818,-0
2502,259.22,-1.88,1.8147,0.20014,0.0070963,1.5e-06,0.01593,-0.001
2503,257.77,-1.82,1.8141,0.20018,0.007082,1.3e-06,0.017985,-0
2504,257.69,-1.92,1.8136,0.20018,0.0070684,1.4e-06,0.01828,-0.001
2505,257.91,-1.83,1.8163,0.20019,0.0070501,1.5e-06,0.017411,0.001
2506,256.82,-1.8,1.816,0.20023,0.0070295,1.3e-06,0.016214,-0.001
2507,255.73,-1.83,1.8154,0.20026,0.0070101,1.1e-06,0.01642,-0
2508,254.22,-1.86,1.8125,0.2003,0.0069952,7e-07,0.016018,-0.001
2509,253.47,-1.87,1.8113,0.20032,0.0069862,7e-07,0.016088,-0
2510,254.75,-1.75,1.8139,0.20029,0.0069794,7e-07,0.016143,-0.001
2511,255,-1.9,1.8132,0.20028,0.0069685,5e-07,0.016707,-0
2512,254.64,-1.92,1.8141,0.2003,0.0069533,6e-07,0.016475,-0
2513,253.51,-1.9,1.8135,0.20034,0.006946,8e-07,0.015984,0.001
2514,253.25,-1.87,1.8128,0.20034,0.006954,9e-07,0.016135,-0
2515,254.59,-1.79,1.8089,0.20028,0.0069721,9e-07,0.015339,0.001
2516,257.33,-1.94,1.8109,0.2002,0.0069969,5e-07,0.015689,0
2517,259.15,-1.79,1.8068,0.20012,0.00703,3e-07,0.014362,-0
2518,261.26,-1.78,1.8049,0.20004,0.0070736,4e-07,0.013902,0
2519,265.36,-1.91,1.8023,0.19989,0.0071308,7e-07,0.013889,-0
2520,268.09,-1.89,1.7967,0.19977,0.0071804,8e-07,0.013393,-0
2521,270.06,-1.87,1.7971,0.1997,0.0072116,1e-06,0.012465,-0.001
2522,269.12,-1.77,1.7952,0.19972,0.00721,1.5e-06,0.011733,0.001
2523,265.91,-1.82,1.7945,0.19982,0.0071884,1.8e-06,0.01155,0
2524,261.83,-1.78,1.7949,0.19996,0.0071596,1.3e-06,0.012418,-0
2525,258.65,-1.84,1.7986,0.20008,0.0071341,1.3e-06,0.01273,-0
2526,256.74,-1.86,1.7986,0.20014,0.0071197,1.1e-06,0.013457,-0
2527,256.57,-1.91,1.7971,0.20014,0.0071161,1e-06,0.014603,0
2528,258.67,-1.8,1.801,0.20009,0.0071139,1.2e-06,0.013296,0
2529,260.06,-1.99,1.806,0.20007,0.0071005,1.1e-06,0.013489,0
2530,259.79,-1.93,1.809,0.2001,0.0070702,8e-07,0.013634,-0.001
2531,256.65,-1.87,1.8099,0.20021,0.0070315,8e-07,0.013971,-0
2532,253.57,-1.91,1.8115,0.20031,0.0070058,9e-07,0.013714,0
2533,252.2,-1.83,1.8106,0.20035,0.0070032,9e-07,0.013617,0
2534,254.23,-1.89,1.8129,0.2003,0.0070101,9e-07,0.012986,0.001
2535,256,-1.93,1.8076,0.20022,0.0070149,7e-07,0.012346,-0.001
2536,256.8,-1.8,1.805,0.20018,0.0070233,1.1e-06,0.012855,0.001
2537,257.55,-1.9,1.8046,0.20016,0.0070414,9e-07,0.012687,-0
2538,259.63,-1.76,1.8058,0.20009,0.0070624,6e-07,0.012189,0.001
2539,261.51,-1.93,1.8072,0.20004,0.0070759,8e-07,0.012054,0
2540,262.18,-1.85,1.8083,0.20002,0.007088,8e-07,0.011081,0.001
2541,262.35,-1.89,1.8083,0.20001,0.0071084,1e-06,0.011199,0.001
2542,263.49,-1.76,1.8071,0.19997,0.0071348,1.4e-06,0.010806,-0
2543,265.5,-1.89,1.8099,0.19991,0.0071517,1.6e-06,0.010779,0.001
2544,266.43,-1.8,1.8087,0.19988,0.0071477,1.3e-06,0.010385,0
2545,264.95,-1.82,1.8135,0.19995,0.0071234,1.3e-06,0.010155,0.001
2546,262.03,-1.83,1.8199,0.20008,0.0070927,1.1e-06,0.010409,0.001
2547,258.47,-1.84,1.8192,0.20018,0.0070727,1.4e-06,0.009347,-0.001
2548,256.87,-1.86,1.8154,0.20022,0.0070753,1.7e-06,0.010028,0
2549,258.4,-1.92,1.8123,0.20015,0.0070938,1.3e-06,0.010278,0
2550,261.82,-1.86,1.8131,0.20005,0.0071134,1.4e-06,0.010176,0
2551,264.43,-1.83,1.8132,0.19997,0.0071163,1.4e-06,0.009928,0
2552,264,-1.82,1.8158,0.2,0.007092,1.1e-06,0.0113,0
2553,260.74,-1.86,1.8165,0.20011,0.0070546,9e-07,0.010894,0.001
2554,256.31,-1.71,1.814,0.20024,0.0070315,9e-07,0.010804,0.001
2555,254.56,-1.86,1.8146,0.20029,0.0070385,9e-07,0.011176,0.001
2556,256.13,-1.87,1.8073,0.20021,0.0070693,7e-07,0.011301,0.002
2557,261.06,-1.86,1.8078,0.20005,0.0071102,6e-07,0.011123,0.001
2558,266.54,-1.85,1.8084,0.19987,0.0071528,6e-07,0.011186,0.001
2559,269.06,-1.74,1.8106,0.1998,0.0071753,7e-07,0.011132,0.001
2560,269.32,-1.8,1.8119,0.1998,0.0071739,6e-07,0.011526,0.001
2561,266.71,-1.89,1.8103,0.19988,0.0071563,8e-07,0.011463,0
2562,262.73,-1.76,1.8093,0.2,0.0071367,9e-07,0.012133,-0
2563,260.08,-1.89,1.8081,0.20008,0.0071252,7e-07,0.011999,0.001
2564,259.54,-1.74,1.8079,0.20009,0.007125,5e-07,0.011028,0.001
2565,260.4,-1.84,1.808,0.20007,0.0071303,8e-07,0.010191,0.001
2566,261.92,-1.86,1.8086,0.20002,0.0071387,7e-07,0.010188,0.001
2567,262.33,-1.84,1.8046,0.19999,0.007151,1.1e-06,0.010208,0.001
2568,263.41,-1.82,1.8068,0.19996,0.0071615,1.5e-06,0.01118,0
2569,264.53,-1.86,1.8059,0.19992,0.00716,1.6e-06,0.010755,0
2570,263.33,-1.8,1.8041,0.19996,0.0071396,1.6e-06,0.012503,0.001
2571,261.19,-1.9,1.8095,0.20005,0.0071053,1.7e-06,0.012841,0.002
2572,257.71,-1.9,1.8068,0.20016,0.0070687,1.5e-06,0.011968,0.001
2573,254.46,-1.83,1.8059,0.20026,0.0070344,1.5e-06,0.012351,0.001
2574,252.79,-1.84,1.8063,0.20032,0.007006,1.4e-06,0.011519,0.001
2575,251.26,-1.8,1.8042,0.20036,0.0069846,1.2e-06,0.011064,0.001
2576,251.56,-1.84,1.8054,0.20036,0.0069725,1.3e-06,0.011378,0
2577,252.32,-1.76,1.8073,0.20034,0.0069679,1.2e-06,0.01064,0.001
2578,253.4,-1.87,1.8081,0.20031,0.0069708,1.2e-06,0.011187,0.001
2579,254.88,-1.85,1.807,0.20026,0.0069804,1.2e-06,0.01167,0.001
2580,256.34,-1.86,1.8086,0.20022,0.0069968,9e-07,0.012047,0.002
2581,257.29,-1.82,1.8038,0.20017,0.0070181,6e-07,0.011587,0.002
2582,259.81,-1.9,1.8062,0.20009,0.0070396,3e-07,0.012302,0.002
2583,261.24,-1.86,1.8053,0.20004,0.0070566,4e-07,0.013848,0.001
2584,261.8,-1.93,1.8062,0.20003,0.0070665,7e-07,0.014146,0.002
2585,261.4,-1.79,1.8063,0.20004,0.0070722,7e-07,0.014223,0.001
2586,260.57,-1.71,1.8054,0.20006,0.0070769,1.1e-06,0.013684,0.002
2587,260.34,-1.84,1.8051,0.20006,0.0070852,1.4e-06,0.013453,0.001
2588,260.29,-1.97,1.801,0.20004,0.0070998,1.5e-06,0.014338,0.002
2589,261.67,-1.77,1.8028,0.20001,0.0071171,1.4e-06,0.015108,0.001
2590,263.29,-1.69,1.8047,0.19996,0.0071286,1.4e-06,0.015396,0.002
2591,264.6,-1.86,1.8101,0.19995,0.0071294,1.1e-06,0.014606,0.002
2592,263.68,-1.81,1.8124,0.19999,0.0071232,9e-07,0.015576,0.002
2593,262.48,-1.79,1.8142,0.20003,0.0071175,6e-07,0.015742,0.001
2594,261.41,-1.89,1.8124,0.20006,0.0071188,6e-07,0.017172,0.001
2595,261.5,-1.83,1.8112,0.20005,0.0071282,6e-07,0.018594,0.002
2596,262.27,-1.71,1.8103,0.20002,0.0071408,7e-07,0.0196,0.001
2597,264.61,-1.83,1.8149,0.19996,0.0071429,6e-07,0.019243,0.002
2598,264.53,-1.82,1.816,0.19997,0.0071322,7e-07,0.019621,0.004
2599,262.85,-1.82,1.816,0.20003,0.0071174,9e-07,0.019571,0.001
2600,261.3,-1.91,1.8156,0.20008,0.0071071,1.1e-06,0.018903,0.002
2601,259.84,-1.84,1.814,0.20011,0.0071018,1.4e-06,0.020222,0.001
2602,259.92,-1.85,1.8135,0.20011,0.0071053,1.7e-06,0.020569,0.002
2603,260.78,-1.91,1.8137,0.20008,0.0071199,1.7e-06,0.019761,0.002
2604,263.14,-1.94,1.8177,0.20002,0.0071425,1.6e-06,0.019308,0.002
2605,265.57,-1.75,1.8159,0.19993,0.007168,1.5e-06,0.018792,0.003
2606,267.67,-1.77,1.8145,0.19986,0.0071934,1.1e-06,0.018083,0.001
2607,268.63,-1.88,1.812,0.19981,0.0072177,6e-07,0.018172,0.003
2608,270.2,-1.84,1.8155,0.19978,0.0072301,8e-07,0.018959,0.002
2609,270.19,-1.8,1.8157,0.19978,0.0072223,5e-07,0.019676,0.002
2610,267.73,-1.77,1.8151,0.19986,0.0071952,5e-07,0.01974,0.001
2611,263.27,-1.78,1.8144,0.2,0.0071578,6e-07,0.019469,0.001
2612,259.33,-1.78,1.8137,0.20013,0.0071156,6e-07,0.019739,0.001
2613,256.39,-1.88,1.8127,0.20022,0.0070715,8e-07,0.019189,0.003
2614,253.06,-1.88,1.8097,0.20031,0.0070366,8e-07,0.019082,0.002
2615,252.15,-1.87,1.8119,0.20036,0.0070186,1.3e-06,0.018248,0.002
2616,253.39,-1.86,1.8131,0.20032,0.0070162,1.3e-06,0.017121,0.001
2617,255.49,-1.85,1.8138,0.20026,0.0070173,1.2e-06,0.017143,0.002
2618,257.36,-1.77,1.8144,0.20021,0.0070124,1.2e-06,0.017042,0.002
2619,257.36,-1.86,1.815,0.20021,0.0070037,9e-07,0.01561,0.002
2620,256.53,-1.8,1.8142,0.20024,0.0069951,8e-07,0.014256,0.002
2621,256.46,-1.82,1.8166,0.20025,0.006985,7e-07,0.014936,0.002
2622,255.69,-1.91,1.8153,0.20027,0.006976,3e-07,0.015408,0.002
2623,255.13,-1.91,1.8169,0.20029,0.0069773,1e-07,0.014017,0.003
2624,255.79,-1.81,1.8156,0.20027,0.0069933,5e-07,0.013028,0.001
2625,257.63,-1.85,1.8143,0.2002,0.0070212,5e-07,0.013474,0.002
2626,261.01,-1.85,1.8156,0.20009,0.0070558,6e-07,0.014192,0.002
2627,263.87,-1.77,1.8139,0.19999,0.0070962,5e-07,0.014717,0.001
2628,266.82,-1.8,1.8113,0.19988,0.0071406,5e-07,0.014264,0.003
2629,270.23,-1.81,1.8128,0.19977,0.0071885,8e-07,0.015691,0.003
2630,272.6,-1.83,1.8156,0.1997,0.0072364,7e-07,0.015502,0.002
2631,274.81,-1.78,1.8154,0.19962,0.0072842,8e-07,0.01464,0.003
2632,277.53,-1.84,1.8153,0.19953,0.0073402,1.1e-06,0.014573,0.003
2633,280.04,-1.76,1.8123,0.19943,0.0073905,1.4e-06,0.01443,0.004
2634,281.46,-1.74,1.8117,0.19937,0.0074332,1e-06,0.015696,0.003
2635,281.76,-1.87,1.8131,0.19937,0.0074377,9e-07,0.014314,0.001
2636,278.2,-1.79,1.8117,0.19948,0.0074117,1.1e-06,0.014808,0.002
2637,273.23,-1.76,1.8142,0.19965,0.0073625,1e-06,0.014864,0.002
2638,266.63,-1.78,1.8138,0.19987,0.0072967,5e-07,0.01501,0.002
2639,260.62,-1.86,1.8116,0.20005,0.007232,7e-07,0.014886,0.002
2640,256.61,-2,1.8122,0.20019,0.0071727,7e-07,0.014874,0.002
2641,254.36,-1.91,1.8114,0.20027,0.0071223,7e-07,0.015116,0.002
2642,252.66,-1.81,1.8074,0.20031,0.0070897,9e-07,0.014928,0.003
2643,252.61,-1.92,1.805,0.2003,0.0070853,1.3e-06,0.01442,0.002
2644,255.29,-1.82,1.8022,0.2002,0.0071019,1.5e-06,0.013968,0.002
2645,258.11,-1.85,1.7969,0.20009,0.0071226,1.6e-06,0.014199,0.002
2646,261.86,-1.85,1.7997,0.19998,0.0071304,1.6e-06,0.014117,0.002
2647,262.33,-1.95,1.7983,0.19996,0.0071228,1.4e-06,0.013765,0.002
2648,260.49,-1.89,1.7998,0.20003,0.0071041,1.4e-06,0.014173,0.002
2649,257.72,-1.83,1.7982,0.20011,0.0070814,1.2e-06,0.014177,0.003
2650,255.45,-1.87,1.7963,0.20018,0.0070636,1e-06,0.014151,0.003
2651,254.69,-1.87,1.7978,0.20021,0.0070567,1e-06,0.014329,0.003
2652,255.91,-1.83,1.8031,0.20019,0.0070648,9e-07,0.014493,0.003
2653,258.18,-1.85,1.8025,0.20012,0.0070889,8e-07,0.013251,0.002
2654,261.86,-1.93,1.8041,0.2,0.0071266,8e-07,0.013444,0.003
2655,267.03,-1.82,1.8095,0.19986,0.0071789,1e-06,0.013542,0.003
2656,271.15,-1.86,1.8085,0.19972,0.0072307,1e-06,0.013807,0.004
2657,274.28,-1.81,1.8077,0.19961,0.0072793,1e-06,0.014121,0.003
2658,276.09,-1.84,1.8096,0.19955,0.0073111,8e-07,0.014187,0.003
2659,275.59,-1.81,1.8113,0.19957,0.0073238,9e-07,0.01401,0.003
2660,274.38,-1.82,1.8136,0.19962,0.0073219,9e-07,0.014006,0.002
2661,272.34,-1.79,1.8146,0.19969,0.0073049,1e-06,0.014542,0.003
2662,268.8,-1.77,1.8125,0.1998,0.0072781,1.1e-06,0.015129,0.002
2663,265.93,-1.93,1.8137,0.1999,0.0072479,1.4e-06,0.014401,0.003
2664,263.72,-1.71,1.8138,0.19997,0.0072222,1.5e-06,0.014432,0.003
2665,261.74,-1.79,1.8094,0.20001,0.0072046,1.4e-06,0.014689,0.002
2666,261.39,-1.81,1.8087,0.20002,0.0071919,1.5e-06,0.014866,0.002
2667,261.51,-1.86,1.8083,0.20002,0.0071759,1.5e-06,0.014597,0.003
2668,260.27,-1.83,1.8029,0.20004,0.0071506,1.3e-06,0.015275,0.002
2669,257.4,-1.83,1.7956,0.2001,0.0071157,1.4e-06,0.015354,0.002
2670,254.18,-1.71,1.7919,0.20019,0.0070773,1.3e-06,0.015945,0.003
2671,251.85,-1.86,1.7912,0.20027,0.0070386,1.5e-06,0.015405,0.002
2672,249.38,-1.76,1.7873,0.20034,0.0070075,1.6e-06,0.015122,0.003
2673,248.49,-1.87,1.7863,0.20036,0.0069867,1.5e-06,0.015387,0.002
2674,248.44,-1.81,1.785,0.20036,0.0069821,1.3e-06,0.015965,0.003
2675,250.53,-1.86,1.7864,0.2003,0.0069945,1.1e-06,0.016406,0.003
2676,253.01,-1.85,1.7865,0.20022,0.0070169,8e-07,0.016648,0.003
2677,256.14,-1.79,1.7869,0.20012,0.0070419,5e-07,0.017354,0.003
2678,258.9,-1.78,1.7912,0.20005,0.0070643,8e-07,0.017982,0.003
2679,261.9,-1.85,1.8002,0.19999,0.0070838,9e-07,0.017001,0.003
2680,262.83,-1.82,1.8026,0.19997,0.0070967,1.1e-06,0.017178,0.003
2681,262.1,-1.82,1.7993,0.19998,0.0071022,1.2e-06,0.016164,0.004
2682,261.86,-1.82,1.8027,0.2,0.0071012,1.3e-06,0.016231,0.003
2683,260.8,-1.87,1.8021,0.20003,0.007093,1.2e-06,0.016086,0.003
2684,260.32,-1.88,1.8079,0.20008,0.0070744,1.4e-06,0.016916,0.002
2685,258.28,-1.77,1.8085,0.20015,0.0070497,1.6e-06,0.016841,0.003
2686,255.32,-1.9,1.8077,0.20024,0.0070308,1.5e-06,0.015853,0.003
2687,254.5,-1.81,1.809,0.20027,0.0070271,1.3e-06,0.015228,0.003
2688,255.39,-1.81,1.8079,0.20023,0.0070387,1.1e-06,0.01534,0.003
2689,257.62,-1.8,1.8054,0.20015,0.0070585,1e-06,0.016378,0.003
2690,260.69,-1.81,1.8069,0.20006,0.0070757,1.1e-06,0.017089,0.003
2691,262.29,-1.93,1.81,0.20002,0.0070846,1e-06,0.017277,0.003
2692,262.19,-1.9,1.8096,0.20002,0.007088,1.1e-06,0.017145,0.002
2693,261.96,-1.9,1.8133,0.20005,0.0070903,1.3e-06,0.018079,0.002
2694,261.26,-1.86,1.8105,0.20005,0.0070972,1.2e-06,0.017651,0.003
2695,261.3,-1.9,1.8082,0.20004,0.0071141,9e-07,0.018392,0.002
2696,262.57,-1.88,1.8068,0.19999,0.0071451,1.1e-06,0.019572,0.003
2697,265.18,-1.86,1.8042,0.19989,0.0071948,1.1e-06,0.019746,0.003
2698,270.42,-1.81,1.8064,0.19972,0.0072663,1e-06,0.018693,0.004
2699,275.9,-1.82,1.8042,0.19953,0.0073353,1e-06,0.018513,0.003
2700,280.29,-1.89,1.806,0.19939,0.0073804,1.2e-06,0.018038,0.002
2701,280.57,-1.81,1.8084,0.19939,0.007381,1.8e-06,0.016943,0.003
2702,276.52,-1.85,1.8083,0.19952,0.0073522,1.9e-06,0.016394,0.003
2703,270.05,-1.89,1.8064,0.19972,0.0073059,1.6e-06,0.015655,0.004
2704,263.63,-1.76,1.8044,0.19992,0.0072464,1.6e-06,0.015274,0.003
2705,257.48,-1.72,1.8028,0.20012,0.0071903,1.6e-06,0.015761,0.003
2706,255.43,-1.8,1.8055,0.2002,0.0071543,1.7e-06,0.015841,0.002
2707,255.61,-1.9,1.8075,0.20021,0.0071365,1.8e-06,0.015219,0.004
2708,256.35,-1.82,1.8041,0.20017,0.0071314,1.9e-06,0.014707,0.003
2709,258.82,-1.94,1.807,0.2001,0.0071376,2.1e-06,0.014495,0.003
2710,260.8,-1.81,1.8064,0.20004,0.0071621,2.1e-06,0.01404,0.003
2711,263.58,-1.78,1.804,0.19993,0.007201,2e-06,0.014755,0.003
2712,268.84,-1.85,1.802,0.19975,0.0072491,2e-06,0.015442,0.003
2713,272.9,-1.88,1.8031,0.19962,0.007294,1.8e-06,0.015267,0.003
2714,274.53,-1.94,1.805,0.19958,0.0073054,1.5e-06,0.015243,0.003
2715,272.97,-1.89,1.808,0.19964,0.0072916,1.6e-06,0.015513,0.003
2716,268.84,-1.85,1.8075,0.19977,0.0072687,1.6e-06,0.015127,0.003
2717,265.01,-1.91,1.8064,0.19989,0.0072467,1.6e-06,0.015595,0.003
2718,263.45,-1.77,1.8077,0.19995,0.0072269,1.7e-06,0.015452,0.003
2719,261.86,-1.8,1.805,0.19999,0.0072066,1.7e-06,0.014185,0.003
2720,260.96,-1.8,1.8044,0.20002,0.0071867,1.5e-06,0.013146,0.004
2721,259.65,-1.93,1.8014,0.20005,0.0071667,1.4e-06,0.01299,0.004
2722,259.02,-1.84,1.8026,0.20008,0.0071416,1e-06,0.013146,0.004
2723,257.93,-1.86,1.8038,0.20012,0.0071113,9e-07,0.013493,0.003
2724,256.37,-1.87,1.8046,0.20018,0.0070846,9e-07,0.013307,0.004
2725,254.63,-1.81,1.8027,0.20023,0.0070648,1e-06,0.013963,0.003
2726,253.77,-1.91,1.7981,0.20024,0.0070625,1.5e-06,0.013247,0.003
2727,254.16,-1.89,1.7923,0.2002,0.0070862,1.6e-06,0.013956,0.003
2728,257.87,-1.9,1.7896,0.20006,0.0071281,1.5e-06,0.013312,0.004
2729,263.96,-1.82,1.7924,0.19987,0.0071864,1.4e-06,0.01307,0.003
2730,268.9,-1.9,1.7939,0.19972,0.0072222,1.6e-06,0.012751,0.004
2731,270.25,-1.84,1.7967,0.19969,0.0072308,1.3e-06,0.013143,0.003
2732,268,-1.83,1.7982,0.19976,0.0072329,9e-07,0.013237,0.003
2733,265.1,-1.81,1.7935,0.19983,0.0072464,1e-06,0.013554,0.004
2734,265.52,-1.95,1.7927,0.19981,0.0072748,1.4e-06,0.013594,0.004
2735,268.05,-1.83,1.7954,0.19973,0.0073071,1.5e-06,0.013596,0.003
2736,272.28,-1.8,1.8019,0.19963,0.0073293,1.5e-06,0.013729,0.003
2737,273.28,-1.83,1.8025,0.1996,0.0073388,1.6e-06,0.014516,0.003
2738,271.88,-1.9,1.8019,0.19964,0.0073463,1.6e-06,0.014307,0.004
2739,271.07,-1.84,1.8021,0.19966,0.007368,1.3e-06,0.013616,0.003
2740,272.38,-1.9,1.8018,0.19961,0.0074033,1.2e-06,0.012066,0.003
2741,275.08,-1.89,1.7989,0.19951,0.007443,1.2e-06,0.011888,0.003
2742,277.34,-1.87,1.7958,0.19942,0.0074704,1.5e-06,0.012109,0.003
2743,279.05,-1.82,1.8001,0.19938,0.0074822,1.5e-06,0.013039,0.004
2744,278.17,-1.77,1.802,0.19942,0.0074687,1.6e-06,0.012968,0.003
2745,274.63,-1.85,1.8005,0.19953,0.0074324,1.4e-06,0.012486,0.003
2746,269.11,-1.84,1.7983,0.1997,0.0073672,1.2e-06,0.012176,0.004
2747,262.07,-1.78,1.7993,0.19994,0.0072906,1.2e-06,0.012078,0.003
2748,256.74,-1.81,1.8023,0.20013,0.0072272,1.5e-06,0.012173,0.004
2749,253.49,-1.78,1.7997,0.20023,0.0071806,1.6e-06,0.01133,0.003
2750,254.01,-1.9,1.8016,0.20022,0.0071668,1.2e-06,0.011474,0.002
2751,257.19,-1.87,1.8051,0.20014,0.007178,1.3e-06,0.010998,0.004
2752,261.92,-1.78,1.809,0.2,0.0072081,1.4e-06,0.011,0.003
2753,266,-1.89,1.8054,0.19986,0.007246,1.4e-06,0.011052,0.004
2754,269.69,-1.91,1.8087,0.19975,0.0072797,1.4e-06,0.012109,0.004
2755,272.71,-1.86,1.8097,0.19966,0.0073063,1.5e-06,0.011712,0.003
2756,273.97,-1.82,1.8105,0.19962,0.0073212,1.3e-06,0.011808,0.003
2757,273.71,-1.91,1.8111,0.19963,0.0073254,8e-07,0.012298,0.004
2758,271.97,-1.84,1.8101,0.19968,0.0073198,7e-07,0.012888,0.004
2759,270.22,-1.82,1.8097,0.19973,0.0073071,8e-07,0.012373,0.003
2760,267.61,-1.77,1.805,0.1998,0.0072923,9e-07,0.01206,0.004
2761,265.42,-1.94,1.8008,0.19985,0.0072786,1e-06,0.012361,0.003
2762,264.38,-1.85,1.7997,0.19988,0.0072711,1e-06,0.012734,0.003
2763,264.38,-1.91,1.8006,0.19988,0.0072668,1.6e-06,0.012851,0.003
2764,264.41,-1.78,1.7982,0.19987,0.0072588,1.6e-06,0.012435,0.003
2765,264.41,-1.87,1.7994,0.19988,0.0072444,1.6e-06,0.012079,0.004
2766,263.16,-1.86,1.8006,0.19993,0.0072286,1.6e-06,0.012781,0.003
2767,262.49,-1.79,1.802,0.19995,0.0072179,1.8e-06,0.01375,0.004
2768,261.8,-1.77,1.7994,0.19996,0.0072181,1.8e-06,0.014009,0.003
2769,262.41,-1.79,1.7969,0.19993,0.0072292,1.7e-06,0.012842,0.003
2770,264.22,-1.88,1.7974,0.19988,0.0072435,1.8e-06,0.012797,0.003
2771,265.62,-1.82,1.798,0.19983,0.0072492,1.7e-06,0.012775,0.004
2772,266.5,-1.79,1.7989,0.19981,0.0072378,1.5e-06,0.012605,0.005
2773,264.3,-1.81,1.7975,0.19988,0.0072138,1.5e-06,0.012768,0.003
2774,261.97,-1.91,1.8005,0.19997,0.0071917,1.7e-06,0.012779,0.003
2775,259.36,-1.89,1.7975,0.20004,0.007184,1.7e-06,0.012353,0.003
2776,259.36,-1.9,1.7941,0.20002,0.0071957,1.7e-06,0.012081,0.004
2777,261.61,-1.9,1.7925,0.19994,0.0072176,1.5e-06,0.011897,0.004
2778,264.27,-1.85,1.7922,0.19985,0.0072371,1.5e-06,0.012366,0.003
2779,266.68,-1.8,1.795,0.19979,0.0072401,1.3e-06,0.012673,0.003
2780,266.39,-1.83,1.7977,0.19981,0.0072203,1.1e-06,0.013057,0.004
2781,263.36,-1.85,1.8004,0.19993,0.0071798,1.1e-06,0.013409,0.004
2782,258.76,-1.85,1.8004,0.20008,0.0071262,1.2e-06,0.014084,0.003
2783,253.06,-1.84,1.8016,0.20027,0.0070738,1.1e-06,0.013301,0.003
2784,249.56,-1.84,1.7996,0.20038,0.0070306,1.2e-06,0.013106,0.004
2785,249.48,-1.9,1.8002,0.20039,0.0070267,1.5e-06,0.012857,0.004
2786,251.86,-1.86,1.7984,0.2003,0.0070541,1.7e-06,0.012987,0.003
2787,257.96,-1.83,1.7988,0.2001,0.0070976,1.7e-06,0.013652,0.004
2788,264.07,-1.83,1.7994,0.19991,0.0071535,1.5e-06,0.014746,0.003
2789,268.65,-1.78,1.8016,0.19977,0.007205,1.5e-06,0.014464,0.004
2790,271.62,-1.89,1.8024,0.19967,0.0072408,1.6e-06,0.01461,0.004
2791,271.72,-1.79,1.8006,0.19966,0.0072532,1.6e-06,0.013822,0.004
2792,269.25,-1.8,1.7996,0.19973,0.0072549,1.7e-06,0.014254,0.004
2793,267.71,-1.9,1.802,0.19979,0.0072529,1.8e-06,0.014355,0.003
2794,266.08,-1.85,1.8,0.19983,0.0072486,1.6e-06,0.013158,0.003
2795,264.91,-1.9,1.7974,0.19986,0.007238,1.9e-06,0.012622,0.003
2796,264.19,-1.8,1.8002,0.19989,0.0072238,1.7e-06,0.011586,0.004
2797,262.6,-1.84,1.7995,0.19994,0.0072161,1.7e-06,0.011671,0.004
2798,262.52,-1.88,1.7998,0.19994,0.0072174,1.7e-06,0.012462,0.004
2799,263.14,-1.8,1.7989,0.19992,0.0072199,1.8e-06,0.012908,0.004
2800,263.61,-1.77,1.7978,0.1999,0.0072222,1.8e-06,0.012807,0.003
2801,264.55,-1.82,1.8023,0.19989,0.0072226,1.9e-06,0.012588,0.004
2802,264.98,-1.92,1.8044,0.19989,0.0072191,1.8e-06,0.012608,0.004
2803,264.47,-1.81,1.8032,0.1999,0.0072133,1.8e-06,0.011428,0.004
2804,264.1,-1.78,1.8043,0.19992,0.0072152,1.5e-06,0.013398,0.003
2805,264.26,-1.76,1.8034,0.1999,0.0072352,1.5e-06,0.014307,0.004
2806,266.1,-1.8,1.8019,0.19983,0.0072696,1.6e-06,0.013455,0.004
2807,270.04,-1.96,1.8041,0.19971,0.0073072,1.5e-06,0.012687,0.004
2808,273.45,-1.9,1.806,0.19961,0.0073297,1.7e-06,0.011805,0.003
2809,274.04,-1.9,1.8074,0.1996,0.0073335,1.7e-06,0.012133,0.004
2810,272.76,-1.81,1.8079,0.19964,0.0073279,1.5e-06,0.012472,0.003
2811,270.15,-1.86,1.8084,0.19973,0.0073252,1.5e-06,0.012902,0.004
2812,269.01,-1.8,1.8074,0.19976,0.0073319,1.6e-06,0.013778,0.005
2813,269.89,-1.93,1.8062,0.19972,0.0073477,1.7e-06,0.015367,0.004
2814,271.36,-1.86,1.8049,0.19966,0.0073699,1.7e-06,0.015552,0.004
2815,272.99,-1.82,1.8044,0.19961,0.0074003,1.6e-06,0.016389,0.004
2816,275.35,-1.76,1.8036,0.19952,0.0074369,1.8e-06,0.016067,0.003
2817,277.78,-1.83,1.7999,0.19942,0.0074757,1.8e-06,0.015025,0.004
2818,279.24,-1.77,1.7975,0.19936,0.0075019,1.8e-06,0.013627,0.004
2819,280.1,-1.88,1.7992,0.19934,0.0075119,1.6e-06,0.014265,0.003
2820,278.67,-1.76,1.7971,0.19937,0.0075071,1.1e-06,0.013455,0.004
2821,276.08,-1.81,1.7939,0.19944,0.0074891,1e-06,0.014923,0.004
2822,273.14,-1.79,1.7955,0.19955,0.00746,1.2e-06,0.015508,0.004
2823,269.86,-1.9,1.7948,0.19965,0.0074272,1.2e-06,0.01493,0.004
2824,267.41,-1.84,1.7955,0.19974,0.0073936,1.2e-06,0.016465,0.004
2825,265.05,-1.92,1.7949,0.19981,0.0073598,1.1e-06,0.016434,0.004
2826,263.24,-1.82,1.7928,0.19987,0.0073274,8e-07,0.016887,0.004
2827,262.61,-2.04,1.7973,0.19991,0.0072939,7e-07,0.016627,0.003
2828,261.8,-1.86,1.8,0.19996,0.0072589,1e-06,0.01603,0.004
2829,260.08,-1.81,1.7991,0.20001,0.0072213,1.2e-06,0.015737,0.004
2830,259.11,-1.85,1.8033,0.20007,0.0071923,1e-06,0.014698,0.004
2831,258.39,-1.87,1.8045,0.2001,0.007186,1.1e-06,0.014514,0.004
2832,259.2,-1.86,1.8013,0.20005,0.0072103,1.2e-06,0.014849,0.004
2833,264.29,-1.8,1.8006,0.19988,0.0072571,1.2e-06,0.016382,0.004
2834,270.64,-1.82,1.7995,0.19967,0.0073166,1.5e-06,0.016898,0.004
2835,276.48,-1.85,1.8029,0.1995,0.007372,1.6e-06,0.01744,0.003
2836,279.12,-1.82,1.8067,0.19943,0.0074066,1.6e-06,0.016697,0.004
2837,278.82,-1.86,1.8056,0.19942,0.0074319,1.7e-06,0.016003,0.004
2838,278.59,-1.85,1.8068,0.19943,0.0074526,1.5e-06,0.015594,0.003
2839,278.44,-1.8,1.808,0.19944,0.0074687,1.4e-06,0.01545,0.004
2840,278.35,-1.84,1.8077,0.19944,0.0074722,1.3e-06,0.016257,0.004
2841,277.45,-1.85,1.8084,0.19948,0.0074563,1.2e-06,0.016998,0.004
2842,274.9,-1.79,1.8085,0.19956,0.0074253,1.2e-06,0.016857,0.004
2843,271.26,-1.86,1.8106,0.19969,0.007387,1.2e-06,0.016282,0.004
2844,268.29,-1.87,1.8154,0.19981,0.0073406,9e-07,0.015804,0.004
2845,264.42,-1.8,1.8152,0.19994,0.0072917,9e-07,0.016379,0.004
2846,261.05,-1.76,1.8101,0.20003,0.0072579,9e-07,0.016446,0.004
2847,261.06,-1.83,1.8086,0.20002,0.0072513,6e-07,0.015944,0.004
2848,263.25,-1.79,1.8082,0.19995,0.0072605,7e-07,0.016819,0.004
2849,265.76,-1.78,1.8075,0.19987,0.0072745,6e-07,0.0153,0.004
2850,268.06,-1.82,1.8071,0.19979,0.0072812,7e-07,0.015661,0.004
2851,269.26,-1.8,1.8093,0.19977,0.007277,7e-07,0.016571,0.003
2852,268.3,-1.82,1.8083,0.19979,0.0072622,9e-07,0.016932,0.004
2853,265.93,-1.84,1.8059,0.19986,0.0072346,1e-06,0.014961,0.004
2854,263.22,-1.83,1.8064,0.19995,0.0071974,9e-07,0.015499,0.004
2855,259.64,-1.81,1.8043,0.20006,0.0071523,9e-07,0.016204,0.004
2856,256.11,-1.87,1.8034,0.20017,0.0071242,8e-07,0.015087,0.005
2857,255.92,-1.82,1.8059,0.20019,0.0071222,9e-07,0.014504,0.005
2858,257.93,-1.87,1.804,0.20012,0.0071413,9e-07,0.015121,0.004
2859,261.73,-1.91,1.8023,0.19999,0.0071685,7e-07,0.014538,0.004
2860,265.45,-1.85,1.8044,0.19988,0.0071906,8e-07,0.014127,0.004
2861,266,-1.9,1.8022,0.19985,0.0072084,9e-07,0.014212,0.004
2862,266.6,-1.84,1.8009,0.19982,0.0072269,1.4e-06,0.013689,0.005
2863,267.17,-1.87,1.8003,0.19979,0.0072504,1.8e-06,0.013897,0.004
2864,268.6,-1.75,1.8006,0.19975,0.0072753,1.7e-06,0.013809,0.005
2865,270.32,-1.85,1.8025,0.1997,0.007296,1.6e-06,0.014195,0.004
2866,271.12,-1.79,1.804,0.19968,0.007304,1.6e-06,0.014356,0.004
2867,269.88,-1.71,1.7995,0.1997,0.0073009,1.6e-06,0.014321,0.004
2868,268,-1.8,1.7963,0.19974,0.007291,1.5e-06,0.014277,0.003
2869,266.45,-1.84,1.8,0.19981,0.0072766,1.3e-06,0.014468,0.003
2870,264.17,-1.89,1.7982,0.19988,0.0072622,1.3e-06,0.014561,0.005
2871,263.07,-1.84,1.7974,0.19991,0.0072493,8e-07,0.015362,0.004
2872,262.58,-1.84,1.7988,0.19993,0.0072396,7e-07,0.015441,0.004
2873,262.96,-1.93,1.8,0.19993,0.0072351,8e-07,0.015698,0.005
2874,263.2,-1.84,1.8013,0.19992,0.0072336,1e-06,0.015732,0.003
2875,263.77,-1.78,1.8022,0.19991,0.0072322,1e-06,0.014572,0.005
2876,264.03,-1.88,1.7999,0.19989,0.0072353,1.1e-06,0.014771,0.004
2877,264.67,-1.74,1.8005,0.19987,0.0072522,1.3e-06,0.015411,0.004
2878,266.36,-1.81,1.8006,0.19981,0.0072852,1.4e-06,0.015397,0.004
2879,269.37,-1.86,1.798,0.1997,0.0073317,1.3e-06,0.015207,0.005
2880,273.83,-1.72,1.801,0.19957,0.0073752,1.2e-06,0.015768,0.004
2881,276.18,-1.9,1.8008,0.19949,0.0074006,9e-07,0.016714,0.005
2882,276.6,-1.72,1.802,0.19948,0.0074132,9e-07,0.016715,0.004
2883,275.6,-1.87,1.8017,0.19951,0.0074217,9e-07,0.017999,0.004
2884,274.55,-1.89,1.8002,0.19953,0.0074269,1.1e-06,0.017556,0.004
2885,273.8,-1.85,1.7991,0.19955,0.0074266,1.1e-06,0.01666,0.004
2886,272.4,-1.71,1.7989,0.19959,0.0074265,1.2e-06,0.016506,0.004
2887,272.49,-1.8,1.802,0.1996,0.0074329,1e-06,0.016543,0.005
2888,273.13,-1.77,1.8018,0.19958,0.0074427,9e-07,0.016715,0.005
2889,273.99,-1.85,1.7988,0.19954,0.0074531,9e-07,0.016927,0.004
2890,274.24,-1.87,1.7965,0.19952,0.0074642,1.2e-06,0.016853,0.004
2891,274.37,-1.84,1.7938,0.1995,0.0074803,1.4e-06,0.017086,0.005
2892,275.13,-1.79,1.7926,0.19946,0.0074963,1.3e-06,0.01674,0.005
2893,275.97,-1.9,1.7925,0.19943,0.0075054,1e-06,0.016762,0.004
2894,275.75,-1.85,1.7912,0.19944,0.0075027,1e-06,0.017218,0.004
2895,274.7,-1.9,1.7919,0.19947,0.0074879,8e-07,0.016714,0.004
2896,272.81,-1.85,1.7953,0.19956,0.0074582,5e-07,0.016483,0.004
2897,268.89,-1.85,1.7918,0.19967,0.0074171,7e-07,0.016019,0.004
2898,264.93,-1.92,1.7922,0.1998,0.0073635,9e-07,0.016106,0.005
2899,261.26,-1.8,1.7933,0.19993,0.0073102,1.3e-06,0.016537,0.004
2900,259.35,-1.83,1.7955,0.20001,0.0072773,1.3e-06,0.016253,0.005
2901,259.54,-1.88,1.7966,0.20001,0.0072575,1.3e-06,0.014806,0.004
2902,260.43,-1.85,1.7979,0.19999,0.0072367,1.5e-06,0.013439,0.004
2903,260.61,-1.89,1.7988,0.2,0.0072041,1.6e-06,0.014344,0.004
2904,258.64,-1.78,1.7997,0.20007,0.007159,1.3e-06,0.016445,0.004
2905,254.6,-1.72,1.8016,0.20022,0.0070799,1.2e-06,0.017359,0.004
2906,248.6,-1.85,1.8024,0.20043,0.0069653,1.4e-06,0.017305,0.004
2907,240.35,-1.79,1.8075,0.20075,0.0067494,1.4e-06,0.015156,0.003
2908,229.37,-1.86,1.8062,0.20115,0.0064027,1.6e-06,0.015123,0.004
2909,216.92,-1.87,1.807,0.2016,0.0060608,1.7e-06,0.015453,0.004
2910,205.35,-1.77,1.8047,0.20204,0.0055977,1.8e-06,0.015587,0.003
2911,192.34,-1.8,1.8082,0.20257,0.0050342,1.8e-06,0.014913,0.004
2912,176.24,-1.87,1.8118,0.20321,0.004335,1.9e-06,0.014238,0.003
2913,154.77,-1.76,1.8167,0.20401,0.0037023,2.4e-06,0.014498,0.004
2914,130.11,-1.87,1.8191,0.20488,0.0031098,2.7e-06,0.014684,0.004
2915,105.7,-1.88,1.8215,0.20571,0.0026577,2.8e-06,0.014842,0.004
2916,82.13,-1.9,1.8225,0.20649,0.0022938,3e-06,0.014973,0.003
2917,62.87,-1.84,1.8249,0.20713,0.0020414,3.4e-06,0.014212,0.004
2918,47.35,-1.79,1.8267,0.20764,0.0018109,3.5e-06,0.013985,0.004
2919,35.26,-1.9,1.8297,0.20802,0.0016865,3.8e-06,0.013839,0.003
2920,26.66,-1.82,1.8331,0.20831,0.0015665,3.7e-06,0.0143,0.004
2921,20.56,-1.79,1.8349,0.20851,0.0014492,3.6e-06,0.012765,0.003
2922,15.94,-1.98,1.8378,0.20867,0.001344,3.5e-06,0.012338,0.004
2923,12.65,-1.87,1.8403,0.20879,0.0012504,3.6e-06,0.012036,0.003
2924,10.3,-1.86,1.8415,0.20888,0.0011688,3.6e-06,0.011973,0.004
2925,8.59,-1.94,1.8435,0.20894,0.0010945,3.4e-06,0.013272,0.003
2926,7.74,-1.85,1.8461,0.20898,0.0010299,3.2e-06,0.013866,0.005
2927,6.78,-1.88,1.8507,0.20902,0.0009747,2.9e-06,0.014225,0.003
2928,6.25,-1.86,1.8567,0.20905,0.0009268,2.6e-06,0.013204,0.004
2929,5.71,-1.77,1.8595,0.20907,0.0008781,2.1e-06,0.01292,0.004
2930,4.89,-1.85,1.863,0.20911,0.0008399,2e-06,0.013336,0.003
2931,4.52,-1.76,1.8652,0.20912,0.0008079,2.2e-06,0.013335,0.004
2932,4.18,-1.78,1.868,0.20914,0.0007798,2.5e-06,0.013203,0.004
2933,3.92,-1.86,1.8699,0.20915,0.000755,2.3e-06,0.012643,0.003
2934,3.56,-1.82,1.8742,0.20917,0.0007341,2.8e-06,0.013401,0.004
2935,3.59,-1.75,1.8752,0.20917,0.0007162,2.8e-06,0.012948,0.005
2936,3.36,-1.89,1.878,0.20918,0.0007018,2.9e-06,0.013091,0.003
2937,3.55,-1.75,1.8771,0.20918,0.0006888,3.2e-06,0.013693,0.003
2938,3.57,-1.78,1.8739,0.20918,0.0006785,3.4e-06,0.012299,0.004
2939,3.27,-1.79,1.8735,0.20919,0.0006683,3.4e-06,0.009054,0.003
2940,3.36,-1.75,1.8719,0.20919,0.0006599,3e-06,0.008426,0.004
2941,3.14,-1.76,1.8759,0.2092,0.0006525,2.9e-06,0.008789,0.003
2942,3.14,-1.78,1.8788,0.2092,0.000645,3.1e-06,0.010237,0.003
2943,3.11,-1.76,1.8804,0.2092,0.0006385,3.1e-06,0.010889,0.004
2944,2.76,-1.87,1.8833,0.20921,0.0006325,3.1e-06,0.011915,0.004
2945,2.97,-1.86,1.8882,0.20921,0.0006275,2.9e-06,0.011712,0.003
2946,3.04,-1.88,1.8903,0.20921,0.0006237,3.1e-06,0.010332,0.003
2947,2.79,-1.72,1.8928,0.20921,0.0006208,3.3e-06,0.011162,0.003
2948,2.62,-1.94,1.8961,0.20922,0.0006179,3.2e-06,0.013187,0.004
2949,3.02,-1.88,1.898,0.20921,0.0006159,3.4e-06,0.013194,0.003
2950,2.74,-1.8,1.9006,0.20922,0.0006153,3.4e-06,0.013564,0.003
2951,3.13,-1.82,1.8995,0.20921,0.0006141,3.8e-06,0.014949,0.003
2952,3.41,-1.86,1.8995,0.2092,0.0006122,3.8e-06,0.014964,0.004
2953,2.98,-1.83,1.9046,0.20921,0.0006097,4e-06,0.014378,0.003
2954,2.84,-1.75,1.9014,0.20921,0.0006071,4.1e-06,0.012477,0.004
2955,2.71,-1.91,1.8988,0.20922,0.0006039,3.8e-06,0.012607,0.003
2956,2.56,-1.78,1.9006,0.20922,0.0006017,3.3e-06,0.012798,0.004
2957,2.56,-1.82,1.8996,0.20923,0.0005988,2.8e-06,0.011261,0.003
2958,2.22,-1.91,1.9021,0.20923,0.0005974,2.9e-06,0.011108,0.002
2959,2.11,-1.85,1.9045,0.20924,0.0005991,2.5e-06,0.012079,0.004
2960,2.5,-1.84,1.905,0.20923,0.000606,2.2e-06,0.011731,0.004
2961,3.34,-1.9,1.9065,0.2092,0.0006226,2.1e-06,0.011576,0.003
2962,4.88,-1.82,1.9065,0.20915,0.0006496,2.1e-06,0.01192,0.003
2963,6.67,-1.82,1.9045,0.20909,0.0006857,1.8e-06,0.011974,0.003
2964,8.25,-1.72,1.908,0.20904,0.0007348,1.9e-06,0.012753,0.002
2965,9.62,-1.74,1.9114,0.20898,0.0008215,2.5e-06,0.012139,0.004
2966,10.78,-1.83,1.9112,0.20891,0.0009686,3.6e-06,0.011824,0.004
2967,11.73,-1.86,1.9111,0.20882,0.0012781,5.1e-06,0.012081,0.004
2968,14.01,-1.76,1.9093,0.20873,0.0013867,6.6e-06,0.012965,0.003
2969,14.92,-1.79,1.9105,0.20869,0.0014675,8.1e-06,0.012828,0.003
2970,14.57,-1.92,1.9133,0.20869,0.001512,8.9e-06,0.013235,0.003
2971,12.93,-1.86,1.9112,0.20874,0.0015058,9.1e-06,0.013656,0.003
2972,10.29,-1.91,1.911,0.20882,0.0014726,8.9e-06,0.013739,0.003
2973,7.76,-1.78,1.9136,0.2089,0.0014193,8.1e-06,0.013713,0.003
2974,5.76,-1.97,1.9137,0.20898,0.0013509,7.3e-06,0.012289,0.003
2975,3.79,-1.82,1.911,0.20905,0.0012794,7e-06,0.014307,0.003
2976,2.43,-1.73,1.9095,0.2091,0.0012138,6.1e-06,0.013511,0.003
2977,1.63,-1.86,1.9097,0.20913,0.0011541,5.4e-06,0.01345,0.003
2978,1.13,-1.82,1.9103,0.20916,0.0011025,4.8e-06,0.013995,0.003
2979,1.03,-1.84,1.9099,0.20917,0.0010684,4.7e-06,0.013068,0.004
2980,0.79,-1.88,1.9084,0.20918,0.0010447,4.7e-06,0.012897,0.004
2981,0.94,-1.82,1.9111,0.20918,0.0010263,4.4e-06,0.012099,0.003
2982,0.62,-1.86,1.9152,0.20919,0.0010084,3.8e-06,0.012388,0.003
2983,0.55,-1.76,1.914,0.2092,0.0009905,3.4e-06,0.013479,0.003
2984,0.72,-1.9,1.9146,0.2092,0.0009729,3e-06,0.011601,0.003
2985,0.86,-1.93,1.919,0.2092,0.0009562,2.6e-06,0.011244,0.003
2986,0.8,-1.89,1.9217,0.2092,0.0009441,2.3e-06,0.010188,0.004
2987,0.43,-1.87,1.9219,0.20921,0.0009408,2e-06,0.008988,0.003
2988,0.44,-1.85,1.9242,0.20921,0.0009518,1.6e-06,0.009133,0.003
2989,0.89,-1.82,1.9248,0.20919,0.000979,1.4e-06,0.010143,0.003
2990,1.28,-1.82,1.9265,0.20917,0.001016,1.5e-06,0.011253,0.003
2991,1.1,-1.85,1.9297,0.20917,0.0010617,1.5e-06,0.011233,0.004
2992,1.48,-1.93,1.9302,0.20915,0.0011093,1.6e-06,0.011274,0.004
2993,1.59,-1.87,1.9333,0.20914,0.0011625,1.6e-06,0.010959,0.002
2994,1.81,-1.85,1.9328,0.20912,0.001213,1.5e-06,0.011401,0.003
2995,1.83,-1.84,1.9319,0.20911,0.0012611,1.7e-06,0.011191,0.004
2996,1.58,-1.91,1.9316,0.20911,0.0013091,1.7e-06,0.011339,0.003
2997,1.71,-1.92,1.9311,0.20909,0.0013568,1.7e-06,0.01171,0.003
2998,2.18,-1.91,1.9317,0.20907,0.0014048,1.9e-06,0.012786,0.003
2999,2.11,-1.77,1.9305,0.20906,0.0014528,1.7e-06,0.013333,0.003
3000,2.48,-1.74,1.9332,0.20904,0.0015009,1.5e-06,0.013244,0.003
3001,1.97,-1.83,1.9339,0.20904,0.0015585,1.8e-06,0.014003,0.003
3002,2.26,-1.82,1.9307,0.20902,0.0016133,1.6e-06,0.012837,0.003
3003,2.02,-1.73,1.9292,0.20902,0.001666,1.4e-06,0.011403,0.003
3004,2.01,-1.88,1.9299,0.20901,0.001724,1.3e-06,0.011145,0.003
3005,2.17,-1.85,1.9315,0.20899,0.0017722,1.3e-06,0.010388,0.003
3006,2.15,-1.85,1.9341,0.20899,0.0018055,1.2e-06,0.010092,0.004
3007,2.01,-1.77,1.9375,0.20899,0.0018246,1.3e-06,0.009689,0.003
3008,1.78,-1.87,1.9361,0.20899,0.0018318,1.4e-06,0.00875,0.002
3009,1.57,-1.87,1.936,0.209,0.0018343,1.2e-06,0.009191,0.003
3010,1.28,-1.79,1.9354,0.209,0.0018424,1.1e-06,0.008608,0.002
3011,1.01,-1.93,1.9351,0.209,0.0018665,1e-06,0.009628,0.004
3012,1.26,-1.91,1.939,0.20899,0.0019091,1.1e-06,0.010699,0.004
3013,1.12,-1.79,1.9374,0.20898,0.0019881,1.4e-06,0.010342,0.003
3014,1.47,-1.73,1.9394,0.20894,0.0020908,1.7e-06,0.009263,0.003
3015,1.97,-1.87,1.9349,0.2089,0.0022227,2.1e-06,0.009232,0.004
3016,2.49,-1.77,1.9323,0.20886,0.0023583,2.3e-06,0.009901,0.004
3017,3.34,-1.83,1.9319,0.20881,0.0024922,2.5e-06,0.012422,0.003
3018,3.48,-1.84,1.9332,0.20878,0.0026191,2.4e-06,0.01371,0.003
3019,3.7,-1.82,1.9386,0.20875,0.0027384,2.4e-06,0.014021,0.003
3020,3.52,-1.78,1.9365,0.20873,0.0028489,2.4e-06,0.013249,0.002
3021,3.1,-1.72,1.9384,0.20872,0.0029447,2.7e-06,0.012525,0.003
3022,3.04,-1.91,1.9383,0.2087,0.0030284,2.6e-06,0.01221,0.004
3023,2.9,-1.82,1.938,0.20869,0.0030924,2.7e-06,0.011622,0.004
3024,2.76,-1.95,1.9407,0.20869,0.0031407,2.8e-06,0.010303,0.002
3025,2.21,-1.89,1.9438,0.2087,0.0031723,3.3e-06,0.009339,0.004
3026,1.89,-1.79,1.943,0.2087,0.0031871,3.3e-06,0.009798,0.003
3027,1.47,-1.93,1.9441,0.20871,0.0032094,3e-06,0.01053,0.004
3028,1.32,-1.74,1.9442,0.20871,0.0032439,3e-06,0.011111,0.004
3029,0.99,-1.96,1.9443,0.2087,0.0033091,2.9e-06,0.010737,0.004
3030,1.62,-1.81,1.9449,0.20866,0.0034085,2.9e-06,0.009804,0.004
3031,1.89,-1.77,1.9431,0.20863,0.0035309,3.1e-06,0.009686,0.004
3032,2.41,-1.78,1.9429,0.20859,0.0036653,3.2e-06,0.009266,0.003
3033,2.79,-1.82,1.945,0.20855,0.0038067,3.4e-06,0.009252,0.004
3034,3.3,-1.93,1.9437,0.20851,0.0039228,3.4e-06,0.009842,0.003
3035,3.49,-1.79,1.9431,0.20849,0.0040016,3.5e-06,0.009176,0.002
3036,3.22,-1.71,1.9458,0.20849,0.0040474,3.4e-06,0.010171,0.003
3037,2.71,-1.8,1.9477,0.2085,0.004052,3.2e-06,0.010798,0.004
3038,1.59,-1.83,1.9495,0.20854,0.0040267,3e-06,0.009819,0.004
3039,1.3,-1.85,1.9495,0.20855,0.0039774,3e-06,0.009437,0.004
3040,0.11,-1.84,1.9502,0.2086,0.0038978,2.8e-06,0.01061,0.004
3041,0.08,-1.81,1.9438,0.20862,0.0038167,2.8e-06,0.0115,0.005
3042,-0.64,-1.86,1.9412,0.20866,0.0037378,2.5e-06,0.010492,0.004
3043,-0.47,-1.77,1.941,0.20867,0.0036612,2.3e-06,0.010122,0.004
3044,-0.4,-1.79,1.9397,0.20869,0.0035745,2.4e-06,0.009791,0.004
3045,-0.85,-1.81,1.9405,0.20872,0.0034735,2.7e-06,0.009033,0.003
3046,-1.21,-1.82,1.9406,0.20875,0.0033583,2.8e-06,0.01126,0.004
3047,-1.26,-1.86,1.9387,0.20878,0.0032194,2.9e-06,0.012404,0.003
3048,-1.43,-1.86,1.9401,0.20882,0.0030748,2.4e-06,0.011203,0.003
3049,-2.15,-1.77,1.9374,0.20887,0.0029223,2.1e-06,0.010508,0.004
3050,-2.18,-1.84,1.9355,0.2089,0.0027704,2.1e-06,0.010716,0.003
3051,-1.95,-1.71,1.9427,0.20893,0.0026246,2.3e-06,0.011161,0.004
3052,-2.08,-1.85,1.9453,0.20896,0.002492,2.4e-06,0.011468,0.003
3053,-2.44,-1.86,1.9447,0.209,0.0023675,2.2e-06,0.009609,0.003
3054,-2.46,-1.97,1.9452,0.20902,0.0022563,2.2e-06,0.009119,0.002
3055,-2.12,-1.91,1.9461,0.20903,0.0021552,2.2e-06,0.008989,0.003
3056,-1.8,-1.83,1.9471,0.20904,0.0020615,2.2e-06,0.009156,0.003
3057,-1.58,-1.92,1.9478,0.20905,0.0019681,1.9e-06,0.008773,0.003
3058,-1.54,-1.74,1.947,0.20907,0.0018867,1.6e-06,0.008943,0.003
3059,-1.45,-1.84,1.9438,0.20908,0.0018105,1.5e-06,0.008366,0.003
3060,-1.4,-1.79,1.9464,0.2091,0.0017451,1.7e-06,0.009029,0.003
3061,-1.13,-1.76,1.9444,0.2091,0.0016924,1.5e-06,0.0095,0.003
3062,-0.88,-1.88,1.9438,0.2091,0.0016447,1.7e-06,0.009044,0.004
3063,-0.77,-1.87,1.9461,0.20911,0.0016107,2.3e-06,0.009245,0.004
3064,-0.46,-1.81,1.9483,0.2091,0.0015874,2.1e-06,0.007926,0.002
3065,-0.7,-1.83,1.9492,0.20911,0.0015694,1.8e-06,0.008256,0.003
3066,-0.47,-1.9,1.9493,0.20911,0.001555,2e-06,0.009527,0.004
3067,-0.1,-1.89,1.9518,0.2091,0.0015405,1.9e-06,0.010433,0.003
3068,-0.43,-1.87,1.9542,0.20912,0.0015262,1.8e-06,0.009049,0.003
3069,-0.03,-1.86,1.9602,0.20911,0.0015103,1.6e-06,0.008216,0.003
3070,-0.17,-1.72,1.961,0.20912,0.0014927,2e-06,0.007297,0.004
3071,0.19,-1.75,1.9627,0.20911,0.0014718,1.9e-06,0.008113,0.004
3072,0.04,-1.83,1.9655,0.20912,0.0014458,1.8e-06,0.008794,0.003
3073,-0.09,-1.9,1.9641,0.20913,0.0014128,1.5e-06,0.008066,0.003
3074,-0.02,-1.86,1.9663,0.20914,0.0013751,1.2e-06,0.008416,0.004
3075,-0.01,-1.88,1.9666,0.20914,0.0013363,1.2e-06,0.00778,0.003
3076,-0.39,-1.74,1.9641,0.20916,0.001295,1.2e-06,0.008267,0.003
3077,-0.65,-1.88,1.9636,0.20918,0.0012544,1.1e-06,0.008733,0.003
3078,-0.59,-1.8,1.9632,0.20919,0.0012138,1e-06,0.009559,0.003
3079,-0.53,-1.86,1.9591,0.20919,0.0011739,9e-07,0.009849,0.003
3080,-0.3,-1.8,1.9583,0.20919,0.0011384,9e-07,0.00937,0.003
3081,-0.53,-1.69,1.9579,0.20921,0.0011049,1.3e-06,0.007941,0.004
3082,-0.41,-1.92,1.9586,0.20921,0.0010752,1.3e-06,0.00753,0.003
3083,-0.32,-1.84,1.9605,0.20921,0.0010472,1e-06,0.008417,0.004
3084,-0.38,-1.72,1.9562,0.20922,0.0010219,8e-07,0.009272,0.004
3085,-0.33,-1.79,1.9563,0.20922,0.0009971,9e-07,0.009255,0.004
3086,-0.12,-1.88,1.959,0.20922,0.0009728,9e-07,0.010125,0.003
3087,-0.25,-1.71,1.9577,0.20923,0.0009492,1.1e-06,0.009014,0.003
3088,-0.17,-1.86,1.9549,0.20923,0.0009264,1.2e-06,0.010096,0.004
3089,-0.49,-1.9,1.9588,0.20925,0.0009025,7e-07,0.009595,0.004
3090,-0.49,-1.95,1.9586,0.20925,0.0008806,5e-07,0.009094,0.003
3091,-0.43,-1.79,1.9597,0.20926,0.0008598,6e-07,0.009222,0.002
3092,-0.38,-1.88,1.9593,0.20926,0.0008409,1e-06,0.009407,0.004
3093,-0.38,-1.75,1.9546,0.20926,0.0008242,1e-06,0.010152,0.003
3094,-0.14,-1.82,1.955,0.20926,0.0008097,9e-07,0.011248,0.003
3095,-0.26,-1.85,1.9547,0.20926,0.0007963,9e-07,0.011254,0.003
3096,-0.13,-1.9,1.9532,0.20926,0.0007837,8e-07,0.01074,0.002
3097,0.01,-1.91,1.9554,0.20926,0.0007727,1e-06,0.00946,0.004
3098,-0.38,-1.78,1.9572,0.20927,0.0007618,1.2e-06,0.010128,0.004
3099,-0.18,-1.82,1.9547,0.20927,0.0007512,1.1e-06,0.009364,0.004
3100,-0.11,-1.83,1.9573,0.20927,0.0007422,1.1e-06,0.008555,0.003
3101,-0.16,-1.93,1.9565,0.20927,0.0007328,8e-07,0.009477,0.004
3102,-0.14,-1.76,1.9544,0.20928,0.0007244,7e-07,0.009624,0.003
3103,-0.18,-1.79,1.9566,0.20928,0.0007166,7e-07,0.009728,0.003
3104,0.05,-1.75,1.9578,0.20927,0.0007099,1e-06,0.01119,0.003
3105,-0.25,-1.81,1.9556,0.20928,0.000704,1e-06,0.010179,0.003
3106,0.08,-1.79,1.9563,0.20927,0.000699,5e-07,0.011002,0.003
3107,-0.12,-2,1.9549,0.20928,0.0006951,1e-07,0.010931,0.003
3108,-0.19,-1.82,1.9528,0.20928,0.0006916,4e-07,0.010784,0.003
3109,-0.09,-1.86,1.9516,0.20928,0.0006867,6e-07,0.010301,0.003
3110,-0.06,-1.81,1.9516,0.20928,0.0006809,6e-07,0.011004,0.003
3111,-0.4,-1.83,1.9529,0.20929,0.0006739,7e-07,0.010616,0.003
3112,0.02,-1.75,1.952,0.20928,0.0006659,7e-07,0.01065,0.003
3113,0.05,-1.79,1.9542,0.20928,0.0006576,1e-06,0.010059,0.003
3114,-0.34,-1.83,1.9548,0.2093,0.0006495,8e-07,0.011237,0.004
3115,-0.19,-1.77,1.9569,0.20929,0.0006426,9e-07,0.010861,0.003
3116,-0.03,-1.96,1.9565,0.20929,0.0006372,1.1e-06,0.010343,0.003
3117,-0.38,-1.93,1.9568,0.2093,0.0006323,1e-06,0.008873,0.004
3118,0.13,-1.84,1.9615,0.20929,0.0006291,9e-07,0.007773,0.003
3119,-0.21,-1.8,1.9649,0.2093,0.0006263,7e-07,0.007509,0.004
3120,-0.31,-1.97,1.9613,0.2093,0.0006242,6e-07,0.008353,0.004
3121,0.2,-1.82,1.9638,0.20929,0.0006228,6e-07,0.008131,0.004
3122,0.19,-1.79,1.9669,0.20929,0.0006216,6e-07,0.01088,0.003
3123,0.17,-1.92,1.9662,0.20929,0.0006203,9e-07,0.010157,0.004
3124,0.19,-1.85,1.9658,0.20929,0.0006188,9e-07,0.01038,0.004
3125,0.08,-1.82,1.9679,0.20929,0.0006175,1e-06,0.010692,0.003
3126,0.19,-1.86,1.9684,0.20929,0.0006168,1e-06,0.010104,0.004
3127,-0.06,-1.79,1.9681,0.2093,0.0006153,5e-07,0.010878,0.003
3128,0.16,-1.94,1.9666,0.20929,0.0006142,4e-07,0.013373,0.003
3129,-0,-1.85,1.9667,0.20929,0.0006135,4e-07,0.011918,0.003
3130,0.01,-1.7,1.9696,0.20929,0.0006133,3e-07,0.011261,0.003
3131,0.51,-1.79,1.9676,0.20928,0.000612,2e-07,0.011504,0.003
3132,0.02,-1.77,1.9669,0.20929,0.0006111,5e-07,0.010777,0.003
3133,0.17,-1.93,1.9685,0.20929,0.0006093,7e-07,0.010418,0.003
3134,0.11,-1.99,1.9685,0.20929,0.0006073,7e-07,0.010424,0.003
3135,0.29,-1.76,1.9672,0.20929,0.0006049,1e-06,0.010618,0.004
3136,0.31,-1.79,1.969,0.20929,0.0006025,9e-07,0.010631,0.003
3137,0.17,-1.9,1.9698,0.20929,0.0006013,5e-07,0.01059,0.003
3138,-0.08,-1.67,1.9682,0.2093,0.0005998,4e-07,0.010852,0.003
3139,-0.14,-1.71,1.9658,0.2093,0.0005991,1e-07,0.010953,0.003
3140,0.22,-1.85,1.9655,0.20929,0.0005982,2e-07,0.009738,0.003
3141,0.23,-1.79,1.9656,0.20929,0.000598,2e-07,0.009793,0.004
3142,0.29,-1.89,1.967,0.20929,0.0005989,-0,0.009664,0.003
3143,0.29,-1.74,1.9661,0.20929,0.0005989,3e-07,0.010234,0.003
3144,0.3,-1.89,1.9655,0.20929,0.000599,3e-07,0.00975,0.003
3145,0.5,-1.82,1.966,0.20928,0.000599,5e-07,0.01039,0.004
3146,0.3,-1.97,1.9626,0.20929,0.0005992,8e-07,0.010378,0.002
3147,0.03,-1.8,1.9608,0.2093,0.0005988,8e-07,0.011271,0.003
3148,-0.17,-1.89,1.9603,0.2093,0.000598,6e-07,0.01234,0.004
3149,0.21,-1.7,1.9649,0.20929,0.0005969,6e-07,0.011993,0.004
3150,0.1,-1.94,1.9626,0.2093,0.0005953,7e-07,0.01099,0.003
3151,0.19,-1.75,1.9621,0.20929,0.0005936,5e-07,0.012022,0.004
3152,-0.32,-1.91,1.9594,0.20931,0.0005923,4e-07,0.012064,0.003
3153,0.25,-1.73,1.9603,0.20929,0.0005907,6e-07,0.011366,0.003
3154,-0,-1.98,1.9632,0.2093,0.0005896,7e-07,0.011126,0.003
3155,-0.01,-1.77,1.9618,0.2093,0.0005874,5e-07,0.011455,0.003
3156,-0.16,-1.85,1.9635,0.2093,0.0005863,6e-07,0.011384,0.003
3157,0.29,-1.93,1.9661,0.20929,0.0005838,3e-07,0.010808,0.002
3158,0.37,-1.73,1.9707,0.20929,0.0005814,-2e-07,0.010425,0.003
3159,-0.01,-1.85,1.973,0.2093,0.0005787,-2e-07,0.010232,0.004
3160,-0.19,-1.71,1.979,0.20931,0.0005755,0,0.009769,0.003
3161,-0.22,-1.9,1.9818,0.20931,0.0005724,0,0.009637,0.003
3162,-0.35,-1.74,1.9824,0.20931,0.0005693,-1e-07,0.00969,0.004
3163,-0.25,-2.05,1.9811,0.20931,0.0005663,-2e-07,0.010725,0.003
3164,0.09,-2.02,1.9791,0.2093,0.000563,0,0.011772,0.003
3165,-0.04,-1.71,1.9815,0.20931,0.0005598,0,0.011252,0.003
3166,-0.37,-1.87,1.9852,0.20932,0.0005571,-3e-07,0.01038,0.003
3167,-0.41,-1.9,1.9852,0.20932,0.000554,-3e-07,0.010295,0.004
3168,-0.24,-1.77,1.9831,0.20931,0.0005508,0,0.010707,0.004
3169,-0.11,-2,1.9807,0.20931,0.0005477,0,0.011391,0.004
3170,0.11,-1.81,1.9775,0.20931,0.0005446,1e-07,0.011121,0.004
3171,-0.1,-1.93,1.9755,0.20931,0.0005415,1e-07,0.011611,0.004
3172,-0.12,-1.82,1.9773,0.20931,0.0005397,1e-07,0.011466,0.003
3173,-0.38,-1.7,1.9779,0.20932,0.0005377,1e-07,0.011145,0.003
3174,-0.2,-1.93,1.9783,0.20932,0.0005353,2e-07,0.011219,0.004
3175,0.04,-1.95,1.9796,0.20931,0.0005336,4e-07,0.010491,0.004
3176,-0.23,-1.81,1.9787,0.20932,0.0005322,5e-07,0.010527,0.004
3177,-0.38,-1.96,1.982,0.20932,0.0005309,4e-07,0.010237,0.004
3178,-0.39,-1.93,1.9832,0.20932,0.0005297,6e-07,0.010342,0.003
3179,-0.25,-1.9,1.9815,0.20932,0.0005284,9e-07,0.009743,0.003
3180,-0.04,-1.7,1.9847,0.20931,0.0005273,1e-06,0.01044,0.003
3181,0.13,-1.84,1.9828,0.20931,0.0005268,8e-07,0.010821,0.003
3182,-0.05,-1.74,1.9815,0.20931,0.0005254,7e-07,0.011744,0.003
3183,-0.06,-2.02,1.9818,0.20931,0.0005246,9e-07,0.012488,0.003
3184,0.14,-1.84,1.9815,0.20931,0.0005233,8e-07,0.011418,0.004
3185,-0.09,-1.7,1.9789,0.20932,0.0005229,9e-07,0.01087,0.005
3186,0.1,-2.04,1.9761,0.20931,0.0005221,5e-07,0.011484,0.003
3187,-0.18,-1.84,1.9717,0.20932,0.000522,6e-07,0.011755,0.003
3188,-0.41,-1.82,1.9728,0.20932,0.0005207,4e-07,0.012036,0.002
3189,-0.35,-1.82,1.976,0.20932,0.0005195,5e-07,0.012344,0.003
3190,-0.1,-1.85,1.9721,0.20932,0.0005187,6e-07,0.011434,0.002
3191,-0.01,-2.21,1.9716,0.20931,0.0005178,7e-07,0.010161,0.003
3192,-0.51,-1.93,1.9716,0.20933,0.0005171,8e-07,0.008674,0.003
3193,-0.18,-1.68,1.9715,0.20932,0.0005163,9e-07,0.00767,0.003
3194,-0.02,-1.93,1.971,0.20931,0.0005162,5e-07,0.00657,0.004
3195,0.01,-1.71,1.9726,0.20931,0.0005163,1e-07,0.007738,0.004
3196,0.1,-1.92,1.9725,0.20931,0.0005154,4e-07,0.007169,0.003
3197,-0.02,-1.66,1.9743,0.20932,0.0005151,7e-07,0.008044,0.003
3198,0.3,-1.84,1.9741,0.20931,0.0005149,6e-07,0.010052,0.003
3199,-0.13,-1.95,1.9733,0.20932,0.0005142,4e-07,0.010158,0.003
3200,-0.11,-1.78,1.9763,0.20932,0.0005142,2e-07,0.010846,0.004
3201,-0.19,-1.73,1.9753,0.20932,0.0005143,-0,0.009886,0.003
3202,-0.01,-1.92,1.9774,0.20932,0.0005141,-2e-07,0.006751,0.004
3203,-0.14,-1.66,1.9788,0.20932,0.0005143,-0,0.007224,0.002
3204,-0.11,-1.66,1.9771,0.20932,0.0005142,1e-07,0.006228,0.004
3205,-0.08,-1.97,1.9791,0.20932,0.000515,2e-07,0.006616,0.003
3206,0.32,-1.62,1.9815,0.20931,0.0005152,3e-07,0.003893,0.004
3207,0.06,-1.8,1.983,0.20931,0.0005162,5e-07,0.002182,0.003
3208,-0.01,-1.74,1.9818,0.20931,0.0005167,7e-07,0.0061,0.005
3209,0.22,-2.06,1.9802,0.20931,0.0005159,6e-07,0.003907,0.004
3210,0.21,-1.81,1.9785,0.20931,0.0005163,2e-07,0.003918,0.004
3211,-0.12,-1.68,1.9833,0.20932,0.0005167,2e-07,0.005045,0.003
3212,0.07,-1.77,1.9826,0.20931,0.0005172,2e-07,0.003192,0.004
3213,-0.07,-2.17,1.9798,0.20932,0.000517,-0,0.003245,0.003
3214,-0.08,-1.6,1.9842,0.20932,0.0005172,-1e-07,0.004135,0.005
3215,0.28,-1.99,1.9818,0.20931,0.0005173,-2e-07,0.004557,0.003
3216,0.21,-2.02,1.981,0.20931,0.0005159,-2e-07,0.004475,0.003
3217,-0.26,-1.81,1.9802,0.20932,0.0005153,1e-07,0.00498,0.003
3218,-0.24,-2.08,1.9809,0.20932,0.0005148,3e-07,0.00417,0.004
3219,-0.02,-2.34,1.98,0.20932,0.0005137,2e-07,0.003471,0.003
3220,-0.16,-1.69,1.9797,0.20932,0.0005122,4e-07,0.004931,0.004
3221,-0.07,-1.8,1.9765,0.20932,0.0005113,3e-07,0.004705,0.003
3222,0.06,-1.92,1.975,0.20931,0.0005104,6e-07,0.004605,0.004
3223,-0.07,-1.53,1.977,0.20932,0.0005086,8e-07,0.003786,0.003
3224,-0.02,-1.77,1.976,0.20932,0.0005076,6e-07,0.003647,0.004
3225,-0.06,-1.75,1.9731,0.20932,0.0005064,5e-07,0.004565,0.003
3226,-0.2,-1.95,1.9729,0.20932,0.0005057,8e-07,0.006222,0.004
3227,-0.24,-1.64,1.9724,0.20932,0.0005055,6e-07,0.006652,0.003
3228,-0.1,-1.83,1.9723,0.20932,0.0005048,3e-07,0.005032,0.004
3229,-0.07,-1.88,1.9733,0.20932,0.0005039,5e-07,0.004275,0.004
3230,-0.48,-2.07,1.9737,0.20933,0.0005033,4e-07,0.004313,0.005
3231,-0.37,-1.85,1.9794,0.20933,0.0005027,0,0.00414,0.004
3232,-0.22,-1.93,1.9802,0.20932,0.0005019,-2e-07,0.004149,0.005
3233,-0.03,-1.81,1.9811,0.20932,0.0005014,-1e-07,0.003742,0.004
3234,-0.2,-1.82,1.9828,0.20932,0.0005007,-1e-07,0.002154,0.004
3235,-0.37,-1.94,1.9872,0.20933,0.0005008,0,0.002198,0.004
3236,-0.27,-1.88,1.9884,0.20933,0.0005002,-0,0.003211,0.003
