timeSeconds,hrrKW,massRemainingKg,ngBurnerHrrKW,exhaustMassFlowKgPerS,oxygenVolumeFraction,co2VolumeFraction,coVolumeFraction,radiantHeatFluxKWPerM2,smokeExtinctionCoefficientPerM,smokeOpticalDepth
0,6.15,37.8,-1.77,1.974,0.20913,0.0006886,0.0000012,0.014023,0.002,0.002
1,15.58,37.7994545857,-1.8,1.9737,0.20875,0.0012734,0.0000021,0.013343,0.002,0.002
2,34.09,37.7982078884,-1.7,1.9675,0.20814,0.0017451,0.0000031,0.013196,0.002,0.002
3,56.28,37.7959396375,-1.76,1.9639,0.20743,0.0021924,0.0000036,0.014107,0.002,0.002
4,80.29,37.7925117849,-1.65,1.967,0.2067,0.0025047,0.0000041,0.01391,0.002,0.002
5,99.35,37.7880028924,-1.75,1.9621,0.20609,0.002852,0.0000044,0.013515,0.002,0.002
6,117.11,37.7825698327,-1.78,1.9612,0.20556,0.0030398,0.0000047,0.013017,0.002,0.002
7,130.72,37.7763493984,-1.81,1.9633,0.20511,0.0033765,0.0000047,0.012873,0.002,0.002
8,143.47,37.7694673386,-1.8,1.9646,0.20473,0.0034944,0.0000044,0.014172,0.003,0.003
9,152.56,37.7620371036,-1.82,1.9609,0.20445,0.003612,0.0000045,0.014104,0.002,0.002
10,158.65,37.7542258566,-1.78,1.9558,0.20424,0.0037337,0.0000045,0.01385,0.003,0.003
11,164.42,37.7461169283,-1.77,1.953,0.20404,0.0038707,0.0000047,0.013823,0.002,0.002
12,172.06,37.7376714143,-1.72,1.9519,0.2038,0.0040076,0.0000046,0.013803,0.002,0.002
13,178.7,37.7288674781,-1.72,1.9449,0.20357,0.0041435,0.0000042,0.01461,0.002,0.002
14,183.73,37.7197706295,-1.68,1.9403,0.20339,0.0042584,0.0000038,0.014382,0.002,0.002
15,186.94,37.7104669602,-1.88,1.9385,0.20327,0.0043666,0.0000037,0.013965,0.003,0.003
16,188.89,37.7010337769,-1.67,1.9335,0.20318,0.0044567,0.0000034,0.013863,0.002,0.002
17,190.55,37.6915099841,-1.81,1.9339,0.20312,0.0045329,0.0000034,0.013601,0.002,0.002
18,190.75,37.681939506,-1.77,1.9301,0.20309,0.0045976,0.0000036,0.013739,0.002,0.002
19,190.49,37.6723705339,-1.77,1.9269,0.20308,0.00466,0.0000035,0.01337,0.002,0.002
20,192.17,37.6627659203,-1.81,1.9275,0.20302,0.0047341,0.0000033,0.012939,0.003,0.003
21,195.29,37.6530408287,-1.71,1.9205,0.20289,0.0048157,0.0000032,0.012787,0.002,0.002
22,199.48,37.643132259,-1.74,1.9184,0.20275,0.0048988,0.0000028,0.013071,0.002,0.002
23,203.9,37.6330075817,-1.77,1.9222,0.20262,0.0049754,0.0000025,0.013537,0.003,0.003
24,206.64,37.6227031912,-1.75,1.9213,0.20252,0.0050478,0.0000024,0.013876,0.002,0.002
25,208.87,37.6122740558,-1.74,1.9194,0.20244,0.0051194,0.0000025,0.013294,0.003,0.003
26,210.93,37.601737243,-1.89,1.917,0.20235,0.0051881,0.0000026,0.012647,0.002,0.002
27,213.36,37.5910877331,-1.87,1.915,0.20226,0.0052552,0.0000026,0.013663,0.002,0.002
28,215.66,37.580319502,-1.82,1.914,0.20218,0.0053066,0.0000024,0.013941,0.002,0.002
29,216.45,37.5694737131,-1.74,1.9117,0.20214,0.0053554,0.0000024,0.015008,0.003,0.003
30,215.87,37.5586226534,-1.73,1.9071,0.20214,0.0053978,0.0000023,0.015467,0.003,0.003
31,216.07,37.5477811315,-1.69,1.9065,0.20212,0.0054435,0.0000023,0.01415,0.002,0.002
32,217.25,37.5369049721,-1.8,1.9022,0.20206,0.0054915,0.0000024,0.01373,0.003,0.003
33,219.19,37.525950502,-1.79,1.897,0.20198,0.0055404,0.0000024,0.014147,0.002,0.002
34,220.38,37.5149174701,-1.82,1.8943,0.20193,0.0055796,0.0000024,0.013971,0.003,0.003
35,221.23,37.5038332351,-1.68,1.8915,0.20189,0.0056179,0.0000023,0.013758,0.003,0.003
36,222.54,37.4926947849,-1.73,1.8923,0.20184,0.0056591,0.0000024,0.012796,0.002,0.002
37,223.54,37.4814983546,-1.89,1.8881,0.20179,0.0057011,0.0000027,0.012841,0.003,0.003
38,224.66,37.4702487131,-1.77,1.8832,0.20173,0.0057381,0.0000024,0.01192,0.003,0.003
39,226.3,37.4589297968,-1.78,1.8833,0.20168,0.0057741,0.000002,0.012373,0.003,0.003
40,226.31,37.4475694661,-1.85,1.8797,0.20166,0.0058107,0.0000017,0.010882,0.003,0.003
41,227.67,37.436174749,-1.71,1.8768,0.2016,0.0058493,0.0000013,0.011117,0.003,0.003
42,229.13,37.424709251,-1.79,1.8761,0.20155,0.0058772,0.0000012,0.011422,0.003,0.003
43,229.89,37.4131880319,-1.85,1.8771,0.20152,0.0058978,0.0000012,0.012199,0.003,0.003
44,229.44,37.4016590319,-1.77,1.8746,0.20153,0.0059139,0.0000011,0.01142,0.002,0.002
45,229.14,37.3901488566,-1.8,1.8738,0.20153,0.0059273,0.0000015,0.011689,0.002,0.002
46,228.27,37.3786680478,-1.78,1.8702,0.20154,0.0059345,0.000002,0.009876,0.003,0.003
47,228.31,37.3672080717,-1.69,1.8712,0.20154,0.0059357,0.0000019,0.009946,0.002,0.002
48,227.75,37.3557611474,-1.85,1.8736,0.20157,0.005933,0.000002,0.010376,0.003,0.003
49,226.41,37.3443619124,-1.76,1.8717,0.2016,0.0059292,0.0000022,0.01123,0.003,0.003
50,225.28,37.3330246733,-1.72,1.8708,0.20163,0.0059313,0.0000022,0.010815,0.003,0.003
51,225.29,37.3217155458,-1.8,1.8698,0.20162,0.0059453,0.0000023,0.009572,0.002,0.002
52,226.84,37.3103672629,-1.85,1.8709,0.20158,0.0059686,0.0000024,0.009616,0.003,0.003
53,228.77,37.2989316335,-1.85,1.8656,0.2015,0.0059973,0.0000025,0.008083,0.002,0.002
54,231.17,37.2873873227,-1.74,1.8635,0.20141,0.006024,0.0000028,0.009735,0.002,0.002
55,232.84,37.2757408566,-1.82,1.8638,0.20136,0.0060488,0.0000029,0.007968,0.003,0.003
56,233.77,37.2640291315,-1.71,1.865,0.20133,0.0060692,0.0000027,0.006897,0.003,0.003
57,234.16,37.2522842749,-1.79,1.8635,0.20131,0.0060816,0.0000024,0.00873,0.002,0.002
58,233.74,37.2405401713,-1.8,1.863,0.20132,0.0060865,0.0000024,0.009808,0.003,0.003
59,232.97,37.2288259363,-1.74,1.8636,0.20134,0.0060936,0.0000027,0.009198,0.002,0.002
60,232.47,37.2171435777,-1.73,1.8617,0.20135,0.0061075,0.0000025,0.006167,0.002,0.002
61,233.04,37.2054594622,-1.78,1.86,0.20132,0.0061295,0.0000023,0.005745,0.003,0.003
62,234.74,37.1937183705,-1.73,1.8578,0.20126,0.0061596,0.0000025,0.00427,0.003,0.003
63,237.42,37.1818673426,-1.76,1.8594,0.20118,0.0061969,0.0000027,0.004937,0.002,0.002
64,240.53,37.169870988,-1.74,1.8609,0.20108,0.006239,0.0000026,0.004933,0.002,0.002
65,243.1,37.1577320677,-1.8,1.8594,0.20099,0.0062772,0.0000026,0.005025,0.003,0.003
66,243.89,37.1455088127,-1.84,1.8548,0.20094,0.0063087,0.0000025,0.005485,0.003,0.003
67,245.2,37.1332328486,-1.76,1.8612,0.20093,0.0063311,0.0000024,0.006313,0.003,0.003
68,245.43,37.1209182311,-1.69,1.8633,0.20092,0.0063411,0.0000022,0.007285,0.003,0.003
69,243.74,37.108640259,-1.83,1.8615,0.20097,0.00634,0.0000019,0.005697,0.003,0.003
70,242.53,37.0964350757,-1.93,1.8611,0.201,0.0063306,0.0000017,0.006078,0.003,0.003
71,240.24,37.084317741,-1.76,1.8617,0.20108,0.0063183,0.0000016,0.006834,0.002,0.002
72,238.71,37.0722962869,-1.81,1.8605,0.20112,0.0063071,0.0000016,0.007198,0.002,0.002
73,237.28,37.0603491275,-1.67,1.8603,0.20117,0.0062948,0.0000012,0.008615,0.003,0.003
74,236.65,37.0484536733,-1.77,1.8601,0.20119,0.0062832,0.0000014,0.009165,0.003,0.003
75,236.47,37.0365785498,-1.69,1.8578,0.20118,0.0062826,0.0000016,0.006921,0.003,0.003
76,236.66,37.0247031753,-1.86,1.8565,0.20117,0.0063002,0.0000018,0.00537,0.003,0.003
77,238.75,37.0127705737,-1.83,1.851,0.20108,0.0063252,0.0000019,0.005428,0.003,0.003
78,241.17,37.0007247729,-1.8,1.848,0.20099,0.0063418,0.0000018,0.004315,0.003,0.003
79,241.92,36.9885994064,-1.76,1.8481,0.20097,0.0063422,0.0000018,0.003819,0.003,0.003
80,240.92,36.9764803147,-1.7,1.8504,0.20101,0.0063269,0.0000018,0.004965,0.003,0.003
81,237.9,36.9644621235,-1.8,1.8487,0.2011,0.006301,0.0000019,0.005529,0.003,0.003
82,234.82,36.9525970398,-1.8,1.8479,0.2012,0.0062729,0.0000019,0.004637,0.003,0.003
83,232.33,36.940871761,-1.95,1.8471,0.20127,0.0062532,0.0000016,0.004353,0.003,0.003
84,231.12,36.9292393506,-1.76,1.8451,0.2013,0.0062524,0.0000018,0.003211,0.004,0.004
85,232.96,36.9175911275,-1.75,1.8471,0.20125,0.0062724,0.0000018,0.004064,0.003,0.003
86,237.01,36.9057950677,-1.72,1.8509,0.20114,0.0063036,0.0000013,0.004659,0.002,0.002
87,241.08,36.8937951992,-1.82,1.8506,0.20101,0.0063353,0.0000011,0.005823,0.003,0.003
88,243.29,36.8816377052,-1.74,1.8516,0.20094,0.0063625,0.0000014,0.006192,0.003,0.003
89,245.24,36.8693757968,-1.74,1.8556,0.20089,0.0063894,0.0000013,0.006571,0.003,0.003
90,246.27,36.8570390916,-1.83,1.855,0.20085,0.0064094,0.0000013,0.005681,0.003,0.003
91,246.52,36.844670259,-1.75,1.8553,0.20085,0.0064185,0.0000015,0.005025,0.005,0.005
92,245.76,36.8323142271,-1.88,1.8567,0.20087,0.0064192,0.0000013,0.005541,0.002,0.002
93,244.13,36.8200181833,-1.93,1.8565,0.20092,0.0064242,0.0000015,0.00654,0.003,0.003
94,243.99,36.8077665657,-1.86,1.8576,0.20093,0.0064382,0.0000019,0.006265,0.003,0.003
95,245.28,36.7954860837,-1.83,1.8564,0.20088,0.0064582,0.000002,0.006341,0.003,0.003
96,246.65,36.7831388367,-1.81,1.8538,0.20082,0.0064765,0.0000018,0.005388,0.003,0.003
97,248.2,36.7707182988,-1.84,1.8578,0.20079,0.0064898,0.0000016,0.003875,0.003,0.003
98,248.14,36.7582603625,-1.86,1.8559,0.20078,0.0065013,0.0000017,0.004735,0.003,0.003
99,247.52,36.745819494,-1.76,1.8487,0.20077,0.0065207,0.0000015,0.004679,0.003,0.003
100,249.26,36.7333505139,-1.69,1.8539,0.20073,0.0065479,0.0000016,0.00593,0.003,0.003
101,251.25,36.7207879124,-1.85,1.8536,0.20067,0.0065723,0.0000018,0.008127,0.003,0.003
102,252.96,36.7081324422,-1.76,1.8557,0.20062,0.0065799,0.0000019,0.008573,0.003,0.003
103,252.45,36.6954468526,-1.79,1.856,0.20064,0.006569,0.0000015,0.008729,0.003,0.003
104,249.28,36.6828536295,-1.76,1.8545,0.20073,0.0065509,0.0000013,0.008043,0.003,0.003
105,245.69,36.6704300797,-1.74,1.8502,0.20083,0.0065344,0.0000013,0.006847,0.003,0.003
106,244.19,36.6581342869,-1.76,1.8486,0.20087,0.0065218,0.0000011,0.007737,0.003,0.003
107,243.33,36.6458977291,-1.71,1.8455,0.20088,0.0065111,0.0000008,0.010308,0.003,0.003
108,243.2,36.6336860199,-1.85,1.847,0.20089,0.0065037,0.000001,0.008748,0.003,0.003
109,243.54,36.6214690398,-1.86,1.8486,0.20089,0.0064964,0.000001,0.008921,0.003,0.003
110,243.15,36.6092533147,-1.75,1.8475,0.2009,0.0064885,0.0000013,0.009175,0.003,0.003
111,242.93,36.5970529004,-1.93,1.8493,0.20092,0.0064824,0.0000014,0.011027,0.003,0.003
112,242.47,36.5848695538,-1.7,1.8462,0.20092,0.0064888,0.0000012,0.009822,0.003,0.003
113,243.38,36.5726749124,-1.67,1.842,0.20087,0.0065106,0.000001,0.008662,0.003,0.003
114,246.03,36.5603909163,-1.75,1.8395,0.20077,0.0065371,0.0000009,0.007058,0.003,0.003
115,248.62,36.5479753984,-1.91,1.8423,0.2007,0.0065558,0.0000008,0.005267,0.003,0.003
116,250.17,36.5354559681,-1.72,1.845,0.20067,0.0065552,0.0000013,0.00479,0.003,0.003
117,248.47,36.5229403028,-1.79,1.8459,0.20073,0.0065368,0.0000014,0.003207,0.003,0.003
118,244.87,36.5105576653,-1.92,1.8421,0.20082,0.0065155,0.0000019,0.003401,0.003,0.003
119,241.92,36.4983394303,-1.83,1.8394,0.2009,0.0065035,0.0000016,0.005203,0.003,0.003
120,240.87,36.4862215936,-1.64,1.8366,0.20092,0.0065013,0.0000016,0.004781,0.003,0.003
121,241.6,36.4741117888,-1.69,1.8349,0.2009,0.0064979,0.0000016,0.004979,0.003,0.003
122,242.43,36.4619628287,-1.71,1.8352,0.20087,0.0064901,0.0000012,0.005281,0.003,0.003
123,241.84,36.4498078446,-1.73,1.8362,0.2009,0.0064869,0.0000009,0.004495,0.003,0.003
124,241.69,36.4376714343,-1.77,1.8356,0.2009,0.0064993,0.0000011,0.004054,0.003,0.003
125,243.22,36.4255003865,-1.8,1.8338,0.20084,0.0065298,0.0000013,0.004794,0.003,0.003
126,246.62,36.4132055976,-1.74,1.8337,0.20073,0.0065696,0.0000013,0.005393,0.003,0.003
127,250.5,36.4007280837,-1.67,1.8331,0.2006,0.0066161,0.0000011,0.005489,0.003,0.003
128,254.83,36.388044502,-1.75,1.8346,0.20046,0.0066616,0.0000009,0.005089,0.004,0.004
129,256.41,36.3752125817,-1.74,1.8328,0.2004,0.0066933,0.0000008,0.00427,0.003,0.003
130,256.96,36.3623271992,-1.8,1.8342,0.20039,0.00671,0.0000006,0.004964,0.003,0.003
131,255.76,36.3494581315,-1.85,1.8354,0.20043,0.0067135,0.0000007,0.005415,0.002,0.002
132,253.6,36.3366733984,-1.84,1.8324,0.20048,0.0067064,0.0000007,0.004566,0.003,0.003
133,251.89,36.3239858008,-1.65,1.8337,0.20054,0.0066938,0.0000006,0.004521,0.003,0.003
134,250.26,36.3113820359,-1.76,1.8359,0.2006,0.0066813,0.0000007,0.005265,0.003,0.003
135,249.1,36.2988482988,-1.66,1.8371,0.20064,0.0066681,0.0000011,0.00607,0.003,0.003
136,248.53,36.2863579841,-1.75,1.8396,0.20068,0.0066498,0.0000014,0.005989,0.003,0.003
137,247.48,36.2739083307,-1.75,1.8401,0.20071,0.0066261,0.0000014,0.006226,0.002,0.002
138,245.69,36.2615299602,-1.82,1.8417,0.20078,0.0066074,0.0000011,0.003478,0.003,0.003
139,244.17,36.2492346693,-1.8,1.8399,0.20082,0.006598,0.0000012,0.002562,0.003,0.003
140,244.78,36.2369622191,-1.73,1.8401,0.2008,0.0065969,0.0000013,0.003194,0.003,0.003
141,246,36.2246438367,-1.78,1.8393,0.20076,0.0065971,0.0000013,0.001043,0.003,0.003
142,246.83,36.212274,-1.8,1.8408,0.20074,0.0065926,0.0000013,0.001128,0.003,0.003
143,246.48,36.1998921155,-1.82,1.8408,0.20076,0.006582,0.0000011,0.003803,0.003,0.003
144,245.33,36.1875478805,-1.88,1.8386,0.20078,0.0065749,0.0000013,0.005573,0.003,0.003
145,244.46,36.1752543466,-1.72,1.8354,0.2008,0.006578,0.0000017,0.002122,0.003,0.003
146,245.58,36.1629545378,-1.72,1.835,0.20076,0.0065946,0.000002,0.000655,0.003,0.003
147,247.91,36.1505681355,-1.75,1.8343,0.20068,0.0066226,0.0000025,0.001811,0.003,0.003
148,250.09,36.1380685339,-1.81,1.8325,0.2006,0.0066539,0.0000023,0.001064,0.003,0.003
149,253.11,36.1254384143,-1.67,1.8369,0.20052,0.0066829,0.0000022,0.000447,0.003,0.003
150,254.41,36.1126998645,-1.75,1.8346,0.20047,0.0067001,0.0000023,-0.000079,0.003,0.003
151,254.71,36.0999211554,-1.74,1.836,0.20046,0.0067061,0.0000025,-0.000026,0.003,0.003
152,253.41,36.0871675458,-1.73,1.8356,0.2005,0.0067013,0.0000022,0.000093,0.003,0.003
153,252.36,36.0744729203,-1.66,1.8407,0.20056,0.0066894,0.0000021,0.002759,0.003,0.003
154,249.82,36.0618684024,-1.77,1.8362,0.20062,0.006678,0.0000021,0.00221,0.003,0.003
155,247.72,36.0493803466,-1.81,1.8294,0.20065,0.0066702,0.0000024,0.002542,0.003,0.003
156,246.73,36.0369698486,-1.73,1.8233,0.20066,0.0066742,0.0000022,0.000347,0.003,0.003
157,247.11,36.0245746614,-1.75,1.8198,0.20063,0.0066921,0.000002,0.000757,0.003,0.003
158,249.41,36.0121122072,-1.77,1.8186,0.20055,0.0067159,0.0000019,0.001229,0.003,0.003
159,252.13,35.999523753,-1.75,1.8208,0.20047,0.0067325,0.000002,0.002871,0.003,0.003
160,254.11,35.9868173307,-1.79,1.8263,0.20044,0.0067284,0.0000018,0.001735,0.003,0.003
161,252.64,35.9740981076,-1.82,1.8274,0.20049,0.0067019,0.0000018,0.001474,0.003,0.003
162,249.15,35.9615033785,-1.75,1.8299,0.20061,0.0066687,0.000002,-0.001332,0.003,0.003
163,244.58,35.9491109522,-1.85,1.8262,0.20074,0.0066433,0.0000021,-0.001279,0.003,0.003
164,243.25,35.9368666135,-1.78,1.8288,0.20079,0.006629,0.0000024,-0.0019,0.004,0.004
165,244.71,35.924619012,-1.86,1.8363,0.20078,0.0066184,0.0000022,-0.001026,0.003,0.003
166,246.09,35.9123001275,-1.87,1.8441,0.20078,0.0066082,0.0000021,-0.001563,0.003,0.003
167,246.71,35.8999310438,-1.74,1.8463,0.20077,0.0066056,0.0000021,0.000768,0.003,0.003
168,246.83,35.8875433865,-1.77,1.8473,0.20076,0.0066163,0.0000021,0.002822,0.004,0.004
169,248.71,35.8751055299,-1.7,1.8447,0.20069,0.0066336,0.0000017,0.003901,0.003,0.003
170,250.87,35.8625662709,-1.91,1.8425,0.20062,0.0066478,0.0000016,0.002318,0.003,0.003
171,251.78,35.8499499562,-1.79,1.8415,0.20058,0.0066549,0.0000016,0.002774,0.003,0.003
172,251.21,35.8373251076,-1.73,1.8372,0.20058,0.0066581,0.0000017,0.002725,0.003,0.003
173,250.28,35.8247379084,-1.88,1.8361,0.20061,0.0066562,0.0000016,0.003322,0.003,0.003
174,249.6,35.8121911195,-1.84,1.8355,0.20063,0.006649,0.0000014,0.00477,0.003,0.003
175,248.39,35.7996917689,-1.87,1.834,0.20066,0.0066357,0.0000014,0.008832,0.003,0.003
176,246.67,35.7872659602,-1.86,1.8324,0.20071,0.0066206,0.0000013,0.003937,0.003,0.003
177,244.36,35.7749413028,-1.85,1.827,0.20076,0.0066102,0.0000013,-0.002235,0.003,0.003
178,244.18,35.7626791434,-1.86,1.8295,0.20077,0.0066051,0.0000011,-0.003867,0.003,0.003
179,244.82,35.7504054382,-1.77,1.8327,0.20077,0.0066019,0.0000014,-0.003302,0.003,0.003
180,245.05,35.7381098964,-1.75,1.8306,0.20075,0.0065976,0.0000013,-0.004269,0.003,0.003
181,245.29,35.7258025578,-1.81,1.8307,0.20075,0.0065909,0.0000015,-0.001387,0.003,0.003
182,244.81,35.713501243,-1.73,1.8352,0.20078,0.0065851,0.0000015,-0.001097,0.003,0.003
183,244.89,35.7012099681,-1.82,1.8369,0.20079,0.0065832,0.0000016,-0.001654,0.003,0.003
184,245.69,35.6888966056,-1.85,1.8385,0.20077,0.0065877,0.0000017,-0.000896,0.003,0.003
185,246.88,35.6765332948,-1.82,1.8412,0.20074,0.0066008,0.0000013,-0.002458,0.003,0.003
186,248.39,35.6641022151,-1.72,1.8409,0.20069,0.0066258,0.0000013,-0.003823,0.003,0.003
187,251.3,35.6515601952,-1.82,1.8429,0.2006,0.0066616,0.0000014,-0.003414,0.003,0.003
188,254.79,35.6388575378,-1.72,1.8397,0.20048,0.0067055,0.0000017,-0.001083,0.004,0.004
189,258.62,35.6259711514,-1.77,1.84,0.20035,0.0067533,0.0000018,-0.002355,0.003,0.003
190,261.69,35.6129115777,-1.75,1.8408,0.20025,0.0068018,0.0000019,-0.00355,0.003,0.003
191,263.86,35.5997204821,-1.81,1.8423,0.20019,0.0068355,0.0000018,-0.001717,0.003,0.003
192,263.45,35.5864852112,-1.79,1.8436,0.20021,0.0068387,0.0000014,0.000475,0.003,0.003
193,260.34,35.5733382908,-1.78,1.8407,0.20029,0.006819,0.0000015,0.003831,0.003,0.003
194,256.22,35.5603728406,-1.77,1.8412,0.20042,0.0067846,0.0000013,0.001813,0.003,0.003
195,251.43,35.5476310279,-1.75,1.8436,0.20059,0.0067392,0.0000014,0.002495,0.004,0.004
196,247.41,35.5351103426,-1.81,1.8448,0.20072,0.0066906,0.0000016,0.004202,0.003,0.003
197,244.44,35.5227651036,-1.87,1.8444,0.20082,0.0066553,0.0000015,0.001733,0.003,0.003
198,243.15,35.5105267888,-1.84,1.8414,0.20085,0.0066395,0.0000015,-0.000047,0.003,0.003
199,244,35.4982995179,-1.84,1.8389,0.20081,0.0066418,0.0000017,-0.000588,0.006,0.006
200,247.49,35.4859633147,-1.82,1.8423,0.20072,0.0066514,0.0000018,-0.000542,0.003,0.003
201,249.78,35.4734820359,-1.72,1.845,0.20066,0.0066526,0.000002,0.002453,0.003,0.003
202,250.02,35.460937255,-1.78,1.8416,0.20064,0.0066431,0.000002,0.001804,0.003,0.003
203,248.88,35.4484150637,-1.75,1.8428,0.20068,0.0066296,0.0000016,0.001442,0.003,0.003
204,246.98,35.4359691753,-1.77,1.8444,0.20075,0.0066164,0.0000014,0.000173,0.003,0.003
205,246.18,35.4235910558,-1.78,1.8422,0.20077,0.0066017,0.0000013,0.000371,0.004,0.004
206,245.28,35.4112556056,-1.82,1.8413,0.20079,0.0065877,0.0000013,0.002054,0.003,0.003
207,244.19,35.3989701036,-1.84,1.84,0.20082,0.0065813,0.0000014,0.000411,0.004,0.004
208,244.14,35.3867132151,-1.69,1.838,0.20081,0.0065882,0.0000013,0.002218,0.003,0.003
209,245.58,35.3744214382,-1.78,1.8363,0.20076,0.0066068,0.0000012,0.005285,0.004,0.004
210,248.18,35.362028259,-1.77,1.8348,0.20067,0.0066304,0.0000013,0.003802,0.003,0.003
211,250.04,35.3495231355,-1.69,1.8323,0.2006,0.0066475,0.0000014,0.001843,0.003,0.003
212,251.32,35.3369391992,-1.72,1.8351,0.20057,0.0066477,0.0000014,0.001342,0.003,0.003
213,250.54,35.3243427131,-1.77,1.8391,0.20062,0.006633,0.0000016,0.004154,0.003,0.003
214,247.99,35.3118298088,-1.78,1.8402,0.2007,0.0066109,0.0000017,0.005287,0.003,0.003
215,245.98,35.2994313586,-1.82,1.8418,0.20077,0.0065866,0.0000013,0.004305,0.003,0.003
216,243.72,35.2871400837,-1.77,1.8423,0.20085,0.0065661,0.000001,0.001916,0.003,0.003
217,242.69,35.2749313865,-1.81,1.8431,0.20088,0.006556,0.0000009,0.001454,0.003,0.003
218,243.02,35.262740259,-1.71,1.8449,0.20088,0.0065591,0.0000013,0.001436,0.003,0.003
219,244.72,35.2504981793,-1.78,1.8479,0.20084,0.006564,0.0000014,-0.000165,0.003,0.003
220,246.38,35.2381717649,-1.82,1.847,0.20079,0.0065648,0.0000016,-0.001015,0.003,0.003
221,247.42,35.2257775817,-1.77,1.8499,0.20077,0.0065634,0.0000016,-0.001042,0.003,0.003
222,247.41,35.2133575458,-1.75,1.853,0.20078,0.0065669,0.0000018,-0.000048,0.003,0.003
223,247.31,35.2009402709,-1.86,1.8516,0.20077,0.0065791,0.0000022,-0.000694,0.003,0.003
224,248.29,35.1885009084,-1.73,1.8496,0.20073,0.0065985,0.000002,0.002194,0.003,0.003
225,250.5,35.1759814781,-1.81,1.851,0.20067,0.0066217,0.0000017,0.002151,0.003,0.003
226,252.11,35.1633661673,-1.73,1.8494,0.20061,0.0066447,0.0000016,0.002161,0.004,0.004
227,253.48,35.1506760598,-1.83,1.848,0.20056,0.0066674,0.0000009,0.005739,0.003,0.003
228,254.92,35.1379154223,-1.89,1.8478,0.20051,0.0066832,0.0000011,0.007283,0.003,0.003
229,254.9,35.1251191434,-1.68,1.8475,0.20051,0.0066877,0.0000013,0.003857,0.003,0.003
230,254.22,35.1123404343,-1.86,1.8502,0.20054,0.0066816,0.0000013,0.000792,0.003,0.003
231,252.12,35.099631502,-1.83,1.8496,0.2006,0.0066729,0.0000015,0.001149,0.003,0.003
232,250.73,35.0870101673,-1.69,1.8494,0.20065,0.0066639,0.0000015,0.00193,0.003,0.003
233,249.71,35.0744493227,-1.86,1.8484,0.20067,0.0066517,0.0000017,0.004003,0.003,0.003
234,248.68,35.0619399323,-1.73,1.8491,0.20071,0.0066353,0.0000019,0.006802,0.003,0.003
235,247.02,35.0494980598,-1.82,1.8453,0.20075,0.0066144,0.0000017,0.007141,0.003,0.003
236,245.79,35.0371287251,-1.8,1.8492,0.20081,0.0065946,0.0000015,0.004015,0.003,0.003
237,244.7,35.0248176215,-1.71,1.8499,0.20084,0.0065867,0.0000013,0.003684,0.003,0.003
238,244.91,35.0125286056,-1.78,1.8468,0.20082,0.0066008,0.0000014,0.005169,0.003,0.003
239,247.86,35.0001602749,-1.73,1.8478,0.20073,0.0066336,0.0000015,0.003939,0.003,0.003
240,251.87,34.987617251,-1.79,1.8421,0.20058,0.0066773,0.0000015,0.004736,0.003,0.003
241,256.83,34.9748490837,-1.8,1.8424,0.20042,0.0067256,0.0000018,0.004056,0.003,0.003
242,259.92,34.9618788645,-1.67,1.8406,0.20031,0.0067712,0.0000016,0.002652,0.003,0.003
243,260.09,34.9488268207,-1.71,1.8379,0.20029,0.0067909,0.0000015,0.005085,0.004,0.004
244,259.59,34.9357830598,-1.73,1.8379,0.2003,0.0067988,0.0000012,0.001488,0.003,0.003
245,258.71,34.9227739363,-1.83,1.8414,0.20034,0.006805,0.0000013,0.005511,0.003,0.003
246,256.86,34.9098333347,-1.87,1.8372,0.20038,0.0068105,0.0000017,0.003287,0.003,0.003
247,256.07,34.896958996,-1.79,1.8355,0.2004,0.006815,0.000002,0.003453,0.003,0.003
248,256.74,34.8840876693,-1.79,1.8404,0.2004,0.0068184,0.000002,0.001922,0.003,0.003
249,255.99,34.8712183506,-1.77,1.8354,0.2004,0.0068238,0.0000019,0.006222,0.003,0.003
250,256.26,34.8583610797,-1.73,1.8357,0.20039,0.0068371,0.0000015,0.007476,0.004,0.004
251,256.67,34.845486741,-1.78,1.8336,0.20036,0.006865,0.0000012,0.004328,0.004,0.004
252,259.16,34.8325396135,-1.81,1.8317,0.20027,0.0069025,0.0000012,0.001579,0.003,0.003
253,263.66,34.8194170398,-1.77,1.8352,0.20014,0.006947,0.0000014,0.000529,0.003,0.003
254,266.73,34.8061044622,-1.83,1.8351,0.20004,0.0069718,0.0000017,0.00281,0.003,0.003
255,266.71,34.7927153307,-1.74,1.8346,0.20004,0.0069756,0.0000023,0.001833,0.003,0.003
256,264.96,34.7793706255,-1.69,1.8384,0.20011,0.0069679,0.0000024,-0.000383,0.003,0.003
257,262.28,34.7661371116,-1.79,1.8386,0.20019,0.0069589,0.0000024,-0.000625,0.004,0.004
258,259.96,34.7530290956,-1.86,1.8317,0.20023,0.0069578,0.0000024,0.002022,0.003,0.003
259,259.52,34.7399903546,-1.71,1.8328,0.20025,0.0069602,0.0000024,-0.001284,0.004,0.004
260,260.28,34.7269435817,-1.88,1.8334,0.20023,0.0069589,0.0000025,-0.001813,0.003,0.003
261,260.94,34.7138611673,-1.77,1.8373,0.20023,0.0069469,0.0000023,-0.000241,0.003,0.003
262,259.67,34.7007940637,-1.77,1.8366,0.20027,0.0069265,0.0000021,0.001445,0.003,0.003
263,257.2,34.6878208327,-1.86,1.8337,0.20034,0.0069065,0.0000019,0.001969,0.003,0.003
264,255.13,34.6749615538,-1.66,1.8322,0.20039,0.0068982,0.0000019,0.003752,0.003,0.003
265,255.77,34.6621381673,-1.81,1.8322,0.20037,0.0069044,0.0000019,0.002887,0.003,0.003
266,256.93,34.6492696016,-1.85,1.8286,0.20032,0.0069174,0.0000019,0.003023,0.003,0.003
267,258.68,34.636327996,-1.72,1.8268,0.20026,0.0069325,0.0000019,0.00425,0.003,0.003
268,260.59,34.6232945259,-1.78,1.83,0.20021,0.0069483,0.0000016,0.005288,0.004,0.004
269,261.44,34.6101917809,-1.86,1.8294,0.20018,0.0069636,0.0000016,0.005802,0.003,0.003
270,261.81,34.5970584143,-1.8,1.8266,0.20015,0.006973,0.0000017,0.006974,0.003,0.003
271,261.68,34.5839190239,-1.77,1.8255,0.20015,0.0069688,0.0000017,0.007209,0.003,0.003
272,260.94,34.5708014701,-1.87,1.8276,0.20019,0.0069477,0.0000016,0.0053,0.003,0.003
273,258.42,34.557765741,-1.91,1.8318,0.20029,0.0069076,0.0000017,0.001739,0.003,0.003
274,254.11,34.5449014422,-1.87,1.8319,0.20043,0.006848,0.0000016,0.001519,0.003,0.003
275,247.19,34.532319012,-1.76,1.8288,0.20064,0.0067785,0.0000013,0.002984,0.002,0.002
276,242.31,34.520032757,-1.73,1.8284,0.2008,0.0067225,0.0000011,0.004552,0.003,0.003
277,240.88,34.5079048805,-1.82,1.8313,0.20086,0.0066875,0.0000011,0.006377,0.003,0.003
278,241.46,34.4957983386,-1.86,1.8274,0.20083,0.0066692,0.0000011,0.003779,0.003,0.003
279,242.87,34.4836418486,-1.86,1.8278,0.2008,0.0066473,0.0000011,0.00555,0.003,0.003
280,243.38,34.4714371673,-1.83,1.8279,0.20079,0.0066247,0.0000014,0.004602,0.003,0.003
281,242.4,34.4592442829,-1.8,1.8281,0.20082,0.0066088,0.0000015,0.004525,0.003,0.003
282,242.58,34.4470714781,-1.78,1.8323,0.20083,0.0066015,0.0000013,0.003282,0.003,0.003
283,243.51,34.4348708127,-1.81,1.8324,0.20081,0.0066061,0.0000014,0.004381,0.003,0.003
284,244.77,34.4226151793,-1.63,1.8315,0.20076,0.006631,0.0000013,0.003172,0.003,0.003
285,248.54,34.4102332948,-1.73,1.832,0.20064,0.0066799,0.0000013,0.000267,0.003,0.003
286,254.27,34.3976129641,-1.81,1.8274,0.20043,0.0067568,0.0000013,0.003643,0.004,0.004
287,260.56,34.3846909363,-1.7,1.8246,0.20021,0.0068313,0.0000013,0.00269,0.003,0.003
288,265.78,34.371480012,-1.82,1.8279,0.20006,0.0068777,0.0000015,0.000306,0.003,0.003
289,266.41,34.358122255,-1.83,1.8325,0.20006,0.0068799,0.0000015,0.003093,0.003,0.003
290,262.13,34.3448561116,-1.7,1.8341,0.2002,0.0068524,0.0000017,0.002618,0.003,0.003
291,256.46,34.3318397092,-1.79,1.8351,0.20038,0.0068114,0.0000017,0.001634,0.003,0.003
292,250.18,34.319123247,-1.77,1.8298,0.20056,0.0067647,0.0000015,0.004814,0.003,0.003
293,245.42,34.3066838845,-1.79,1.8265,0.2007,0.0067185,0.0000013,0.005047,0.003,0.003
294,242.42,34.2944392948,-1.75,1.8256,0.2008,0.0066765,0.0000012,0.006654,0.003,0.003
295,241.1,34.2823031355,-1.83,1.824,0.20084,0.0066439,0.0000019,0.006325,0.003,0.003
296,240.82,34.2702071355,-1.72,1.8254,0.20086,0.0066161,0.000002,0.009513,0.003,0.003
297,239.61,34.2581485339,-1.8,1.8217,0.20088,0.0065927,0.000002,0.006809,0.003,0.003
298,239.11,34.2461328526,-1.82,1.8194,0.20089,0.0065778,0.0000018,0.004246,0.003,0.003
299,239.53,34.2341191793,-1.86,1.8187,0.20088,0.0065769,0.0000018,0.004657,0.003,0.003
300,241.62,34.222042506,-1.86,1.8223,0.20083,0.0065893,0.0000017,0.007038,0.003,0.003
301,243.73,34.2098604143,-1.75,1.8203,0.20075,0.0066119,0.0000021,0.005222,0.003,0.003
302,246.89,34.1975460478,-1.85,1.8217,0.20065,0.0066421,0.0000022,0.001962,0.003,0.003
303,249.77,34.1850800797,-1.84,1.8215,0.20056,0.0066791,0.0000021,0.003818,0.003,0.003
304,252.38,34.1724763147,-1.75,1.8228,0.20047,0.0067232,0.000002,0.006272,0.003,0.003
305,256.04,34.1597151753,-1.77,1.8229,0.20035,0.0067646,0.0000016,0.003759,0.003,0.003
306,257.68,34.146821008,-1.87,1.8245,0.20031,0.0067789,0.0000015,0.000796,0.003,0.003
307,257.01,34.133902494,-1.87,1.828,0.20035,0.0067696,0.0000013,0.000351,0.002,0.002
308,253.89,34.1210791076,-1.81,1.8303,0.20045,0.0067489,0.0000015,-0.001026,0.003,0.003
309,250.52,34.1084186175,-1.78,1.8306,0.20056,0.0067285,0.0000018,0.002197,0.002,0.002
310,248.43,34.0958951713,-1.88,1.8295,0.20062,0.0067137,0.0000017,0.002427,0.004,0.004
311,247.59,34.0834452669,-1.78,1.829,0.20065,0.0067048,0.0000017,0.002812,0.003,0.003
312,247.91,34.0710084143,-1.78,1.8307,0.20065,0.0066985,0.0000017,0.00058,0.003,0.003
313,248.16,34.058557255,-1.79,1.8316,0.20064,0.0066953,0.0000019,-0.000502,0.003,0.003
314,248.27,34.0460970598,-1.7,1.8311,0.20064,0.0067013,0.000002,-0.000789,0.003,0.003
315,249.36,34.033606745,-1.76,1.8308,0.2006,0.0067226,0.000002,-0.000307,0.003,0.003
316,251.9,34.0210253187,-1.79,1.83,0.20051,0.0067558,0.0000018,-0.000049,0.002,0.002
317,255.17,34.0082980637,-1.86,1.8296,0.2004,0.0067971,0.0000014,-0.000458,0.003,0.003
318,258.77,33.9953983745,-1.85,1.8309,0.20029,0.0068361,0.0000011,0.00009,0.003,0.003
319,261,33.9823523546,-1.78,1.8305,0.20022,0.0068605,0.0000015,0.001742,0.003,0.003
320,260.99,33.9692506135,-1.86,1.8293,0.20021,0.0068682,0.0000015,0.004479,0.002,0.002
321,259.5,33.9561865219,-1.88,1.8287,0.20025,0.0068619,0.0000015,0.003386,0.003,0.003
322,256.88,33.9432255896,-1.86,1.8273,0.20033,0.0068469,0.0000014,0.002407,0.003,0.003
323,254.91,33.9303798645,-1.78,1.8311,0.20041,0.0068308,0.0000011,0.001748,0.003,0.003
324,253.13,33.9176282629,-1.75,1.8299,0.20046,0.0068209,0.000001,0.002291,0.002,0.002
325,252.77,33.9049303745,-1.7,1.8296,0.20047,0.0068193,0.0000009,0.002262,0.002,0.002
326,253.38,33.8922262112,-1.74,1.8296,0.20045,0.0068261,0.0000015,0.000912,0.003,0.003
327,254.63,33.8794753625,-1.79,1.8302,0.20041,0.0068374,0.0000016,0.002749,0.003,0.003
328,256.03,33.866658,-1.7,1.8294,0.20037,0.0068419,0.0000013,0.004305,0.003,0.003
329,256.1,33.853803741,-1.78,1.8265,0.20035,0.0068335,0.0000011,0.003309,0.003,0.003
330,254.12,33.8409974223,-1.81,1.8258,0.20042,0.0068126,0.0000012,0.001543,0.002,0.002
331,251.61,33.8283038008,-1.74,1.8265,0.2005,0.0067788,0.0000013,0.002805,0.003,0.003
332,248.7,33.8157462191,-1.78,1.8266,0.2006,0.006737,0.0000012,0.001573,0.003,0.003
333,244.02,33.8033791434,-1.86,1.8218,0.20073,0.0066886,0.0000012,0.002953,0.003,0.003
334,241.31,33.7911975538,-1.87,1.8243,0.20083,0.0066556,0.0000016,0.004034,0.002,0.002
335,240.51,33.7791040637,-1.78,1.8229,0.20085,0.0066379,0.0000015,0.003751,0.003,0.003
336,241.68,33.7670012869,-1.79,1.8251,0.20083,0.0066288,0.0000014,0.002465,0.003,0.003
337,243.21,33.754830741,-1.83,1.8255,0.20078,0.0066195,0.0000012,0.00413,0.002,0.002
338,243.77,33.7426077371,-1.74,1.8272,0.20078,0.006608,0.0000011,0.007174,0.002,0.002
339,243.56,33.7303759482,-1.79,1.8276,0.20079,0.0065969,0.0000016,0.007463,0.003,0.003
340,243.28,33.7181564582,-1.83,1.8285,0.2008,0.0065918,0.0000016,0.006076,0.003,0.003
341,243.74,33.7059324502,-1.85,1.8314,0.2008,0.0065896,0.0000013,0.005221,0.003,0.003
342,245.04,33.6936642669,-1.76,1.8351,0.20077,0.0065915,0.0000014,0.005125,0.003,0.003
343,245.51,33.6813516574,-1.88,1.8339,0.20075,0.0066047,0.0000011,0.006162,0.003,0.003
344,245.92,33.6690169602,-1.82,1.8287,0.20071,0.0066368,0.0000009,0.00678,0.003,0.003
345,250.28,33.6565625378,-1.74,1.8313,0.20058,0.0066874,0.000001,0.005413,0.002,0.002
346,255.21,33.6438749402,-1.81,1.8263,0.2004,0.0067421,0.0000011,0.003091,0.003,0.003
347,258.86,33.630971988,-1.81,1.8215,0.20026,0.0067906,0.0000015,0.003133,0.002,0.002
348,259.41,33.6179636175,-1.82,1.8174,0.20021,0.0068273,0.0000013,0.001859,0.003,0.003
349,259.53,33.6049384303,-1.79,1.8176,0.20021,0.0068501,0.0000013,0.001096,0.002,0.002
350,259.23,33.591917761,-1.9,1.8188,0.20022,0.0068593,0.0000013,0.003459,0.003,0.003
351,257.1,33.5789580837,-1.78,1.8143,0.20027,0.0068495,0.0000013,0.004817,0.003,0.003
352,254.33,33.5661213944,-1.8,1.8131,0.20035,0.0068262,0.0000012,0.006842,0.002,0.002
353,250.74,33.5534443386,-1.77,1.8136,0.20047,0.0068003,0.0000009,0.008576,0.003,0.003
354,248.58,33.5409116056,-1.87,1.8151,0.20055,0.0067771,0.0000008,0.007252,0.003,0.003
355,246.62,33.5284822829,-1.82,1.8116,0.2006,0.0067477,0.0000006,0.007769,0.002,0.002
356,245.29,33.5161355378,-1.8,1.8161,0.20066,0.0067123,0.0000007,0.006349,0.002,0.002
357,243.04,33.5038786494,-1.85,1.8206,0.20076,0.0066672,0.0000008,0.005878,0.002,0.002
358,240.4,33.491744498,-1.84,1.82,0.20085,0.0066254,0.0000008,0.00657,0.002,0.002
359,238.18,33.4797323307,-1.8,1.8196,0.20092,0.0065943,0.0000007,0.004771,0.002,0.002
360,238.02,33.4677799004,-1.84,1.8202,0.20093,0.0065749,0.0000009,0.003737,0.002,0.002
361,238.78,33.4558124104,-1.76,1.8226,0.20092,0.0065705,0.0000007,0.004522,0.002,0.002
362,240.25,33.4437889482,-1.83,1.8195,0.20086,0.0065782,0.0000007,0.00621,0.002,0.002
363,242.31,33.4316768845,-1.83,1.8188,0.20079,0.0066016,0.000001,0.004125,0.002,0.002
364,245.05,33.4194443426,-1.82,1.8166,0.20069,0.0066414,0.0000012,0.005417,0.003,0.003
365,249.92,33.4070207928,-1.77,1.8153,0.20052,0.0067038,0.0000014,0.008442,0.002,0.002
366,255.84,33.3943264183,-1.78,1.8145,0.20032,0.0067717,0.0000014,0.007834,0.002,0.002
367,260.65,33.3813627251,-1.83,1.8151,0.20017,0.0068273,0.0000015,0.00596,0.002,0.002
368,263.7,33.368201749,-1.89,1.8205,0.20009,0.0068751,0.0000012,0.006369,0.002,0.002
369,264.03,33.3549559363,-1.81,1.824,0.20009,0.0069102,0.0000009,0.00405,0.002,0.002
370,263.11,33.3417249323,-1.88,1.8197,0.20009,0.0069387,0.0000012,0.00351,0.003,0.003
371,263.28,33.328512753,-1.87,1.8217,0.20009,0.0069733,0.0000012,0.003315,0.003,0.003
372,265.69,33.3152358167,-1.78,1.8261,0.20002,0.0070133,0.0000016,0.001469,0.003,0.003
373,268.13,33.3018371474,-1.79,1.8271,0.19995,0.0070584,0.0000012,0.005273,0.002,0.002
374,270.2,33.2883252789,-1.7,1.8272,0.19988,0.0070944,0.0000014,0.002944,0.002,0.002
375,271.18,33.2747368566,-1.73,1.8266,0.19984,0.0071127,0.0000017,0.000768,0.002,0.002
376,270.59,33.2611386454,-1.85,1.8267,0.19986,0.0071121,0.0000016,0.002953,0.002,0.002
377,268.37,33.2476109641,-1.84,1.8286,0.19994,0.0070993,0.0000019,0.004624,0.002,0.002
378,265.49,33.2342112908,-1.92,1.8276,0.20002,0.0070835,0.0000019,0.00511,0.002,0.002
379,262.44,33.2209604582,-1.76,1.8244,0.2001,0.0070695,0.0000018,0.004595,0.003,0.003
380,261.46,33.2078107769,-1.96,1.825,0.20014,0.0070572,0.0000015,0.006124,0.002,0.002
381,260.53,33.1947090359,-1.71,1.8213,0.20015,0.0070501,0.0000017,0.007331,0.003,0.003
382,260.28,33.1816369124,-1.93,1.8188,0.20015,0.0070441,0.0000018,0.006061,0.002,0.002
383,260.36,33.1685690558,-1.84,1.8189,0.20015,0.0070362,0.0000018,0.005529,0.002,0.002
384,260.41,33.1554979363,-1.49,1.8186,0.20015,0.0070291,0.0000017,0.00537,0.002,0.002
385,260.39,33.1424260637,-1.99,1.8219,0.20016,0.0070246,0.0000017,0.004412,0.002,0.002
386,260.8,33.1293444024,-1.8,1.8253,0.20017,0.007018,0.0000015,0.004668,0.002,0.002
387,260.11,33.1162697689,-1.9,1.8222,0.20018,0.0070066,0.0000017,0.002329,0.002,0.002
388,258.94,33.1032418207,-1.91,1.8201,0.20021,0.0069896,0.000002,0.002968,0.002,0.002
389,257.6,33.0902768725,-1.72,1.8209,0.20026,0.006968,0.0000021,0.00283,0.002,0.002
390,257.16,33.0773566016,-1.87,1.8257,0.20029,0.0069462,0.0000019,0.003432,0.002,0.002
391,255.73,33.0644832669,-1.89,1.8255,0.20034,0.0069269,0.0000014,0.001487,0.001,0.001
392,254.48,33.0516771992,-1.87,1.8236,0.20037,0.0069128,0.0000007,0.001476,0.002,0.002
393,254.12,33.0389115418,-1.63,1.8235,0.20039,0.0069019,0.0000004,0.002809,0.002,0.002
394,253.78,33.0261634542,-1.88,1.821,0.20039,0.0068923,0.0000005,0.001297,0.002,0.002
395,254.16,33.0134143625,-1.77,1.8217,0.20038,0.006877,0.0000007,0.003769,0.002,0.002
396,253.26,33.0006783227,-1.91,1.8193,0.2004,0.0068602,0.0000008,0.005676,0.002,0.002
397,251.7,32.9880040279,-1.75,1.8176,0.20045,0.0068495,0.0000011,0.00338,0.002,0.002
398,251.17,32.9753821912,-2.02,1.8169,0.20046,0.0068459,0.0000014,0.002481,0.002,0.002
399,252.02,32.9627523227,-1.72,1.818,0.20044,0.0068449,0.0000017,0.002104,0.002,0.002
400,252.31,32.9500938406,-1.76,1.8126,0.20041,0.0068445,0.0000019,0.003521,0.002,0.002
401,251.73,32.9374426375,-1.95,1.8071,0.2004,0.0068494,0.0000017,0.00614,0.002,0.002
402,252.49,32.9247869163,-1.76,1.8084,0.20038,0.0068592,0.0000017,0.006516,0.002,0.002
403,253.36,32.9120902829,-1.82,1.8072,0.20035,0.006864,0.0000015,0.004315,0.002,0.002
404,253.83,32.8993600159,-1.72,1.8074,0.20034,0.0068573,0.0000012,0.002824,0.002,0.002
405,252.34,32.8866553506,-1.77,1.806,0.20038,0.0068437,0.000001,0.002796,0.002,0.002
406,251.01,32.8740214661,-1.86,1.8087,0.20043,0.0068318,0.0000013,0.004569,0.002,0.002
407,249.84,32.8614503307,-1.76,1.8092,0.20047,0.0068255,0.0000012,0.002422,0.002,0.002
408,249.67,32.8489128287,-1.81,1.8073,0.20047,0.0068157,0.0000013,0.001517,0.001,0.001
409,249.22,32.8363908884,-1.78,1.8062,0.20048,0.0067984,0.0000014,-0.000444,0.003,0.003
410,248.01,32.8239106135,-1.77,1.8075,0.20053,0.0067823,0.0000013,-0.001688,0.001,0.001
411,247.76,32.8114669841,-1.78,1.8139,0.20057,0.0067733,0.0000014,0.000118,0.002,0.002
412,248.09,32.7990213466,-1.89,1.8161,0.20057,0.0067689,0.0000015,0.000998,0.002,0.002
413,248.74,32.7865511116,-1.78,1.8143,0.20054,0.0067793,0.0000014,0.00349,0.002,0.002
414,249.71,32.7740402151,-1.8,1.8106,0.20049,0.0068092,0.0000014,0.001561,0.002,0.002
415,253.81,32.7614020637,-1.77,1.8132,0.20036,0.006853,0.0000009,0.001953,0.002,0.002
416,257.68,32.7485638685,-1.71,1.809,0.20022,0.0069008,0.0000005,0.002076,0.002,0.002
417,261.11,32.7355424462,-1.84,1.8068,0.20009,0.0069451,0.0000003,0.00081,0.002,0.002
418,263.13,32.7223842311,-1.8,1.8097,0.20004,0.0069735,0.0000002,0.00329,0.001,0.001
419,262.7,32.7091861076,-1.79,1.8067,0.20003,0.0070054,0.0000004,0.002203,0.002,0.002
420,263.08,32.695989239,-1.86,1.8042,0.2,0.0070367,0.0000009,0.0019,0.001,0.001
421,264.39,32.6827499522,-1.89,1.8056,0.19996,0.0070508,0.0000015,0.003323,0.002,0.002
422,263.68,32.6694956056,-1.8,1.8047,0.19999,0.0070323,0.0000018,0.00424,0.001,0.001
423,260.09,32.6563491873,-1.77,1.8081,0.20012,0.0069914,0.0000018,0.005217,0.002,0.002
424,254.63,32.6434299203,-1.65,1.8091,0.2003,0.0069438,0.0000014,0.005703,0.001,0.001
425,250.6,32.6307488486,-1.72,1.8098,0.20044,0.0069044,0.0000013,0.005981,0.002,0.002
426,248.9,32.6182115976,-1.74,1.8122,0.2005,0.0068838,0.0000014,0.004234,0.002,0.002
427,249.91,32.6056916653,-1.79,1.8176,0.2005,0.0068771,0.0000015,0.004195,0.002,0.002
428,250.92,32.5931210319,-1.73,1.8157,0.20046,0.0068769,0.0000013,0.005312,0.002,0.002
429,253.44,32.5804617968,-1.74,1.8199,0.2004,0.0068756,0.0000011,0.005913,0.002,0.002
430,253.81,32.5677300239,-1.81,1.8192,0.20038,0.006874,0.0000011,0.00652,0.001,0.001
431,253.86,32.5549877092,-1.8,1.8164,0.20037,0.0068763,0.000001,0.006749,0.002,0.002
432,254.6,32.5422255657,-1.82,1.8183,0.20035,0.0068825,0.0000007,0.007084,0.001,0.001
433,255.46,32.5294232629,-1.89,1.8186,0.20033,0.0068902,0.000001,0.008012,0.002,0.002
434,256.36,32.5165767849,-1.76,1.8209,0.20031,0.0069005,0.000001,0.006937,0.001,0.001
435,256.23,32.5037109801,-1.79,1.8139,0.20028,0.0069148,0.000001,0.007166,0.001,0.001
436,257.27,32.4908223347,-1.84,1.8116,0.20023,0.006934,0.0000009,0.006901,0.001,0.001
437,257.84,32.4778932789,-1.81,1.8086,0.2002,0.0069518,0.0000007,0.006203,0.002,0.002
438,259.89,32.4648984622,-1.85,1.8136,0.20016,0.0069563,0.0000008,0.005357,0.001,0.001
439,259.12,32.4518715179,-1.8,1.8137,0.20018,0.0069403,0.0000012,0.00506,0.001,0.001
440,256.53,32.4389289084,-1.78,1.8157,0.20028,0.006917,0.0000014,0.005846,0.002,0.002
441,253.54,32.4261263546,-1.8,1.8149,0.20037,0.0069077,0.0000011,0.005887,0.001,0.001
442,252.76,32.4134184263,-1.87,1.8131,0.20038,0.006921,0.0000011,0.006228,0.002,0.002
443,255.83,32.4006530199,-1.85,1.8138,0.20028,0.0069504,0.0000011,0.006685,0,0
444,259.08,32.3877289841,-1.78,1.8122,0.20017,0.0069715,0.0000012,0.007127,0.001,0.001
445,261.4,32.3746651434,-1.75,1.8172,0.20012,0.0069705,0.0000014,0.009219,0.001,0.001
446,260.21,32.3615729402,-1.75,1.8197,0.20018,0.0069453,0.0000015,0.010219,0.001,0.001
447,256.08,32.3486142669,-1.8,1.8171,0.2003,0.0069145,0.0000013,0.009583,0.001,0.001
448,252.38,32.3358521235,-1.78,1.8162,0.20041,0.006894,0.000001,0.011172,0.001,0.001
449,251.89,32.3231951474,-1.9,1.8199,0.20044,0.0068843,0.0000011,0.012034,0.001,0.001
450,252.26,32.3105411833,-1.82,1.8184,0.20042,0.0068867,0.000001,0.01165,0.001,0.001
451,253.12,32.2978563466,-1.8,1.8152,0.20038,0.0069035,0.000001,0.011209,0.001,0.001
452,255.59,32.2850879283,-1.78,1.8129,0.20029,0.0069349,0.000001,0.010796,0.001,0.001
453,258.62,32.2721814622,-1.83,1.8076,0.20017,0.0069752,0.0000014,0.01197,0.001,0.001
454,261.91,32.2591163665,-1.86,1.8047,0.20004,0.0070236,0.0000013,0.013204,0.001,0.001
455,265.25,32.2458848606,-1.77,1.8034,0.19992,0.0070672,0.0000014,0.011776,0.001,0.001
456,266.93,32.2325273546,-1.76,1.8027,0.19986,0.0070904,0.0000016,0.010145,0.001,0.001
457,266.62,32.2191354622,-1.85,1.8045,0.19988,0.0070911,0.0000017,0.009429,0.001,0.001
458,264.03,32.2058163586,-1.81,1.804,0.19996,0.0070726,0.0000018,0.010112,0.001,0.001
459,260.19,32.1926586454,-1.89,1.8027,0.20008,0.0070424,0.0000019,0.009363,0.001,0.001
460,255.67,32.1797107649,-1.65,1.8015,0.20022,0.0070161,0.0000019,0.009632,0.001,0.001
461,253.64,32.1669272869,-1.8,1.8003,0.20028,0.0070042,0.0000019,0.012266,0.001,0.001
462,254.09,32.1541834661,-1.81,1.8,0.20026,0.0070078,0.0000019,0.012621,0.001,0.001
463,256.09,32.1413781514,-1.73,1.8015,0.20021,0.0070133,0.0000017,0.013335,0,0
464,257.49,32.128487498,-1.9,1.8023,0.20017,0.0070066,0.0000016,0.014576,0,0
465,257.19,32.1155692351,-1.82,1.8043,0.20019,0.0069821,0.0000016,0.01502,0.001,0.001
466,254.87,32.1027167331,-1.76,1.8042,0.20027,0.0069479,0.0000013,0.01456,0.001,0.001
467,251.03,32.0900188446,-1.79,1.8024,0.20039,0.0069106,0.0000013,0.014681,0.001,0.001
468,248.88,32.0774713028,-1.81,1.8054,0.20047,0.0068779,0.0000015,0.014368,0.001,0.001
469,247.54,32.0650113586,-1.76,1.8065,0.20052,0.0068485,0.0000017,0.014391,0.001,0.001
470,246.37,32.0526144143,-1.83,1.8062,0.20056,0.0068231,0.0000019,0.013825,0.001,0.001
471,246.35,32.0402473386,-1.82,1.8084,0.20058,0.0068054,0.0000021,0.012302,0,0
472,246.22,32.0278840279,-1.88,1.8084,0.20058,0.006803,0.000002,0.010955,0.001,0.001
473,247.74,32.0154858287,-1.9,1.8062,0.20052,0.0068185,0.0000019,0.011244,0.001,0.001
474,251.14,32.0029641394,-1.79,1.8099,0.20043,0.0068363,0.0000016,0.01197,0,0
475,254.24,31.9902793028,-1.77,1.8132,0.20035,0.0068442,0.0000013,0.011444,0,0
476,254.28,31.9775156534,-1.75,1.8132,0.20035,0.0068404,0.0000012,0.010484,0.001,0.001
477,253.07,31.9647813705,-1.77,1.8158,0.2004,0.0068322,0.0000012,0.010486,0,0
478,251.4,31.9521193745,-1.83,1.8116,0.20043,0.0068265,0.0000016,0.011023,0,0
479,250.75,31.9395156096,-1.85,1.8114,0.20045,0.0068239,0.0000019,0.009621,0,0
480,250.66,31.9269304183,-1.91,1.8103,0.20045,0.0068271,0.000002,0.008678,0,0
481,251.24,31.9143329283,-1.84,1.8093,0.20043,0.0068309,0.000002,0.008792,0,0
482,252.72,31.9016837331,-1.98,1.8145,0.2004,0.0068312,0.000002,0.008329,0,0
483,252.05,31.8890142072,-1.73,1.8102,0.20041,0.0068289,0.0000018,0.008843,0,0
484,251.31,31.8763800717,-1.79,1.8092,0.20042,0.0068319,0.0000018,0.009397,0,0
485,251.27,31.8637655139,-1.78,1.8085,0.20042,0.0068518,0.0000015,0.010007,0,0
486,253.26,31.851102012,-1.75,1.8072,0.20034,0.0068856,0.0000016,0.009773,0,0
487,256.49,31.83830749,-1.85,1.8037,0.20022,0.0069302,0.0000016,0.009445,0,0
488,260.38,31.825334259,-1.78,1.8048,0.2001,0.0069631,0.0000015,0.009486,0,0
489,262.26,31.8122162032,-1.87,1.8069,0.20005,0.0069773,0.0000018,0.010073,0,0
490,261.5,31.7990700359,-1.83,1.808,0.20008,0.0069751,0.0000015,0.009835,0,0
491,259.15,31.7860019283,-1.81,1.8094,0.20016,0.0069631,0.0000012,0.01012,0,0
492,255.68,31.7730799004,-1.81,1.8035,0.20024,0.0069571,0.000001,0.010155,0,0
493,255.51,31.7602492351,-1.73,1.809,0.20027,0.006964,0.000001,0.012634,0,0
494,256.93,31.7473871952,-1.84,1.8101,0.20023,0.0069784,0.000001,0.012076,0,0
495,258.69,31.7344453386,-1.85,1.8084,0.20016,0.006991,0.000001,0.01083,0,0
496,259.65,31.7214352112,-1.84,1.8067,0.20012,0.0069967,0.0000011,0.010663,0,0
497,259.6,31.708402243,-1.78,1.8081,0.20013,0.0069941,0.0000013,0.012598,0,0
498,259.14,31.6953820757,-1.86,1.8138,0.20017,0.0069869,0.0000012,0.014251,0,0
499,257.55,31.6824133625,-1.73,1.809,0.2002,0.0069802,0.0000014,0.014033,0,0
500,256.65,31.6695071474,-1.79,1.8111,0.20024,0.0069756,0.0000018,0.015057,0,0
501,256.09,31.6566375777,-1.84,1.8099,0.20025,0.0069782,0.0000018,0.014051,0.001,0.001
502,256.78,31.643764745,-1.77,1.8091,0.20022,0.0069865,0.0000016,0.013337,0,0
503,257.49,31.6308567729,-1.78,1.8069,0.20019,0.0069899,0.0000015,0.014025,0,0
504,258.53,31.6179048765,-1.88,1.8088,0.20017,0.0069781,0.0000014,0.013826,0,0
505,257.71,31.6049474582,-1.8,1.8149,0.20023,0.0069468,0.0000012,0.0139,0,0
506,254.83,31.5920829084,-1.86,1.8192,0.20034,0.0069091,0.0000012,0.014042,0,0
507,251.04,31.5793857729,-1.78,1.8183,0.20046,0.0068884,0.0000013,0.014048,0,0
508,249.86,31.5668133825,-1.78,1.8142,0.20047,0.0069043,0.0000012,0.017106,0,0
509,253.87,31.5541699602,-1.8,1.8126,0.20034,0.0069498,0.0000012,0.016665,0,0
510,260.83,31.5412511952,-1.8,1.812,0.20011,0.0070116,0.000001,0.015592,0,0
511,266.97,31.5280036255,-1.78,1.8155,0.19993,0.0070626,0.0000011,0.016116,0,0
512,269.68,31.5145339243,-1.77,1.8178,0.19985,0.0070823,0.0000012,0.015309,0,0
513,268.35,31.5010295857,-1.8,1.8178,0.19989,0.0070822,0.0000008,0.015767,0,0
514,264.87,31.4876459761,-1.92,1.8152,0.19998,0.0070785,0.0000009,0.016235,0,0
515,262.8,31.4744016693,-1.87,1.8142,0.20004,0.0070837,0.000001,0.016709,0,0
516,262.29,31.4612221195,-1.83,1.8116,0.20004,0.0071001,0.0000011,0.017271,0,0
517,263.8,31.4480174701,-1.73,1.8107,0.19999,0.0071193,0.0000012,0.017801,0,0
518,265.75,31.4347259761,-1.77,1.8112,0.19993,0.0071294,0.0000009,0.016553,0,0
519,266.65,31.4213629482,-1.84,1.8151,0.19992,0.0071259,0.0000009,0.016198,0,0
520,265.3,31.4080112151,-1.86,1.8168,0.19997,0.0071117,0.0000013,0.015473,0,0
521,262.53,31.3947628924,-1.76,1.8144,0.20005,0.0070939,0.0000012,0.015951,0,0
522,260.43,31.3816368048,-1.84,1.8121,0.20011,0.0070836,0.0000009,0.015558,0,0
523,259.86,31.3685777331,-1.83,1.814,0.20013,0.0070801,0.0000008,0.016318,0,0
524,261.15,31.3555005896,-1.84,1.8167,0.20011,0.0070707,0.0000008,0.017506,0,0
525,260.73,31.3424016096,-1.78,1.8146,0.20012,0.007043,0.000001,0.018638,0,0
526,257.85,31.3293854582,-1.84,1.815,0.20021,0.0070034,0.0000012,0.017574,0,0
527,254.45,31.3165269323,-1.76,1.8162,0.20033,0.0069598,0.0000013,0.01755,0,0
528,251.16,31.3038363227,-1.9,1.815,0.20043,0.0069191,0.0000013,0.018409,0,0
529,249.03,31.291281753,-1.84,1.8133,0.2005,0.0068795,0.0000011,0.017442,0,0
530,247.63,31.2788157849,-1.71,1.8136,0.20055,0.0068525,0.0000013,0.016688,0,0
531,246.87,31.2664040319,-1.79,1.8146,0.20058,0.0068436,0.0000015,0.017681,0,0
532,249.29,31.2539506135,-1.89,1.8171,0.20051,0.0068506,0.0000014,0.017116,0,0
533,251.25,31.241387259,-1.75,1.8137,0.20044,0.0068617,0.0000013,0.015191,0,0
534,254.06,31.2287041793,-1.84,1.8164,0.20036,0.0068709,0.0000017,0.015721,0,0
535,255.31,31.2159191952,-1.74,1.8175,0.20033,0.0068811,0.0000016,0.015126,0,0
536,255.73,31.2030922948,-1.78,1.8176,0.20031,0.0068973,0.0000016,0.015384,0,0
537,257.13,31.1902197131,-1.83,1.8189,0.20027,0.0069254,0.0000017,0.014146,0,0
538,259.51,31.177252255,-1.81,1.816,0.20017,0.0069608,0.0000015,0.01354,0,0
539,262.21,31.1641572908,-1.86,1.8153,0.20008,0.0070038,0.0000014,0.012952,0,0
540,264.54,31.1509360757,-1.85,1.8129,0.19999,0.0070312,0.0000013,0.014031,0,0
541,265.23,31.1376390598,-1.85,1.8136,0.19997,0.0070387,0.0000011,0.0142,0,0
542,263,31.1243806972,-1.84,1.8122,0.20004,0.0070336,0.0000013,0.015097,0,0
543,260.99,31.111228757,-1.78,1.8124,0.2001,0.0070311,0.0000017,0.015673,0,0
544,259.18,31.0981726972,-1.87,1.809,0.20014,0.0070406,0.0000019,0.014294,0,0
545,259.97,31.085142239,-1.76,1.8076,0.2001,0.0070588,0.0000021,0.014084,0,0
546,262.2,31.0720359801,-1.75,1.8094,0.20004,0.0070726,0.0000021,0.012947,0,0
547,263.32,31.0588456375,-1.84,1.808,0.2,0.0070721,0.0000022,0.013572,0,0
548,262.61,31.045645004,-1.66,1.8114,0.20004,0.0070556,0.0000021,0.016152,0,0
549,260.33,31.0325194183,-1.75,1.8118,0.20012,0.0070333,0.0000019,0.016001,0,0
550,257.26,31.0195281155,-1.78,1.8108,0.20021,0.0070144,0.0000018,0.015096,0,0
551,255.58,31.0066560359,-1.75,1.8097,0.20026,0.0070021,0.0000017,0.013217,0,0
552,255.07,30.9938389243,-1.83,1.8071,0.20026,0.0069964,0.0000017,0.012972,0,0
553,255.89,30.9810140319,-1.82,1.8074,0.20024,0.0069905,0.0000017,0.013869,0,0
554,256.03,30.9681650438,-1.81,1.8073,0.20024,0.0069745,0.0000016,0.015032,0,0
555,255.03,30.9553376414,-1.78,1.8078,0.20028,0.0069469,0.0000016,0.014942,0,0
556,251.84,30.9426154064,-1.84,1.8048,0.20037,0.0069122,0.0000014,0.015467,0,0
557,249.44,30.9300334781,-1.82,1.8072,0.20046,0.0068703,0.0000011,0.015431,0,0
558,246.63,30.9175823187,-1.92,1.8074,0.20056,0.0068243,0.0000009,0.016088,0,0
559,243.89,30.9052704622,-1.84,1.8097,0.20066,0.0067802,0.0000009,0.01655,0,0
560,242.32,30.8930667849,-1.78,1.8098,0.20071,0.0067567,0.000001,0.014661,0,0
561,243.28,30.8808784183,-1.73,1.8122,0.20069,0.0067573,0.0000012,0.014028,0,0
562,246.12,30.8685946733,-1.9,1.8149,0.20061,0.0067826,0.0000012,0.014704,0,0
563,250.92,30.8561191673,-1.75,1.816,0.20046,0.0068245,0.0000015,0.015218,0,0
564,257.36,30.8433615418,-1.8,1.8212,0.20028,0.0068802,0.000002,0.015046,0,0
565,262.04,30.8303248088,-1.8,1.8214,0.20013,0.0069312,0.000002,0.015395,0,0
566,264.94,30.8170978207,-1.81,1.8222,0.20003,0.0069692,0.0000021,0.015755,0,0
567,265.42,30.803785996,-1.75,1.8221,0.20001,0.0069962,0.0000021,0.014785,0,0
568,264.84,30.7904766813,-1.79,1.8202,0.20002,0.0070145,0.0000022,0.014719,0,0
569,264.4,30.7771929681,-1.91,1.8188,0.20002,0.0070207,0.0000019,0.013826,0,0
570,263.38,30.7639459004,-1.77,1.8212,0.20007,0.0070139,0.0000017,0.013822,0,0
571,260.82,30.7507886892,-1.85,1.8208,0.20015,0.0070038,0.0000016,0.014655,0,0
572,258.69,30.7377491952,-1.8,1.8187,0.2002,0.0070018,0.0000015,0.014663,0,0
573,257.77,30.724786255,-1.85,1.8148,0.20021,0.0070125,0.0000014,0.01525,0,0
574,258.52,30.7118275817,-1.82,1.808,0.20015,0.0070312,0.0000012,0.014323,0,0
575,260.71,30.6987951155,-1.78,1.8064,0.20008,0.0070518,0.0000012,0.014671,0,0
576,262.51,30.685662502,-1.86,1.8071,0.20002,0.0070588,0.0000012,0.013136,0,0
577,262.34,30.6724889761,-1.75,1.8065,0.20003,0.007044,0.0000014,0.014227,0,0
578,259.64,30.6593874861,-1.79,1.8069,0.20012,0.0070104,0.0000011,0.0147,0,0
579,254.93,30.6464719841,-1.72,1.8058,0.20027,0.0069718,0.000001,0.015298,0,0
580,250.97,30.6337740956,-1.82,1.802,0.20038,0.006948,0.0000011,0.015271,0,0
581,249.74,30.6212064741,-1.84,1.7985,0.2004,0.0069307,0.0000013,0.014929,0,0
582,250.82,30.6086426175,-1.88,1.8027,0.20039,0.0069106,0.0000012,0.014361,0,0
583,251.03,30.5960463825,-1.86,1.8078,0.20041,0.006884,0.000001,0.014646,0,0
584,249.77,30.583476502,-1.86,1.8101,0.20047,0.0068643,0.0000013,0.014773,0,0
585,248.93,30.5709593307,-1.85,1.8101,0.20049,0.0068583,0.0000014,0.014541,0,0
586,249.99,30.5584366375,-1.8,1.81,0.20046,0.0068676,0.0000015,0.014199,0,0
587,252.6,30.5458218287,-1.75,1.8116,0.20038,0.0068886,0.0000016,0.01428,0,0
588,255.46,30.5330697251,-1.83,1.8121,0.20029,0.0069176,0.0000016,0.01381,0,0
589,257.8,30.5201871036,-1.84,1.812,0.20021,0.0069523,0.0000014,0.014632,0,0
590,260.5,30.5071779801,-1.81,1.8109,0.20011,0.0069914,0.0000014,0.015225,0,0
591,263.97,30.494013992,-1.69,1.8131,0.20001,0.0070311,0.0000013,0.014122,0,0
592,265.44,30.480726012,-1.86,1.8093,0.19994,0.0070526,0.0000012,0.014701,0,0
593,265.11,30.4674094183,-1.74,1.8082,0.19995,0.0070529,0.0000017,0.013843,0,0
594,262.44,30.4541681235,-1.79,1.8088,0.20004,0.0070353,0.0000016,0.011748,0,0
595,258.86,30.4410837012,-1.87,1.8074,0.20015,0.0070054,0.0000012,0.009619,0,0
596,255.93,30.4281626773,-1.76,1.8126,0.20027,0.0069702,0.0000012,0.009999,0,0
597,252.39,30.4154040478,-1.84,1.8119,0.20038,0.006937,0.0000013,0.011528,0,0
598,251.18,30.4027646414,-1.77,1.8153,0.20043,0.0069141,0.0000011,0.011895,0,0
599,250.85,30.3901638884,-1.79,1.8162,0.20045,0.0069035,0.0000013,0.011997,0,0
600,251.5,30.3775551036,-1.73,1.815,0.20042,0.0069085,0.0000015,0.012752,0,0
601,253.8,30.3648722749,-1.88,1.8153,0.20035,0.0069304,0.0000014,0.01376,0,0
602,257.45,30.3520401036,-1.83,1.8179,0.20025,0.0069594,0.0000014,0.013407,0,0
603,260.99,30.3390274661,-1.83,1.8197,0.20014,0.0069826,0.0000018,0.011878,0,0
604,262.38,30.3258910876,-1.77,1.8193,0.2001,0.0069917,0.000002,0.011044,0,0
605,262.12,30.3127263466,-1.79,1.8206,0.20011,0.0069932,0.000002,0.011153,0,0
606,260.15,30.2996175777,-1.76,1.8176,0.20015,0.0070001,0.0000018,0.011567,0,0
607,260.06,30.2865605139,-1.75,1.8182,0.20016,0.0070113,0.0000016,0.011826,0,0
608,260.92,30.2734841235,-1.76,1.8171,0.20013,0.0070144,0.0000015,0.012322,0,0
609,260.99,30.2603843904,-1.79,1.818,0.20013,0.0069989,0.0000013,0.012586,0,0
610,258.97,30.2473336016,-1.93,1.82,0.20021,0.0069669,0.0000012,0.012388,0,0
611,255.12,30.2344301474,-1.82,1.8184,0.20033,0.0069257,0.0000012,0.01243,0,0
612,250.72,30.2217337649,-1.88,1.8177,0.20047,0.0068795,0.0000013,0.012805,0,0
613,247.14,30.2092376773,-1.79,1.8153,0.20057,0.0068348,0.0000012,0.013338,0,0
614,245.63,30.1968693466,-1.8,1.8154,0.20063,0.0068024,0.0000011,0.014527,0,0
615,245.1,30.1845522191,-1.86,1.8164,0.20065,0.0067745,0.0000013,0.01527,0,0
616,245.23,30.1722451315,-1.93,1.8186,0.20066,0.0067482,0.0000014,0.014749,0,0
617,244.25,30.1599593785,-1.83,1.8172,0.20069,0.0067197,0.0000014,0.0118,0,0
618,242.6,30.1477396375,-1.8,1.8152,0.20074,0.0066968,0.0000014,0.010667,0,0
619,241.96,30.1355773745,-1.86,1.8158,0.20076,0.0066899,0.0000014,0.011511,0,0
620,243.31,30.1233972908,-1.78,1.815,0.20072,0.0066997,0.0000014,0.011808,0,0
621,246,30.1111158048,-1.83,1.8162,0.20064,0.0067211,0.0000012,0.012026,0,0
622,249.47,30.0986797052,-1.79,1.8154,0.20052,0.0067463,0.0000011,0.01337,0,0
623,251.64,30.0861020438,-1.7,1.8172,0.20046,0.0067744,0.0000008,0.013886,0,0
624,254.07,30.0734089243,-1.88,1.819,0.20038,0.0068074,0.0000008,0.013551,0,0
625,255.58,30.0606169124,-1.79,1.8153,0.20031,0.0068483,0.000001,0.013027,0,0
626,258.4,30.0477162191,-1.84,1.8118,0.2002,0.0069017,0.000001,0.013384,0,0
627,262.75,30.0346355618,-1.7,1.8122,0.20006,0.0069543,0.0000013,0.011859,0,0
628,266.01,30.0213638964,-1.79,1.8154,0.19997,0.0069965,0.0000015,0.012326,0,0
629,265.88,30.0080136693,-1.79,1.8141,0.19996,0.0070017,0.0000014,0.01245,0,0
630,262.75,29.9947452669,-1.75,1.811,0.20005,0.0069876,0.0000013,0.012605,0,0
631,258.14,29.9816711355,-1.75,1.8091,0.20019,0.0069665,0.0000012,0.013015,0,0
632,254.89,29.9687942869,-1.82,1.8081,0.20028,0.0069489,0.0000011,0.014153,0,0
633,252.44,29.956060506,-1.89,1.8043,0.20034,0.0069381,0.0000012,0.014932,0,0
634,252.51,29.9433864622,-1.82,1.8044,0.20034,0.006937,0.0000014,0.013573,0,0
635,253.76,29.9306792869,-1.73,1.8047,0.2003,0.0069448,0.0000013,0.013075,0,0
636,254.13,29.9179314502,-1.82,1.8022,0.20028,0.0069567,0.0000013,0.014356,0,0
637,256.6,29.9051123307,-1.72,1.804,0.20021,0.0069698,0.000001,0.014515,0,0
638,256.94,29.8922226813,-1.83,1.8001,0.20018,0.0069864,0.0000007,0.013947,0,0
639,258.78,29.8792783147,-1.83,1.8036,0.20013,0.0070028,0.0000009,0.012935,0,0
640,260.34,29.8662486096,-1.83,1.8051,0.20009,0.0070091,0.0000008,0.012029,0,0
641,259.93,29.8531900398,-1.83,1.805,0.2001,0.0070073,0.0000012,0.011517,0,0
642,257.73,29.8401969801,-1.84,1.8031,0.20016,0.0070075,0.0000013,0.012687,0,0
643,257.29,29.8272701833,-1.84,1.802,0.20017,0.0070152,0.0000012,0.014593,0,0
644,258.12,29.8143335976,-1.82,1.8027,0.20015,0.0070219,0.0000014,0.015146,0,0
645,259.35,29.8013453068,-1.81,1.8041,0.20012,0.007014,0.0000018,0.015314,0,0
646,258.7,29.7883424582,-1.81,1.8066,0.20015,0.006989,0.0000016,0.013724,0,0
647,254.99,29.7754490438,-1.89,1.8046,0.20026,0.0069588,0.0000016,0.012615,0,0
648,251.67,29.7627320797,-1.81,1.8035,0.20036,0.0069439,0.0000013,0.012916,0,0
649,251.11,29.750112502,-1.89,1.8006,0.20037,0.0069514,0.0000013,0.013886,0,0
650,253.34,29.737451008,-1.84,1.8026,0.2003,0.0069751,0.0000013,0.014165,0,0
651,256.88,29.7246446892,-1.81,1.8032,0.20019,0.007009,0.0000014,0.014563,0,0
652,260.66,29.7116546414,-1.83,1.8056,0.20008,0.0070472,0.0000013,0.015804,0,0
653,264.56,29.6984718287,-1.87,1.8054,0.19995,0.00709,0.0000013,0.015788,0,0
654,267.17,29.6851256175,-1.83,1.8023,0.19984,0.007138,0.0000011,0.014931,0,0
655,269.97,29.6716436175,-1.8,1.8039,0.19976,0.0071798,0.0000008,0.015599,0,0
656,270.73,29.6580722629,-1.81,1.803,0.19972,0.0072053,0.0000008,0.015786,0,0
657,270.64,29.6444840916,-1.84,1.8045,0.19973,0.007209,0.0000005,0.016692,0,0
658,268.88,29.6309423546,-1.85,1.8061,0.1998,0.0071889,0.0000006,0.016587,0,0
659,264.84,29.6175461952,-1.83,1.8051,0.19992,0.0071533,0.0000009,0.017038,0,0
660,260.9,29.6043503307,-1.92,1.8092,0.20007,0.0071111,0.0000008,0.017162,0,0
661,257.48,29.5913391992,-1.79,1.811,0.20019,0.0070742,0.0000007,0.017497,0,0
662,255.62,29.5784605936,-1.82,1.8118,0.20026,0.0070492,0.0000008,0.01766,0,0
663,255.08,29.5656422271,-1.86,1.8108,0.20027,0.0070361,0.0000008,0.017798,0,0
664,255.79,29.5528195936,-1.81,1.8104,0.20025,0.0070377,0.0000009,0.017554,0,0
665,257.55,29.5399349641,-1.78,1.8081,0.20018,0.0070521,0.0000008,0.01756,0,0
666,260.36,29.5269356295,-1.75,1.8104,0.2001,0.0070717,0.0000008,0.017322,0,0
667,262.79,29.5138047729,-1.87,1.8093,0.20002,0.0070871,0.0000006,0.016229,0,0
668,263.94,29.5005840598,-1.81,1.8099,0.19998,0.0070941,0.0000009,0.016862,0,0
669,263.24,29.4873520518,-1.88,1.8084,0.2,0.0070951,0.0000008,0.016377,0,0
670,262.55,29.4741549323,-1.85,1.8066,0.20001,0.0070901,0.000001,0.017213,0,0
671,261.36,29.461005,-1.84,1.8061,0.20005,0.0070719,0.000001,0.015952,0,0
672,259.32,29.4479361394,-1.88,1.8065,0.20012,0.0070428,0.0000013,0.015641,0,0
673,256.3,29.4349942829,-1.81,1.8074,0.20022,0.0070121,0.0000016,0.015175,0,0
674,253.7,29.4221934861,-1.81,1.8077,0.20031,0.0069907,0.000002,0.014661,0,0
675,252.95,29.4094767729,-1.82,1.8077,0.20033,0.0069801,0.0000021,0.01493,0,0
676,253.89,29.3967552908,-1.85,1.8084,0.20031,0.0069803,0.0000019,0.01585,0,0
677,256.1,29.383954745,-1.83,1.8128,0.20026,0.0069902,0.0000016,0.016054,0,0
678,257.83,29.3710553068,-1.74,1.8132,0.2002,0.0070062,0.0000014,0.016458,0,0
679,260.22,29.3580524582,-1.82,1.8153,0.20014,0.0070229,0.0000012,0.01599,0,0
680,261.23,29.3449642709,-1.75,1.8144,0.2001,0.0070345,0.000001,0.015361,0,0
681,262.37,29.3318221195,-1.79,1.8163,0.20007,0.0070418,0.0000013,0.015031,0,0
682,262.05,29.3186593865,-1.84,1.8144,0.20007,0.0070418,0.0000017,0.015653,0,0
683,261.78,29.3055114622,-1.72,1.8173,0.2001,0.0070305,0.0000017,0.017247,0,0
684,260.25,29.2924087171,-1.84,1.818,0.20015,0.0070143,0.0000018,0.017565,0,0
685,258.08,29.2793988406,-1.88,1.8184,0.20022,0.0069967,0.0000017,0.018668,0,0
686,256.51,29.2664828367,-1.78,1.8176,0.20027,0.0069841,0.0000017,0.018586,0,0
687,255.61,29.2536288287,-1.82,1.8135,0.20028,0.0069808,0.0000017,0.017688,0,0
688,255.55,29.2407989163,-1.86,1.8107,0.20027,0.006986,0.0000014,0.016546,0,0
689,257.28,29.2279270876,-1.8,1.8126,0.20022,0.0069922,0.0000013,0.015895,0,0
690,258.32,29.2149857331,-1.73,1.8128,0.20019,0.0069892,0.0000013,0.016126,0,0
691,257.77,29.2020320797,-1.76,1.8135,0.20021,0.0069725,0.0000013,0.015866,0,0
692,256.45,29.1891253625,-1.89,1.8167,0.20027,0.0069433,0.0000011,0.016334,0,0
693,253.33,29.1763300876,-1.82,1.8142,0.20037,0.0069064,0.0000009,0.017748,0,0
694,250.01,29.1636964542,-1.8,1.8138,0.20047,0.0068713,0.0000007,0.017923,0,0
695,248.02,29.1511960996,-1.84,1.8141,0.20054,0.0068434,0.0000012,0.017979,0,0
696,246.87,29.1387745578,-1.9,1.8116,0.20057,0.0068245,0.0000015,0.017646,0,0
697,247.22,29.1263730956,-1.81,1.8103,0.20055,0.0068167,0.0000015,0.016881,0,0
698,248.31,29.11393549,-1.8,1.8108,0.20052,0.0068207,0.0000016,0.017233,0,0
699,249.74,29.1014346335,-1.89,1.8085,0.20047,0.0068329,0.0000015,0.016998,0,0
700,251.38,29.0888567211,-1.73,1.8083,0.20041,0.0068471,0.0000013,0.01584,0,0
701,252.89,29.076199745,-1.84,1.8058,0.20035,0.0068577,0.0000011,0.015844,0,0
702,254.11,29.063474247,-1.8,1.8069,0.20032,0.0068619,0.0000011,0.016166,0,0
703,254.06,29.0507193825,-1.81,1.8106,0.20034,0.0068603,0.0000009,0.01657,0,0
704,253,29.0379923785,-1.89,1.8098,0.20037,0.0068597,0.0000011,0.016447,0,0
705,252.32,29.0253090478,-1.83,1.8107,0.20039,0.0068701,0.0000014,0.017177,0,0
706,252.89,29.0126284781,-1.85,1.8095,0.20036,0.0068981,0.0000013,0.016584,0,0
707,256.5,28.999842992,-1.94,1.8119,0.20025,0.006939,0.0000011,0.016525,0,0
708,260.86,28.9868574622,-1.75,1.8122,0.20011,0.0069868,0.000001,0.015951,0,0
709,264.74,28.9736651116,-1.99,1.8131,0.19998,0.0070349,0.0000008,0.016099,0,0
710,267.5,28.9603060996,-1.87,1.8149,0.1999,0.0070654,0.0000008,0.016131,0,0
711,267.4,28.9468803227,-1.78,1.8147,0.1999,0.0070831,0.0000012,0.014738,0,0
712,265.66,28.9335007291,-1.81,1.8129,0.19994,0.0070975,0.0000014,0.013461,0,0
713,264.47,28.9201946773,-1.83,1.8077,0.19995,0.0071149,0.0000011,0.013525,0,0
714,264.65,28.9069139761,-1.87,1.8041,0.19993,0.0071389,0.0000008,0.014154,0,0
715,265.65,28.8936036574,-1.83,1.8026,0.19988,0.0071738,0.0000007,0.014134,0,0
716,268.43,28.8801984622,-1.78,1.8041,0.1998,0.0072043,0.0000005,0.014517,0,0
717,270.23,28.8666783108,-1.87,1.8054,0.19975,0.0072132,0.0000008,0.015773,0,0
718,269.18,28.8531393347,-1.77,1.8046,0.19978,0.0071939,0.0000008,0.016512,0,0
719,265.83,28.8397107968,-1.83,1.8088,0.19991,0.0071574,0.0000009,0.016418,0,0
720,261.34,28.8264790398,-1.84,1.8091,0.20005,0.0071235,0.0000009,0.016296,0,0
721,258.66,28.813427247,-1.91,1.8103,0.20015,0.0071006,0.0000009,0.015377,0,0
722,257.64,28.8004683227,-1.73,1.8107,0.20018,0.0070915,0.0000011,0.014823,0,0
723,259.11,28.7874981036,-1.82,1.8144,0.20015,0.0070915,0.0000011,0.014384,0,0
724,261.24,28.7744375259,-1.73,1.8174,0.2001,0.0070945,0.0000012,0.014759,0,0
725,261.99,28.7613046614,-1.87,1.8158,0.20007,0.0071033,0.0000015,0.015325,0,0
726,262.43,28.7481419283,-1.81,1.8124,0.20004,0.0071238,0.0000018,0.015709,0,0
727,264.82,28.7349081633,-1.78,1.8111,0.19995,0.007151,0.0000013,0.016264,0,0
728,267.1,28.7215571833,-1.85,1.8121,0.19988,0.0071626,0.0000013,0.016623,0,0
729,267.23,28.7081457131,-1.77,1.8095,0.19987,0.0071444,0.0000015,0.016317,0,0
730,264.07,28.6948102948,-1.81,1.8115,0.19998,0.007106,0.0000018,0.015913,0,0
731,258.14,28.6817030319,-1.79,1.8089,0.20016,0.007057,0.0000021,0.015611,0,0
732,253.56,28.6688595657,-1.73,1.8062,0.2003,0.0070236,0.000002,0.016045,0,0
733,252.02,28.6561697092,-1.85,1.8033,0.20034,0.0070088,0.0000018,0.016437,0,0
734,252.26,28.6435124821,-1.87,1.8005,0.20032,0.0069999,0.0000015,0.016095,0,0
735,253.82,28.6308100757,-1.75,1.8005,0.20027,0.0069886,0.0000015,0.016377,0,0
736,253.79,28.6180692669,-1.82,1.7985,0.20027,0.0069753,0.0000016,0.016373,0,0
737,253.3,28.60534151,-1.79,1.7999,0.20029,0.0069659,0.0000015,0.016298,0,0
738,253.38,28.5926240438,-1.83,1.8023,0.2003,0.0069668,0.0000014,0.016,0,0
739,253.82,28.5798935259,-1.7,1.8009,0.20028,0.0069789,0.0000012,0.016088,0,0
740,255.51,28.5671095458,-1.69,1.7995,0.20022,0.0069954,0.0000009,0.015973,0,0
741,257.8,28.5542256693,-1.76,1.8017,0.20015,0.0070111,0.0000012,0.01631,0,0
742,258.79,28.5412594661,-1.74,1.7998,0.20011,0.0070251,0.0000015,0.01626,0,0
743,259.91,28.5282403028,-1.74,1.8017,0.20008,0.0070352,0.0000014,0.015157,0,0
744,260.48,28.5151787211,-1.83,1.8021,0.20007,0.0070386,0.0000013,0.014942,0,0
745,260.46,28.5021033347,-1.73,1.805,0.20008,0.0070341,0.0000013,0.015192,0,0
746,259.5,28.4890525458,-1.78,1.8078,0.20012,0.0070208,0.0000012,0.015309,0,0
747,257.12,28.4760855896,-1.8,1.8074,0.2002,0.0070023,0.000001,0.015007,0,0
748,254.96,28.4632325857,-1.74,1.8034,0.20025,0.0069911,0.000001,0.013422,0,0
749,254.71,28.4504400717,-1.81,1.8032,0.20026,0.0069896,0.000001,0.013467,0,0
750,254.95,28.4376478088,-1.87,1.8029,0.20025,0.0069917,0.0000009,0.013107,0,0
751,256.11,28.4248204064,-1.86,1.8032,0.20022,0.0069883,0.0000011,0.014024,0,0
752,256.27,28.4119598725,-1.85,1.8038,0.20022,0.0069768,0.0000008,0.013989,0,0
753,254.83,28.3991314661,-1.81,1.8019,0.20025,0.0069641,0.0000008,0.014547,0,0
754,253.8,28.3863650558,-1.79,1.8035,0.20029,0.006961,0.0000011,0.014254,0,0
755,253.75,28.373625753,-1.82,1.8004,0.20028,0.0069719,0.000001,0.014743,0,0
756,255.28,28.3608493028,-1.78,1.7999,0.20023,0.0069922,0.0000007,0.014909,0,0
757,257.99,28.3479664303,-1.79,1.7978,0.20013,0.0070173,0.0000008,0.016071,0,0
758,259.99,28.3349653386,-1.67,1.7987,0.20007,0.0070393,0.0000011,0.015725,0,0
759,260.88,28.3218917092,-1.77,1.7965,0.20003,0.0070532,0.0000014,0.01603,0,0
760,261.34,28.3087841952,-1.76,1.7984,0.20002,0.0070568,0.0000014,0.016144,0,0
761,260.48,28.2956867211,-1.86,1.7991,0.20005,0.0070549,0.0000012,0.015958,0,0
762,259.27,28.2826412032,-1.85,1.8003,0.20009,0.0070479,0.0000015,0.016239,0,0
763,258.82,28.2696373506,-1.77,1.8049,0.20013,0.0070339,0.0000012,0.016282,0,0
764,257.62,28.2566749124,-1.82,1.8071,0.20018,0.0070154,0.0000009,0.015852,0,0
765,256.26,28.2437767291,-1.83,1.8086,0.20023,0.0070001,0.0000009,0.016457,0,0
766,255.11,28.2309415458,-1.78,1.8087,0.20027,0.0069926,0.000001,0.016366,0,0
767,255.26,28.2181314622,-1.8,1.8092,0.20027,0.006993,0.000001,0.015887,0,0
768,256.88,28.2052769522,-1.89,1.8112,0.20022,0.007,0.0000011,0.016156,0,0
769,258.07,28.1923519124,-1.88,1.8117,0.20019,0.0070143,0.0000013,0.015343,0,0
770,259.59,28.1793588526,-1.77,1.8123,0.20014,0.0070324,0.0000013,0.015292,0,0
771,261.18,28.1662877331,-1.76,1.8102,0.20008,0.007052,0.0000012,0.01567,0,0
772,262.3,28.1531485936,-1.75,1.8084,0.20003,0.0070702,0.0000014,0.01551,0,0
773,262.6,28.1399738127,-1.76,1.8031,0.2,0.0070865,0.0000021,0.015547,0,0
774,262.78,28.1267869841,-1.76,1.802,0.19998,0.0071022,0.0000021,0.016318,0,0
775,263.03,28.1135893625,-1.95,1.8008,0.19997,0.0071177,0.000002,0.016254,0,0
776,263.78,28.1003666414,-1.87,1.8009,0.19994,0.0071266,0.0000019,0.016408,0,0
777,263.81,28.0871243426,-1.78,1.8016,0.19994,0.007125,0.000002,0.016424,0,0
778,262.14,28.0739232072,-1.82,1.7997,0.19999,0.0071153,0.0000015,0.016582,0,0
779,260.59,28.0608028924,-1.75,1.8007,0.20004,0.0071036,0.0000015,0.016613,0,0
780,258.69,28.0477691713,-1.83,1.7978,0.20009,0.0070936,0.0000016,0.016476,0,0
781,258.01,28.0348002072,-1.86,1.7947,0.2001,0.0070909,0.0000015,0.016325,0,0
782,258.54,28.021835008,-1.78,1.7967,0.20009,0.0071002,0.0000013,0.016363,0,0
783,260.33,28.0088115777,-1.81,1.7998,0.20004,0.0071172,0.0000014,0.016225,0,0
784,262.38,27.9956917649,-1.76,1.7998,0.19998,0.0071314,0.0000015,0.01658,0,0
785,263.22,27.9824994143,-1.79,1.7991,0.19995,0.0071344,0.0000017,0.016026,0,0
786,263.22,27.9692859801,-1.81,1.8005,0.19996,0.007127,0.0000017,0.015546,0,0
787,261.91,27.9561054263,-1.82,1.8025,0.20001,0.0071211,0.0000014,0.016004,0,0
788,260.71,27.9429878725,-1.9,1.8013,0.20004,0.0071257,0.0000013,0.015887,0,0
789,261.8,27.9298730797,-1.88,1.8015,0.2,0.0071416,0.0000012,0.016199,0,0
790,263.58,27.916686251,-1.84,1.804,0.19995,0.0071583,0.0000012,0.016381,0,0
791,265.59,27.9034042948,-1.77,1.8053,0.1999,0.0071677,0.0000008,0.016003,0,0
792,265.29,27.8900794183,-1.83,1.8026,0.19989,0.007164,0.0000004,0.015465,0,0
793,264.6,27.8767793904,-1.8,1.8037,0.19992,0.0071504,0.0000002,0.016351,0,0
794,262.43,27.8635511474,-1.73,1.8049,0.2,0.0071298,0.0000006,0.017148,0,0
795,260.41,27.8504280717,-1.8,1.8054,0.20007,0.0071006,0.0000007,0.016856,0,0
796,258.08,27.8374141793,-1.86,1.8079,0.20016,0.0070668,0.0000009,0.015977,0,0
797,255.06,27.8245345697,-1.77,1.8058,0.20025,0.0070377,0.0000009,0.016048,0,0
798,253.83,27.8117616335,-1.81,1.8053,0.20029,0.0070242,0.0000011,0.016191,0,0
799,254.59,27.799000494,-1.83,1.808,0.20028,0.0070254,0.0000012,0.015922,0,0
800,256.72,27.7861668167,-1.8,1.8098,0.20022,0.0070369,0.0000011,0.016613,0,0
801,259.54,27.7732088964,-1.89,1.8105,0.20013,0.0070494,0.0000008,0.017789,0,0
802,261.81,27.7601232191,-1.86,1.8141,0.20007,0.0070534,0.000001,0.01854,0,0
803,261.53,27.7469875936,-1.84,1.8116,0.20007,0.0070475,0.0000013,0.018302,0,0
804,258.91,27.733924757,-1.8,1.8078,0.20014,0.0070329,0.0000012,0.017517,0,0
805,257.74,27.7209570478,-1.74,1.8118,0.2002,0.0070072,0.0000014,0.017447,0,0
806,255.76,27.7080684024,-1.68,1.8117,0.20027,0.0069723,0.0000013,0.017092,0,0
807,253.1,27.6952962191,-1.69,1.8131,0.20036,0.0069316,0.0000011,0.017545,0,0
808,249.6,27.6826786494,-1.82,1.8127,0.20047,0.0069046,0.0000012,0.01763,0,0
809,248.65,27.6701727729,-1.82,1.8086,0.20048,0.006905,0.0000013,0.018181,0,0
810,250.49,27.6576445578,-1.86,1.8055,0.20041,0.0069322,0.0000015,0.018334,0,0
811,255.27,27.6449501833,-1.81,1.8078,0.20026,0.0069707,0.0000019,0.017941,0,0
812,260.44,27.6320060677,-1.79,1.8093,0.2001,0.0070139,0.0000019,0.017884,0,0
813,263.84,27.6188468486,-1.75,1.8097,0.19999,0.0070562,0.0000013,0.017757,0,0
814,266.49,27.6055357769,-1.85,1.8128,0.19992,0.0070867,0.0000012,0.017515,0,0
815,267.33,27.5921371076,-1.74,1.8121,0.19989,0.0071079,0.0000016,0.018263,0,0
816,267.15,27.5787218725,-1.87,1.8139,0.1999,0.0071187,0.0000017,0.018324,0,0
817,266.24,27.565333996,-1.91,1.8147,0.19993,0.0071224,0.0000018,0.018006,0,0
818,264.93,27.5520018406,-1.78,1.8148,0.19997,0.007125,0.0000015,0.016667,0,0
819,264.65,27.5387095936,-1.8,1.8144,0.19997,0.0071362,0.0000014,0.017201,0,0
820,265.11,27.5254128287,-1.85,1.8136,0.19995,0.0071569,0.0000013,0.017973,0,0
821,266.35,27.5120733944,-1.86,1.8124,0.1999,0.0071816,0.0000015,0.016969,0,0
822,267.81,27.4986661912,-1.78,1.8088,0.19984,0.0071994,0.0000014,0.016993,0,0
823,269.09,27.4851902151,-1.75,1.8085,0.1998,0.0072082,0.0000013,0.016876,0,0
824,269.05,27.4716831155,-1.87,1.811,0.19981,0.0072082,0.0000011,0.017478,0,0
825,266.75,27.458234749,-1.83,1.806,0.19986,0.007194,0.0000008,0.017421,0,0
826,264.26,27.4449066096,-1.92,1.8073,0.19995,0.0071637,0.0000011,0.016647,0,0
827,260.69,27.4317305737,-1.85,1.8079,0.20007,0.0071192,0.0000014,0.015728,0,0
828,256.23,27.4187560876,-1.8,1.8095,0.20022,0.0070659,0.0000013,0.0157,0,0
829,251.62,27.406009255,-1.8,1.8079,0.20037,0.0070126,0.0000014,0.016019,0,0
830,249.39,27.3934341036,-1.79,1.806,0.20044,0.0069725,0.0000014,0.016061,0,0
831,248.85,27.3809284781,-1.82,1.8034,0.20044,0.0069628,0.0000014,0.016517,0,0
832,250.94,27.3683839482,-1.82,1.8041,0.20038,0.0069715,0.0000013,0.015548,0,0
833,254.57,27.3556958486,-1.82,1.8051,0.20027,0.0069837,0.0000012,0.015848,0,0
834,256.77,27.3428614183,-1.9,1.8025,0.20019,0.006988,0.0000007,0.01522,0,0
835,257.47,27.3299541992,-1.72,1.8051,0.20018,0.0069868,0.0000005,0.014699,0,0
836,256.2,27.3170612869,-1.78,1.8033,0.20021,0.0069867,0.0000006,0.014684,0,0
837,255.16,27.3042263546,-1.82,1.7971,0.20022,0.0069942,0.0000011,0.016109,0,0
838,255.84,27.2914004582,-1.87,1.7954,0.20019,0.0070087,0.0000014,0.014546,0,0
839,257.23,27.2785226056,-1.74,1.7951,0.20014,0.0070292,0.000001,0.015725,0,0
840,259.58,27.2655508805,-1.83,1.7969,0.20007,0.007049,0.000001,0.015681,0,0
841,261.41,27.252474239,-1.94,1.8004,0.20002,0.0070655,0.000001,0.015871,0,0
842,261.67,27.2393451394,-1.73,1.7988,0.20001,0.0070773,0.000001,0.015419,0,0
843,262.25,27.2261949562,-1.85,1.8024,0.2,0.0070835,0.000001,0.015043,0,0
844,262.61,27.2130211793,-1.81,1.8059,0.20001,0.0070803,0.0000009,0.015488,0,0
845,261.93,27.1998554343,-1.82,1.8094,0.20005,0.0070672,0.0000012,0.015575,0,0
846,260.43,27.1867444064,-1.89,1.8144,0.20012,0.0070465,0.0000011,0.01572,0,0
847,258.25,27.173725745,-1.89,1.8173,0.2002,0.0070296,0.0000009,0.016079,0,0
848,256.96,27.1607941793,-1.86,1.8163,0.20024,0.0070275,0.0000007,0.016099,0,0
849,258.29,27.1478616096,-1.77,1.8194,0.20021,0.007038,0.0000007,0.015135,0,0
850,260.43,27.1348419442,-1.92,1.8174,0.20013,0.0070458,0.0000008,0.015349,0,0
851,261.5,27.1217417092,-1.9,1.815,0.20009,0.0070384,0.0000009,0.015659,0,0
852,260.38,27.1086427291,-1.79,1.8171,0.20014,0.0070188,0.000001,0.012391,0,0
853,257.32,27.0956486653,-1.87,1.8133,0.20022,0.0070006,0.0000007,0.011324,0,0
854,255.71,27.0827718167,-1.86,1.8128,0.20027,0.0069967,0.0000006,0.010975,0,0
855,256.03,27.0699273466,-1.94,1.8111,0.20025,0.0070075,0.0000008,0.012026,0,0
856,257.6,27.0570354382,-1.87,1.8085,0.20019,0.007027,0.0000007,0.011822,0,0
857,260.03,27.0440431315,-1.87,1.807,0.2001,0.0070537,0.0000005,0.012895,0,0
858,262.56,27.0309263307,-1.88,1.8059,0.20001,0.0070816,0.0000008,0.01159,0,0
859,264.23,27.0177041116,-1.72,1.8043,0.19995,0.0071021,0.000001,0.010258,0,0
860,265.42,27.0044101076,-1.86,1.8071,0.19993,0.0071008,0.0000012,0.008845,0,0
861,263.91,26.9911241355,-1.87,1.8095,0.19999,0.0070745,0.0000013,0.008127,0,0
862,259.7,26.9779817331,-1.89,1.8123,0.20014,0.0070321,0.0000015,0.00897,0,0
863,254.4,26.9650780279,-1.86,1.8104,0.2003,0.0069861,0.0000017,0.008785,0,0
864,250.53,26.9524044861,-1.79,1.8066,0.20041,0.006958,0.0000016,0.008506,0,0
865,250.71,26.9398235618,-1.73,1.807,0.20041,0.0069512,0.0000014,0.008155,0,0
866,251.48,26.9272187928,-1.84,1.8037,0.20037,0.0069608,0.0000015,0.006659,0,0
867,254.12,26.9145284343,-1.8,1.8023,0.20028,0.0069776,0.0000013,0.004909,0,0
868,256.56,26.9017105697,-1.79,1.8014,0.2002,0.0069899,0.000001,0.003993,0,0
869,257.53,26.8888071155,-1.88,1.8,0.20016,0.0069934,0.0000009,0.005436,0,0
870,257.26,26.8758860916,-1.85,1.7985,0.20016,0.0069886,0.0000008,0.004942,0,0
871,256.02,26.8630029681,-1.81,1.7993,0.20021,0.0069749,0.0000009,0.004386,0,0
872,254.13,26.8501984064,-1.92,1.7964,0.20025,0.0069632,0.0000008,0.003959,0,0
873,252.62,26.8374791833,-1.88,1.7955,0.2003,0.0069605,0.0000007,0.004049,0,0
874,253.15,26.8247845578,-1.92,1.7989,0.20029,0.0069675,0.0000007,0.004923,0,0
875,254.38,26.812045757,-1.8,1.7975,0.20025,0.0069773,0.0000006,0.006691,0,0
876,256.63,26.7992196096,-1.77,1.8012,0.20019,0.0069806,0.0000006,0.006326,0,0
877,257.21,26.7863224303,-1.79,1.803,0.20019,0.0069741,0.0000006,0.005864,0,0
878,255.87,26.7734443267,-1.87,1.8044,0.20024,0.0069621,0.0000009,0.006206,0,0
879,254.39,26.760637004,-1.76,1.8039,0.20028,0.0069536,0.0000011,0.005118,0,0
880,254.52,26.7478635657,-1.84,1.8076,0.20029,0.0069518,0.0000011,0.003163,0,0
881,254.51,26.7350871155,-1.85,1.8056,0.20028,0.0069517,0.0000012,0.003366,0,0
882,255.17,26.7222943506,-1.82,1.8072,0.20027,0.0069478,0.0000014,0.004689,0,0
883,255.45,26.709477992,-1.9,1.8107,0.20028,0.0069383,0.000001,0.004657,0,0
884,254.04,26.696689996,-1.86,1.807,0.20031,0.0069309,0.0000009,0.005321,0,0
885,253.39,26.6839537052,-1.86,1.806,0.20033,0.006932,0.0000011,0.009342,0,0
886,253.93,26.6712201753,-1.8,1.8065,0.20031,0.0069403,0.0000013,0.010177,0,0
887,255.11,26.6584434741,-1.82,1.8069,0.20027,0.0069506,0.0000014,0.010908,0,0
888,257.1,26.6455872072,-1.8,1.8108,0.20023,0.0069548,0.0000017,0.010425,0,0
889,257.89,26.6326611633,-1.9,1.814,0.20022,0.0069476,0.0000016,0.009565,0,0
890,256.01,26.6197624781,-1.82,1.8121,0.20027,0.0069339,0.0000017,0.008136,0,0
891,255.01,26.6069360797,-1.84,1.8164,0.20032,0.0069193,0.0000017,0.006049,0,0
892,253.84,26.5941641474,-1.8,1.8179,0.20037,0.0069122,0.0000017,0.008263,0,0
893,253.28,26.5814356375,-1.69,1.8163,0.20038,0.0069171,0.0000015,0.008588,0,0
894,254.55,26.5686893068,-1.77,1.8144,0.20033,0.006938,0.0000013,0.006686,0,0
895,257.17,26.5558453386,-1.9,1.8134,0.20023,0.0069732,0.0000011,0.007882,0,0
896,260.69,26.542847259,-1.83,1.8111,0.20011,0.0070154,0.0000013,0.006448,0,0
897,264.66,26.5296611833,-1.8,1.8146,0.2,0.0070408,0.0000014,0.00579,0,0
898,265.05,26.5163656733,-1.83,1.8143,0.19999,0.0070284,0.0000015,0.006502,0,0
899,261.48,26.5031499801,-1.81,1.8144,0.2001,0.0069925,0.0000018,0.005032,0,0
900,255.98,26.4901619402,-1.78,1.8136,0.20028,0.0069528,0.0000018,0.00495,0,0
901,251.9,26.4774143546,-1.81,1.8125,0.2004,0.0069257,0.0000014,0.005834,0,0
902,250.15,26.4648130996,-1.93,1.8118,0.20045,0.0069184,0.0000012,0.004025,0,0
903,251.97,26.4522100876,-1.77,1.8127,0.2004,0.0069298,0.0000011,0.003095,0,0
904,255.04,26.4394843386,-1.91,1.814,0.2003,0.0069588,0.0000011,0.00227,0,0
905,258.01,26.426606988,-1.79,1.8104,0.20019,0.0070005,0.0000012,0.002524,0,0
906,263.34,26.4135213108,-1.69,1.8099,0.20001,0.0070616,0.0000015,0.003642,0,0
907,268.57,26.4001705817,-1.85,1.8086,0.19983,0.0071239,0.0000015,0.002105,0,0
908,271.59,26.3866127809,-1.87,1.8067,0.19972,0.0071758,0.0000011,0.003933,0,0
909,272.93,26.3729455458,-1.78,1.8071,0.19968,0.007201,0.0000013,0.001332,0,0
910,272.24,26.359261996,-1.84,1.8098,0.19971,0.0072051,0.0000011,0.001288,0,0
911,269.95,26.345653243,-1.89,1.8116,0.19979,0.0071952,0.0000007,-0.000303,0,0
912,266.69,26.3321837928,-1.81,1.8097,0.19989,0.0071727,0.0000007,0.003733,0,0
913,263.68,26.3188717171,-1.87,1.8098,0.19999,0.0071371,0.0000011,0.001757,0,0
914,259.13,26.3057493944,-1.78,1.8072,0.20012,0.0071004,0.0000012,0.002325,0,0
915,256.34,26.2928113028,-1.77,1.8076,0.20021,0.0070688,0.0000013,0.004082,0,0
916,254.78,26.2799823944,-1.82,1.8085,0.20027,0.007043,0.0000012,0.003905,0,0
917,254.54,26.2671986653,-1.78,1.8094,0.20029,0.0070198,0.0000011,0.002872,0,0
918,254.83,26.2544136813,-1.82,1.8129,0.2003,0.0070017,0.0000008,0.003205,0,0
919,254.93,26.2416189084,-1.84,1.814,0.2003,0.0069996,0.0000009,0.002073,0,0
920,256.07,26.228793012,-1.74,1.8127,0.20026,0.0070163,0.000001,0.001914,0,0
921,259,26.2158649602,-1.82,1.813,0.20016,0.0070404,0.0000011,0.001104,0,0
922,262.4,26.2027780279,-1.84,1.8155,0.20007,0.0070583,0.000001,0.002537,0,0
923,263.44,26.1895796534,-1.85,1.8138,0.20002,0.007068,0.0000012,0.002859,0,0
924,263.76,26.1763471434,-1.88,1.8175,0.20003,0.0070725,0.0000015,0.003685,0,0
925,263.32,26.1631176454,-1.86,1.8199,0.20005,0.0070765,0.0000011,0.003499,0,0
926,263.01,26.1499069721,-1.84,1.8186,0.20006,0.0070834,0.0000012,0.001636,0,0
927,263.81,26.136684,-1.8,1.8206,0.20004,0.0070921,0.0000011,0.003518,0,0
928,264.4,26.1234261394,-1.82,1.8204,0.20002,0.0070975,0.0000008,0.002371,0,0
929,264.36,26.1101544741,-1.94,1.8196,0.20002,0.0070979,0.0000007,0.003092,0,0
930,263.4,26.0969079084,-1.79,1.8177,0.20004,0.0070919,0.0000009,0.00437,0,0
931,262.1,26.0837180677,-1.75,1.8141,0.20006,0.0070848,0.0000008,0.004734,0,0
932,261.51,26.0705756653,-1.85,1.8145,0.20009,0.0070717,0.000001,0.004767,0,0
933,260.5,26.0574734223,-1.7,1.8183,0.20014,0.0070445,0.0000011,0.006134,0,0
934,258.01,26.0444590279,-1.76,1.819,0.20022,0.007008,0.000001,0.004778,0,0
935,254.8,26.0315877012,-1.88,1.8208,0.20034,0.0069608,0.0000009,0.004419,0,0
936,251.2,26.0188873028,-1.78,1.8223,0.20047,0.0069127,0.0000006,0.004516,0,0
937,247.45,26.0063713865,-1.88,1.8188,0.20057,0.0068646,0.0000006,0.005051,0,0
938,245.71,25.9939932669,-1.77,1.8161,0.20062,0.0068337,0.0000008,0.00453,0,0
939,246.31,25.981643761,-1.8,1.8174,0.20061,0.0068204,0.0000009,0.004957,0,0
940,247.72,25.9692438048,-1.84,1.8188,0.20058,0.0068076,0.000001,0.004817,0,0
941,249.04,25.9567753267,-1.82,1.8225,0.20056,0.0067867,0.0000011,0.004704,0,0
942,248.12,25.9442968088,-1.88,1.8219,0.20059,0.006766,0.0000011,0.00647,0,0
943,246.01,25.9318943426,-1.69,1.8158,0.20063,0.0067647,0.0000009,0.005118,0,0
944,246.93,25.919521745,-1.85,1.8134,0.20058,0.0067918,0.000001,0.004985,0,0
945,251.17,25.9070196335,-1.76,1.8116,0.20044,0.0068383,0.0000012,0.004639,0,0
946,257.08,25.894262761,-1.8,1.8111,0.20024,0.0068941,0.0000013,0.004385,0,0
947,261.17,25.8812548924,-1.83,1.8111,0.20011,0.0069416,0.0000013,0.006329,0,0
948,262.99,25.8680986853,-1.74,1.8116,0.20005,0.0069711,0.000001,0.008371,0,0
949,263.16,25.8548925299,-1.93,1.8115,0.20004,0.0069903,0.0000011,0.011552,0,0
950,262.59,25.8416964143,-1.81,1.8121,0.20005,0.0070059,0.0000015,0.009976,0,0
951,262.14,25.8285259004,-1.76,1.812,0.20006,0.0070239,0.0000014,0.007701,0,0
952,262.2,25.8153651753,-1.83,1.8112,0.20005,0.007044,0.0000015,0.006453,0,0
953,263.42,25.8021723227,-1.8,1.8133,0.20002,0.0070622,0.0000012,0.007502,0,0
954,263.84,25.7889383068,-1.8,1.8114,0.2,0.007075,0.0000015,0.010873,0,0
955,263.84,25.775693749,-1.87,1.8118,0.2,0.0070781,0.0000015,0.01315,0,0
956,263.46,25.7624587291,-1.96,1.8142,0.20002,0.0070665,0.0000016,0.013298,0,0
957,261.8,25.7492749124,-1.83,1.8178,0.2001,0.0070379,0.0000018,0.013366,0,0
958,258.72,25.7362100677,-1.84,1.8202,0.20021,0.0069988,0.0000021,0.012848,0,0
959,254.49,25.7233287012,-1.8,1.8209,0.20035,0.0069571,0.0000019,0.010313,0,0
960,251.49,25.7106288048,-1.85,1.818,0.20043,0.006934,0.0000019,0.011975,0,0
961,251.35,25.6980077211,-1.81,1.8182,0.20044,0.0069329,0.0000017,0.013632,0,0
962,254.01,25.6853233865,-1.83,1.8198,0.20036,0.0069504,0.0000019,0.013515,0,0
963,257.97,25.6724728924,-1.81,1.8221,0.20024,0.0069788,0.0000019,0.012755,0,0
964,261.46,25.6594354064,-1.81,1.823,0.20014,0.007009,0.0000019,0.013822,0,0
965,264.29,25.6462392908,-1.76,1.8243,0.20005,0.007038,0.0000016,0.012576,0,0
966,265.81,25.632933992,-1.79,1.8238,0.2,0.0070598,0.0000013,0.011699,0,0
967,265.99,25.6195860239,-1.88,1.824,0.19999,0.0070745,0.0000011,0.013845,0,0
968,265.93,25.6062350438,-1.78,1.8248,0.19999,0.0070807,0.0000011,0.015092,0,0
969,264.95,25.5929101673,-1.84,1.8225,0.20001,0.007083,0.0000013,0.014131,0,0
970,264.08,25.5796317251,-1.81,1.8208,0.20003,0.0070898,0.0000014,0.013184,0,0
971,263,25.5664022271,-1.83,1.8149,0.20003,0.0071104,0.0000016,0.011142,0,0
972,264.63,25.5531589243,-1.75,1.8134,0.19997,0.0071376,0.0000017,0.010076,0,0
973,266.95,25.5398164781,-1.8,1.8127,0.19989,0.0071541,0.0000017,0.008949,0,0
974,268.11,25.5263866853,-1.77,1.8154,0.19987,0.007146,0.0000019,0.010676,0,0
975,265.7,25.5129882669,-1.81,1.8144,0.19995,0.0071151,0.0000017,0.010952,0,0
976,260.99,25.4997685578,-1.8,1.8123,0.20009,0.0070753,0.0000018,0.008029,0,0
977,255.7,25.4867998446,-1.79,1.8079,0.20024,0.0070412,0.0000018,0.00819,0,0
978,253.52,25.4740186255,-1.77,1.8046,0.2003,0.0070219,0.0000016,0.007967,0,0
979,254.3,25.4612725458,-1.91,1.8077,0.20029,0.0070069,0.0000011,0.009003,0,0
980,254.51,25.4485016175,-1.76,1.8074,0.20028,0.0069899,0.0000008,0.008873,0,0
981,254.27,25.4357314422,-1.83,1.8085,0.2003,0.0069721,0.000001,0.008243,0,0
982,253.45,25.4229878725,-1.84,1.807,0.20032,0.006959,0.0000007,0.007441,0,0
983,252.83,25.4102804462,-1.78,1.8058,0.20034,0.0069529,0.0000008,0.007207,0,0
984,252.63,25.3975936016,-1.79,1.8019,0.20033,0.0069506,0.0000011,0.008297,0,0
985,253.66,25.3848859243,-1.84,1.8005,0.20029,0.0069455,0.0000009,0.00846,0,0
986,253.97,25.3721446135,-1.76,1.8013,0.20028,0.0069382,0.0000007,0.008545,0,0
987,252.96,25.3594208725,-1.88,1.8012,0.20032,0.006932,0.0000012,0.008349,0,0
988,252.9,25.346723988,-1.84,1.8028,0.20033,0.0069271,0.0000014,0.007556,0,0
989,252.5,25.3340386494,-1.88,1.7993,0.20032,0.0069253,0.0000011,0.006733,0,0
990,252.17,25.3213716335,-1.79,1.7956,0.20032,0.0069328,0.0000011,0.006618,0,0
991,253.88,25.3086699801,-1.88,1.7972,0.20027,0.0069518,0.0000012,0.007016,0,0
992,256.18,25.2958676773,-1.82,1.799,0.2002,0.0069766,0.0000013,0.007895,0,0
993,258.7,25.2829443944,-1.92,1.8005,0.20012,0.007,0.0000012,0.008526,0,0
994,260.18,25.2699207131,-1.9,1.8011,0.20008,0.0070217,0.000001,0.008489,0,0
995,260.74,25.2568458287,-1.81,1.7994,0.20004,0.0070495,0.000001,0.007801,0,0
996,261.96,25.2437262669,-1.86,1.799,0.2,0.0070797,0.0000008,0.005872,0,0
997,264.15,25.2305211155,-1.89,1.8012,0.19994,0.0071048,0.0000009,0.005342,0,0
998,265.63,25.2172238486,-1.91,1.8026,0.1999,0.0071131,0.0000008,0.00646,0,0
999,265.27,25.2038984701,-1.83,1.8077,0.19993,0.0071058,0.0000007,0.004672,0,0
1000,262.8,25.1906441235,-1.72,1.8094,0.20002,0.0070942,0.0000011,0.005645,0,0
1001,260.02,25.1775215498,-1.81,1.8069,0.20009,0.0070943,0.0000011,0.007756,0,0
1002,259.86,25.1644727689,-1.82,1.8027,0.20007,0.0071112,0.0000014,0.00792,0,0
1003,262.48,25.151362243,-1.88,1.8033,0.19999,0.007133,0.0000016,0.00675,0,0
1004,265.13,25.1381194422,-1.86,1.8062,0.19992,0.0071421,0.0000016,0.008406,0,0
1005,266.18,25.1247837729,-1.79,1.8127,0.19992,0.0071289,0.0000018,0.009942,0,0
1006,264.47,25.1114646693,-1.83,1.8161,0.19999,0.0070984,0.0000018,0.008749,0,0
1007,260.81,25.0982803506,-1.82,1.818,0.20012,0.0070586,0.0000017,0.008165,0,0
1008,256.45,25.0852973307,-1.78,1.8172,0.20026,0.007024,0.0000016,0.008548,0,0
1009,254.07,25.0724834821,-1.88,1.8145,0.20032,0.0070045,0.0000015,0.009063,0,0
1010,254.56,25.0597170717,-1.8,1.8162,0.20032,0.0070021,0.0000015,0.009576,0,0
1011,256.4,25.0468921793,-1.79,1.8149,0.20025,0.0070096,0.0000013,0.008933,0,0
1012,258.47,25.0339691474,-1.8,1.8164,0.2002,0.007019,0.0000011,0.007847,0,0
1013,260.2,25.0209507371,-1.86,1.8164,0.20014,0.0070231,0.000001,0.008908,0,0
1014,260.4,25.0078838845,-1.9,1.816,0.20013,0.0070162,0.000001,0.009725,0,0
1015,259.41,24.9948368606,-1.82,1.8161,0.20017,0.0069918,0.0000012,0.010617,0,0
1016,256.67,24.9818834582,-1.86,1.8161,0.20026,0.0069561,0.0000013,0.01023,0,0
1017,252.29,24.9691087649,-1.86,1.812,0.20038,0.0069251,0.0000016,0.011555,0,0
1018,250.36,24.9564924502,-1.76,1.8107,0.20044,0.0069156,0.000001,0.011914,0,0
1019,250.67,24.9439167968,-1.74,1.8071,0.20041,0.0069343,0.0000008,0.01046,0,0
1020,253.69,24.9312575618,-1.76,1.8038,0.2003,0.0069726,0.0000011,0.011302,0,0
1021,259.7,24.9183716773,-1.82,1.8028,0.2001,0.0070204,0.0000014,0.009866,0,0
1022,264.89,24.9052046773,-1.83,1.8073,0.19995,0.0070588,0.0000018,0.008777,0,0
1023,265.78,24.8918850717,-1.74,1.806,0.19992,0.0070571,0.0000015,0.009585,0,0
1024,262.63,24.8786221912,-1.89,1.8068,0.20002,0.0070402,0.0000014,0.010206,0,0
1025,258.68,24.8655375179,-1.81,1.8047,0.20014,0.007029,0.0000012,0.009009,0,0
1026,256.92,24.8525961633,-1.83,1.8057,0.20019,0.007031,0.0000009,0.008918,0,0
1027,257.73,24.8396786534,-1.8,1.8065,0.20017,0.0070347,0.0000012,0.009659,0,0
1028,258.89,24.8267116972,-1.75,1.8059,0.20013,0.0070293,0.0000015,0.009806,0,0
1029,258.58,24.8137234064,-1.83,1.8068,0.20015,0.0070175,0.0000015,0.008118,0,0
1030,256.99,24.8007828048,-1.89,1.8056,0.2002,0.007007,0.0000016,0.01026,0,0
1031,256.17,24.7879026932,-1.79,1.8099,0.20024,0.0069939,0.000002,0.011511,0,0
1032,256.5,24.7750348805,-1.79,1.8141,0.20025,0.0069674,0.000002,0.012639,0,0
1033,254.54,24.7622079801,-1.93,1.8155,0.20033,0.0069302,0.0000018,0.01198,0,0
1034,251.69,24.7495018088,-1.76,1.8177,0.20043,0.0068934,0.0000015,0.012573,0,0
1035,248.45,24.736948494,-1.82,1.8141,0.20052,0.0068744,0.0000015,0.013983,0,0
1036,248.17,24.7244835299,-1.87,1.8111,0.20051,0.0068772,0.0000013,0.014685,0,0
1037,251.35,24.7119457769,-1.85,1.8149,0.20043,0.0068944,0.0000013,0.014985,0,0
1038,254.9,24.6992391036,-1.74,1.8181,0.20033,0.0069073,0.0000015,0.014563,0,0
1039,256.64,24.6863996534,-1.76,1.8178,0.20028,0.006908,0.0000016,0.014163,0,0
1040,256.13,24.6735293307,-1.64,1.8194,0.2003,0.0069077,0.0000015,0.013943,0,0
1041,255.33,24.6606918884,-1.82,1.8167,0.20031,0.0069244,0.0000013,0.013792,0,0
1042,255.6,24.647867749,-1.9,1.8096,0.20026,0.0069581,0.0000012,0.013479,0,0
1043,259.61,24.6349361833,-1.87,1.8104,0.20014,0.0070002,0.000001,0.013474,0,0
1044,262.94,24.6218203865,-1.79,1.8066,0.20001,0.0070462,0.0000012,0.013008,0,0
1045,266.44,24.6085331594,-1.86,1.81,0.19991,0.0070909,0.0000011,0.012997,0,0
1046,268.2,24.5951139084,-1.83,1.8097,0.19985,0.0071206,0.0000009,0.012844,0,0
1047,268.31,24.5816477211,-1.87,1.808,0.19983,0.0071371,0.000001,0.013109,0,0
1048,267.29,24.5682043745,-1.75,1.8086,0.19986,0.0071414,0.0000008,0.014334,0,0
1049,266.73,24.5548006853,-1.85,1.8147,0.19991,0.0071338,0.0000006,0.014573,0,0
1050,264.23,24.5414738008,-1.88,1.8132,0.19998,0.0071219,0.0000008,0.014341,0,0
1051,262,24.5282656375,-1.86,1.8115,0.20005,0.0071169,0.0000009,0.013416,0,0
1052,261.69,24.5151212271,-1.78,1.813,0.20006,0.0071217,0.0000008,0.011638,0,0
1053,262.86,24.5019552311,-1.82,1.8107,0.20001,0.0071305,0.0000008,0.011276,0,0
1054,264.1,24.488728745,-1.77,1.8137,0.19999,0.0071306,0.0000009,0.010268,0,0
1055,264.56,24.4754595896,-1.72,1.8143,0.19998,0.0071185,0.0000012,0.010117,0,0
1056,262.62,24.4622275817,-1.86,1.8125,0.20003,0.0071013,0.0000014,0.010093,0,0
1057,260.22,24.449104506,-1.84,1.8127,0.20011,0.0070839,0.0000013,0.011588,0,0
1058,258.46,24.4360858446,-1.83,1.8103,0.20016,0.0070671,0.000001,0.012687,0,0
1059,257.96,24.4231239084,-1.82,1.8113,0.20018,0.0070443,0.0000012,0.012488,0,0
1060,256.52,24.4102106653,-1.9,1.8126,0.20024,0.0070127,0.0000016,0.011861,0,0
1061,254.72,24.397378745,-1.75,1.8138,0.20031,0.0069739,0.0000017,0.01154,0,0
1062,251.11,24.3846826135,-1.85,1.8144,0.20043,0.0069252,0.000002,0.011424,0,0
1063,248.44,24.3721441076,-1.77,1.8189,0.20054,0.006868,0.0000021,0.010589,0,0
1064,244.44,24.3597730159,-1.85,1.8164,0.20066,0.0068199,0.0000016,0.009934,0,0
1065,243.05,24.3475372112,-1.8,1.8164,0.20071,0.0067916,0.0000015,0.009506,0,0
1066,244.09,24.3353101912,-1.95,1.8166,0.20068,0.0067932,0.0000016,0.010498,0,0
1067,246.93,24.3229857849,-1.82,1.815,0.20058,0.0068087,0.0000017,0.010925,0,0
1068,250.48,24.310500992,-1.83,1.8159,0.20047,0.0068266,0.0000014,0.010491,0,0
1069,253.44,24.2978528008,-1.88,1.816,0.20038,0.0068441,0.0000013,0.010408,0,0
1070,254.45,24.2851049641,-1.9,1.8143,0.20034,0.0068628,0.0000015,0.010556,0,0
1071,255.71,24.2723001514,-1.85,1.8145,0.2003,0.0068828,0.0000014,0.011058,0,0
1072,257.08,24.2594293267,-1.81,1.8176,0.20027,0.0068971,0.0000014,0.009507,0,0
1073,257.53,24.2465128207,-1.86,1.8177,0.20025,0.0069108,0.000001,0.009213,0,0
1074,257.63,24.23358251,-1.8,1.8164,0.20024,0.006933,0.0000009,0.008435,0,0
1075,259.06,24.2206137968,-1.83,1.8164,0.20019,0.0069678,0.0000007,0.010045,0,0
1076,261.88,24.2075384104,-1.83,1.8157,0.20009,0.0070044,0.0000008,0.009819,0,0
1077,264.38,24.194329494,-1.83,1.8161,0.20001,0.007036,0.0000008,0.010354,0,0
1078,266.04,24.1810161633,-1.85,1.8186,0.19997,0.0070545,0.0000008,0.012576,0,0
1079,265.81,24.1676669402,-1.79,1.8195,0.19998,0.0070615,0.0000012,0.012376,0,0
1080,264.82,24.1543483386,-1.78,1.8199,0.20001,0.0070573,0.0000012,0.011161,0,0
1081,262.47,24.1411135697,-1.86,1.8198,0.20008,0.0070503,0.0000013,0.010931,0,0
1082,260.29,24.127992502,-1.86,1.8147,0.20012,0.0070509,0.0000016,0.012489,0,0
1083,259.76,24.1149394542,-1.74,1.8097,0.20012,0.0070612,0.0000015,0.012046,0,0
1084,261.65,24.1018522709,-1.77,1.8131,0.20007,0.0070721,0.0000016,0.011276,0,0
1085,262.53,24.0886955618,-1.83,1.8123,0.20004,0.0070758,0.0000017,0.010585,0,0
1086,262.27,24.0755232908,-1.84,1.8123,0.20005,0.0070723,0.0000017,0.01027,0,0
1087,261.13,24.0623861594,-1.87,1.8117,0.20008,0.0070667,0.0000016,0.01109,0,0
1088,260.18,24.0493014861,-1.86,1.8112,0.20011,0.0070681,0.0000014,0.009772,0,0
1089,260.69,24.0362278566,-1.73,1.813,0.2001,0.0070729,0.0000013,0.008749,0,0
1090,260.96,24.0231346494,-1.81,1.8116,0.20009,0.0070727,0.0000012,0.008511,0,0
1091,260.81,24.0100384303,-1.82,1.8105,0.20009,0.0070706,0.0000014,0.008288,0,0
1092,260.34,23.9969577729,-1.92,1.8076,0.20009,0.0070751,0.0000013,0.008985,0,0
1093,260.96,23.9838733506,-1.9,1.8066,0.20006,0.0070864,0.0000013,0.010086,0,0
1094,261.44,23.9707613187,-1.83,1.8041,0.20003,0.0070889,0.0000016,0.011857,0,0
1095,261.54,23.9576347291,-1.78,1.8045,0.20004,0.0070732,0.0000016,0.012365,0,0
1096,259.69,23.9445520637,-1.8,1.8072,0.20011,0.0070437,0.0000013,0.011824,0,0
1097,256.9,23.9315858606,-1.83,1.81,0.20022,0.0070002,0.0000012,0.011264,0,0
1098,252.75,23.9187938486,-1.83,1.8095,0.20035,0.0069593,0.0000009,0.010898,0,0
1099,249.12,23.9061971116,-1.76,1.8013,0.20043,0.0069413,0.0000008,0.010328,0,0
1100,249.4,23.8936844582,-1.84,1.8024,0.20042,0.0069529,0.0000009,0.010599,0,0
1101,253.45,23.8810631235,-1.86,1.8055,0.20031,0.0069854,0.0000012,0.011988,0,0
1102,258.22,23.8682204104,-1.78,1.8042,0.20015,0.0070254,0.0000008,0.012562,0,0
1103,263.1,23.8551354861,-1.8,1.8064,0.2,0.0070647,0.0000004,0.013305,0,0
1104,265.17,23.8418761195,-1.68,1.805,0.19992,0.007101,0.0000005,0.012626,0,0
1105,266.31,23.8285361833,-1.73,1.8015,0.19986,0.0071403,0.0000006,0.012956,0,0
1106,268.19,23.8151204462,-1.82,1.8011,0.1998,0.007177,0.0000005,0.012016,0,0
1107,269.92,23.8016140996,-1.82,1.8016,0.19974,0.0071963,0.0000007,0.011154,0,0
1108,268.68,23.7880954542,-1.87,1.7992,0.19977,0.0071997,0.0000007,0.012132,0,0
1109,267.56,23.7746360438,-1.83,1.8034,0.19982,0.0071959,0.0000004,0.01284,0,0
1110,265.72,23.7612509283,-1.88,1.8041,0.19988,0.007191,0.0000006,0.012482,0,0
1111,263.95,23.7479564223,-1.74,1.8004,0.19992,0.0071824,0.0000007,0.012607,0,0
1112,264.06,23.7347035817,-1.79,1.8061,0.19995,0.0071665,0.0000005,0.01251,0,0
1113,262.26,23.7214931594,-1.79,1.8065,0.20001,0.0071474,0.0000006,0.012714,0,0
1114,260.87,23.7083628048,-1.78,1.8065,0.20005,0.0071328,0.0000006,0.011321,0,0
1115,260.91,23.6952663347,-1.74,1.8112,0.20008,0.0071218,0.000001,0.012791,0,0
1116,260.21,23.6821864303,-1.81,1.8083,0.20009,0.0071105,0.0000012,0.012026,0,0
1117,260.8,23.6691092869,-1.69,1.811,0.20008,0.0070939,0.000001,0.011702,0,0
1118,259.6,23.6560474542,-1.75,1.813,0.20013,0.0070693,0.0000007,0.013143,0,0
1119,256.95,23.643082255,-1.88,1.8098,0.20021,0.007045,0.000001,0.012201,0,0
1120,255.68,23.6302154462,-1.69,1.8072,0.20024,0.0070348,0.0000013,0.011697,0,0
1121,256.14,23.6173689681,-1.87,1.8104,0.20023,0.0070392,0.0000013,0.011742,0,0
1122,258.1,23.604461749,-1.82,1.8113,0.20018,0.0070467,0.0000016,0.012465,0,0
1123,260,23.5914576454,-1.84,1.8119,0.20012,0.007052,0.0000018,0.013255,0,0
1124,260.7,23.5783882829,-1.82,1.8117,0.2001,0.0070594,0.0000018,0.012179,0,0
1125,260.77,23.5652995936,-1.85,1.8089,0.20008,0.0070754,0.0000018,0.011235,0,0
1126,262.64,23.5521622112,-1.78,1.8124,0.20003,0.0070981,0.0000021,0.010647,0,0
1127,264.27,23.5389369801,-1.79,1.8085,0.19996,0.0071192,0.000002,0.011441,0,0
1128,265.91,23.5256296733,-1.85,1.8099,0.19992,0.007127,0.000002,0.013063,0,0
1129,265.75,23.5122852191,-1.76,1.8126,0.19993,0.0071204,0.0000016,0.013162,0,0
1130,263.98,23.4989892072,-1.73,1.8135,0.19999,0.0071049,0.0000014,0.013827,0,0
1131,260.94,23.4858139243,-1.75,1.8104,0.20008,0.0070895,0.0000016,0.014726,0,0
1132,259.16,23.4727596215,-1.78,1.8098,0.20013,0.0070787,0.0000018,0.01547,0,0
1133,258.93,23.4597557689,-1.79,1.8104,0.20014,0.0070726,0.0000016,0.014807,0,0
1134,259.33,23.4467476494,-1.85,1.8109,0.20013,0.0070694,0.0000017,0.013244,0,0
1135,259.39,23.4337279841,-1.89,1.8108,0.20013,0.0070605,0.0000013,0.012244,0,0
1136,259,23.4207166016,-1.8,1.8125,0.20016,0.0070428,0.0000012,0.012164,0,0
1137,257.73,23.4077468845,-1.87,1.8131,0.2002,0.0070171,0.0000008,0.011749,0,0
1138,255.55,23.394863761,-1.79,1.8118,0.20027,0.0069897,0.0000006,0.011993,0,0
1139,254.08,23.382072251,-1.79,1.812,0.20032,0.0069651,0.0000005,0.012722,0,0
1140,252.29,23.3693625657,-1.83,1.8092,0.20037,0.006951,0.0000005,0.01191,0,0
1141,252.79,23.356685259,-1.8,1.8117,0.20036,0.006941,0.0000005,0.011863,0,0
1142,253.08,23.3439881235,-1.8,1.8101,0.20035,0.0069284,0.0000005,0.01227,0,0
1143,252.63,23.331295004,-1.87,1.8067,0.20035,0.0069151,0.0000003,0.012802,0,0
1144,251.81,23.318633761,-1.85,1.805,0.20037,0.0069128,0.0000002,0.013989,0,0
1145,252.02,23.3059878287,-1.9,1.8047,0.20036,0.006929,0.0000002,0.014927,0,0
1146,254.01,23.2932866773,-1.75,1.8011,0.20028,0.0069588,0.0000004,0.015889,0,0
1147,257.2,23.28045551,-1.77,1.7978,0.20016,0.006996,0.0000003,0.016222,0,0
1148,260.64,23.2674579323,-1.93,1.7986,0.20004,0.0070385,0.0000002,0.016953,0,0
1149,263.55,23.2543009721,-1.82,1.799,0.19995,0.0070813,0.0000006,0.016364,0,0
1150,266.12,23.2410064661,-1.81,1.8008,0.19987,0.0071156,0.0000009,0.015774,0,0
1151,266.46,23.2276389203,-1.75,1.7967,0.19984,0.0071438,0.0000009,0.015381,0,0
1152,267.08,23.2142472789,-1.83,1.7978,0.19982,0.0071654,0.0000011,0.0154,0,0
1153,267.1,23.2008395737,-1.75,1.8001,0.19982,0.0071746,0.0000012,0.016161,0,0
1154,265.97,23.1874597291,-1.79,1.7978,0.19985,0.0071746,0.0000013,0.017053,0,0
1155,264.06,23.1741561873,-1.84,1.7969,0.1999,0.007172,0.0000013,0.016203,0,0
1156,263.42,23.1609166494,-1.83,1.7997,0.19994,0.0071686,0.0000011,0.01594,0,0
1157,263.03,23.1477029641,-1.85,1.8007,0.19996,0.0071576,0.0000011,0.016758,0,0
1158,261.91,23.1345271793,-1.79,1.8025,0.2,0.0071344,0.0000012,0.017948,0,0
1159,260.36,23.1214184104,-1.78,1.805,0.20007,0.0071013,0.0000011,0.017492,0,0
1160,256.67,23.1084411633,-1.87,1.8008,0.20017,0.0070653,0.0000007,0.018227,0,0
1161,254.38,23.095614012,-1.84,1.8044,0.20026,0.007024,0.0000009,0.018635,0,0
1162,251.88,23.0829070876,-1.83,1.8071,0.20036,0.0069795,0.0000012,0.017585,0,0
1163,249.93,23.0703118566,-1.79,1.8082,0.20043,0.006943,0.0000015,0.017851,0,0
1164,249.48,23.0577768645,-1.82,1.8104,0.20046,0.0069174,0.0000016,0.017902,0,0
1165,249.67,23.0452483984,-1.8,1.8136,0.20047,0.0069013,0.0000015,0.019256,0,0
1166,249.69,23.0327146614,-1.91,1.8115,0.20046,0.0068968,0.0000018,0.019461,0,0
1167,252.02,23.0201219402,-1.82,1.8168,0.20041,0.0069079,0.0000019,0.019054,0,0
1168,254.42,23.007410498,-1.92,1.8151,0.20033,0.0069374,0.0000016,0.01895,0,0
1169,257.43,22.9945632669,-1.83,1.8111,0.20021,0.0069811,0.0000017,0.018819,0,0
1170,262.8,22.9815057012,-1.74,1.8136,0.20004,0.0070349,0.0000017,0.020074,0,0
1171,267.27,22.9682011554,-1.87,1.8108,0.19988,0.0070988,0.0000013,0.019686,0,0
1172,270.79,22.9546960637,-1.78,1.8099,0.19976,0.0071622,0.0000008,0.019929,0,0
1173,273.4,22.9410371116,-1.8,1.8066,0.19965,0.0072142,0.0000006,0.019941,0,0
1174,274.88,22.927275502,-1.84,1.8087,0.19961,0.007237,0.0000005,0.020573,0,0
1175,273.49,22.9135116335,-1.77,1.809,0.19966,0.0072331,0.0000006,0.020953,0,0
1176,269.49,22.8998830518,-1.87,1.8069,0.19977,0.0072127,0.0000008,0.020472,0,0
1177,265.33,22.8864592829,-1.8,1.804,0.19989,0.0071882,0.0000009,0.020465,0,0
1178,261.96,22.8732245139,-1.76,1.8036,0.2,0.0071691,0.0000009,0.020287,0,0
1179,260.71,22.8601057052,-1.74,1.8042,0.20004,0.0071548,0.0000012,0.021096,0,0
1180,260.39,22.8470263028,-1.77,1.8045,0.20006,0.00714,0.0000011,0.021191,0,0
1181,260.38,22.8339551833,-1.79,1.8055,0.20007,0.007118,0.0000011,0.020722,0,0
1182,259.02,22.8209184502,-1.76,1.804,0.20011,0.0070926,0.0000011,0.020459,0,0
1183,257.24,22.8079605299,-1.85,1.8067,0.20018,0.0070678,0.0000012,0.019496,0,0
1184,255.55,22.7950897052,-1.87,1.8058,0.20023,0.0070542,0.0000014,0.017054,0,0
1185,255.69,22.7822577849,-1.8,1.8024,0.20021,0.0070618,0.0000016,0.018167,0,0
1186,257.98,22.7693648725,-1.83,1.8037,0.20014,0.0070894,0.0000014,0.017046,0,0
1187,261.96,22.7563145857,-1.88,1.8034,0.20001,0.0071269,0.0000013,0.016681,0,0
1188,265.73,22.7430697769,-1.79,1.8016,0.19988,0.0071598,0.0000012,0.017321,0,0
1189,268.24,22.7296673426,-1.82,1.8023,0.1998,0.0071785,0.0000012,0.017957,0,0
1190,268.14,22.7162044183,-1.79,1.8025,0.1998,0.0071771,0.0000015,0.018465,0,0
1191,266.23,22.7027919442,-1.74,1.8043,0.19987,0.0071616,0.0000016,0.018234,0,0
1192,263.25,22.6895022072,-1.84,1.8063,0.19997,0.0071455,0.0000017,0.018804,0,0
1193,261.1,22.6763412311,-1.79,1.8063,0.20004,0.0071405,0.0000018,0.018677,0,0
1194,260.84,22.663240745,-1.81,1.8038,0.20004,0.007151,0.000002,0.017766,0,0
1195,262.68,22.6501006016,-1.74,1.8064,0.19999,0.0071691,0.0000018,0.017423,0,0
1196,264.89,22.6368588048,-1.85,1.8055,0.19991,0.0071907,0.0000019,0.016467,0,0
1197,267.51,22.6234957769,-1.92,1.8085,0.19984,0.0072142,0.0000016,0.016607,0,0
1198,269.35,22.6100208048,-1.8,1.8085,0.19978,0.0072398,0.0000015,0.01707,0,0
1199,269.85,22.5964870996,-1.68,1.8038,0.19974,0.0072738,0.0000017,0.016181,0,0
1200,272.4,22.5828768406,-1.8,1.8053,0.19966,0.0073136,0.0000016,0.016043,0,0
1201,275.69,22.56912,-1.84,1.8053,0.19955,0.0073591,0.0000014,0.016395,0,0
1202,277.29,22.5552404223,-1.86,1.802,0.19948,0.0073822,0.0000014,0.016209,0,0
1203,277.26,22.5413214382,-1.78,1.8024,0.19948,0.0073806,0.0000011,0.016417,0,0
1204,274.99,22.5274601833,-1.87,1.8051,0.19957,0.0073638,0.0000009,0.017727,0,0
1205,271.05,22.5137547968,-1.88,1.8023,0.19968,0.0073417,0.0000014,0.018403,0,0
1206,268.73,22.5002065339,-1.76,1.8058,0.19977,0.007317,0.0000012,0.018436,0,0
1207,266.59,22.4867702151,-1.83,1.8048,0.19984,0.0072872,0.0000011,0.019123,0,0
1208,264.64,22.4734365538,-1.83,1.8065,0.19991,0.0072535,0.0000006,0.018468,0,0
1209,263,22.460193,-1.82,1.8103,0.19999,0.007219,0.0000004,0.017568,0,0
1210,261.42,22.4470302669,-1.77,1.8116,0.20005,0.0071854,0.0000004,0.016761,0,0
1211,260,22.4339428327,-1.89,1.813,0.2001,0.0071539,0.0000004,0.017121,0,0
1212,259.01,22.4209158884,-1.84,1.814,0.20014,0.007127,0.0000003,0.01731,0,0
1213,258.89,22.4079168048,-1.85,1.8158,0.20016,0.0071072,0.0000008,0.018028,0,0
1214,258.84,22.394921988,-1.88,1.8173,0.20017,0.0070906,0.0000012,0.017155,0,0
1215,259.07,22.3819226534,-1.86,1.8193,0.20018,0.0070699,0.000001,0.018039,0,0
1216,257.98,22.3689449044,-1.72,1.8162,0.2002,0.0070416,0.0000013,0.01812,0,0
1217,256.07,22.3560424542,-1.92,1.8155,0.20026,0.0070077,0.0000014,0.018712,0,0
1218,254.41,22.3432296096,-1.78,1.8148,0.20032,0.0069794,0.0000011,0.019015,0,0
1219,252.39,22.3305091315,-1.76,1.814,0.20038,0.0069609,0.000001,0.020497,0,0
1220,252.37,22.3178398566,-1.88,1.8115,0.20037,0.0069473,0.0000008,0.021046,0,0
1221,253.02,22.3051547689,-1.76,1.8127,0.20036,0.0069259,0.0000008,0.020895,0,0
1222,252.31,22.2924711873,-1.76,1.8136,0.20039,0.0068972,0.0000009,0.021745,0,0
1223,249.57,22.2798741992,-1.84,1.8103,0.20047,0.0068698,0.000001,0.022111,0,0
1224,247.79,22.2673906614,-1.84,1.8095,0.20052,0.0068555,0.000001,0.021505,0,0
1225,247.56,22.2549575737,-1.76,1.8063,0.20051,0.0068593,0.0000012,0.021342,0,0
1226,249.8,22.2424740359,-1.89,1.8043,0.20043,0.0068817,0.0000013,0.020963,0,0
1227,252.65,22.229862741,-1.76,1.8016,0.20033,0.0069165,0.0000012,0.021543,0,0
1228,255.95,22.2170970837,-1.89,1.7975,0.2002,0.006958,0.0000014,0.022646,0,0
1229,259.55,22.204158239,-1.78,1.7969,0.20008,0.0070022,0.0000013,0.02124,0,0
1230,262.32,22.19105951,-1.87,1.7982,0.19999,0.0070305,0.0000017,0.022153,0,0
1231,263.1,22.1778716773,-1.8,1.7994,0.19997,0.0070405,0.0000017,0.021619,0,0
1232,261.67,22.1647001594,-1.86,1.8028,0.20003,0.0070303,0.0000016,0.020608,0,0
1233,258.47,22.1516448526,-1.87,1.8038,0.20014,0.0070137,0.0000015,0.02142,0,0
1234,255.57,22.1387426534,-1.85,1.8027,0.20022,0.0070058,0.0000014,0.02149,0,0
1235,255.31,22.1259197689,-1.83,1.8045,0.20024,0.0070133,0.0000016,0.021338,0,0
1236,257.11,22.1130582311,-1.88,1.8066,0.20019,0.0070324,0.0000016,0.020887,0,0
1237,260.17,22.1000747092,-1.75,1.8098,0.2001,0.0070584,0.0000018,0.021131,0,0
1238,263.18,22.0869388327,-1.88,1.8135,0.20002,0.007087,0.0000019,0.021701,0,0
1239,265.07,22.0736799681,-1.78,1.8134,0.19996,0.0071165,0.0000017,0.022014,0,0
1240,266.46,22.0603387769,-1.83,1.8103,0.19989,0.0071444,0.0000017,0.022314,0,0
1241,267.67,22.0469323267,-1.81,1.8081,0.19984,0.0071671,0.0000017,0.023146,0,0
1242,267.6,22.0334972629,-1.94,1.8035,0.19982,0.0071802,0.0000016,0.023353,0,0
1243,266.57,22.0200898088,-1.82,1.8022,0.19985,0.0071784,0.0000013,0.023587,0,0
1244,264.8,22.0067526335,-1.93,1.8013,0.1999,0.0071632,0.0000012,0.023715,0,0
1245,262.44,21.9935191195,-1.83,1.8023,0.19998,0.0071392,0.000001,0.022387,0,0
1246,259.74,21.9804126096,-1.87,1.8014,0.20007,0.0071077,0.0000011,0.02275,0,0
1247,257.38,21.9674331036,-1.78,1.8028,0.20015,0.0070697,0.0000012,0.023068,0,0
1248,254.36,21.9545886335,-1.88,1.8051,0.20027,0.0070182,0.0000012,0.021327,0,0
1249,250.47,21.9419176016,-1.84,1.8078,0.20041,0.0069564,0.0000007,0.021354,0,0
1250,247.5,21.929418753,-1.87,1.8134,0.20053,0.0069041,0.0000007,0.022481,0,0
1251,245.77,21.9170378725,-1.88,1.8171,0.20061,0.0068688,0.0000009,0.022719,0,0
1252,246.48,21.9046825936,-1.86,1.8188,0.2006,0.0068651,0.0000012,0.023068,0,0
1253,250.02,21.8922206414,-1.85,1.824,0.20051,0.0068815,0.0000013,0.021841,0,0
1254,254.35,21.8795611554,-1.87,1.825,0.20037,0.0069052,0.0000013,0.021368,0,0
1255,257.79,21.8667066454,-1.84,1.8226,0.20026,0.0069228,0.0000012,0.021703,0,0
1256,259.78,21.8537158446,-1.84,1.8276,0.20022,0.006928,0.0000014,0.02247,0,0
1257,258.8,21.8406996932,-1.86,1.8277,0.20025,0.0069324,0.0000011,0.022503,0,0
1258,257.54,21.8277397649,-1.89,1.8245,0.20027,0.0069426,0.0000008,0.022248,0,0
1259,258.08,21.8147979084,-1.82,1.8236,0.20025,0.006956,0.0000008,0.024052,0,0
1260,258.46,21.8018329602,-1.86,1.8203,0.20022,0.0069664,0.0000009,0.023584,0,0
1261,259.49,21.7888326215,-1.81,1.8196,0.20018,0.0069719,0.0000007,0.023046,0,0
1262,259.63,21.7758029163,-1.82,1.8222,0.20019,0.0069733,0.0000007,0.024021,0,0
1263,258.12,21.7628075976,-1.81,1.8181,0.20022,0.0069736,0.0000008,0.022935,0,0
1264,257.69,21.7498609721,-1.84,1.8173,0.20023,0.0069749,0.000001,0.022906,0,0
1265,258.23,21.7369115857,-1.74,1.8206,0.20022,0.0069765,0.0000012,0.022784,0,0
1266,257.33,21.7239712351,-1.82,1.8145,0.20022,0.0069825,0.0000013,0.023266,0,0
1267,258.37,21.7110273705,-1.82,1.8178,0.2002,0.0069942,0.0000013,0.024025,0,0
1268,259.5,21.6980290398,-1.85,1.8181,0.20017,0.0070076,0.0000016,0.024095,0,0
1269,260.59,21.684974988,-1.84,1.8168,0.20013,0.0070172,0.0000014,0.023672,0,0
1270,261.33,21.671875004,-1.92,1.8175,0.20011,0.0070265,0.0000012,0.024441,0,0
1271,260.83,21.658768996,-1.75,1.8159,0.20011,0.0070426,0.000001,0.023889,0,0
1272,262.18,21.6456416534,-1.89,1.8155,0.20006,0.0070641,0.0000009,0.022482,0,0
1273,263.41,21.6324495538,-1.76,1.8148,0.20002,0.0070866,0.000001,0.021332,0,0
1274,265.62,21.6191711116,-1.89,1.8183,0.19996,0.0071102,0.000001,0.021951,0,0
1275,266.66,21.6058110956,-1.84,1.8176,0.19992,0.0071381,0.0000009,0.020813,0,0
1276,268.18,21.5923868247,-1.76,1.8189,0.19988,0.0071657,0.0000009,0.022712,0,0
1277,268.47,21.5789171235,-1.78,1.8122,0.19983,0.0071884,0.000001,0.024317,0,0
1278,268.91,21.5654290996,-1.84,1.8083,0.1998,0.0071954,0.0000011,0.023398,0,0
1279,268.67,21.5519360558,-1.77,1.8112,0.19982,0.0071783,0.0000013,0.023421,0,0
1280,265.43,21.5385303586,-1.83,1.81,0.19992,0.0071427,0.0000015,0.023266,0,0
1281,259.4,21.5253573347,-1.85,1.8077,0.20011,0.0070953,0.0000015,0.022998,0,0
1282,253.59,21.51248149,-1.84,1.8052,0.20029,0.0070474,0.0000013,0.02307,0,0
1283,250.92,21.49981849,-1.77,1.8041,0.20037,0.0070048,0.0000014,0.023369,0,0
1284,249.68,21.4872536295,-1.89,1.7986,0.20039,0.0069878,0.0000014,0.023362,0,0
1285,250.65,21.4746955458,-1.88,1.798,0.20036,0.0069788,0.0000014,0.022017,0,0
1286,251.44,21.4620932869,-1.83,1.7972,0.20033,0.0069759,0.0000013,0.023938,0,0
1287,253.15,21.4494282789,-1.83,1.7987,0.20028,0.0069805,0.0000013,0.024004,0,0
1288,255.16,21.4366699004,-1.9,1.8038,0.20024,0.0069944,0.0000016,0.02356,0,0
1289,257.18,21.4238103705,-1.84,1.8052,0.20018,0.0070176,0.0000016,0.023263,0,0
1290,259.69,21.4108371394,-1.92,1.8049,0.2001,0.0070437,0.0000016,0.022041,0,0
1291,262.16,21.3977389124,-1.86,1.8059,0.20002,0.0070705,0.000002,0.022897,0,0
1292,263.82,21.3845370239,-1.77,1.8077,0.19997,0.0070988,0.0000018,0.023688,0,0
1293,265.6,21.3712487928,-1.84,1.8088,0.19992,0.0071299,0.0000018,0.023723,0,0
1294,267.49,21.3578684462,-1.75,1.8125,0.19987,0.0071548,0.0000019,0.02302,0,0
1295,268.47,21.3444160637,-1.82,1.8135,0.19984,0.0071672,0.0000021,0.023258,0,0
1296,268.05,21.3309496255,-1.82,1.8138,0.19985,0.007169,0.000002,0.022355,0,0
1297,267.01,21.3175198327,-1.82,1.8155,0.1999,0.0071606,0.0000019,0.022595,0,0
1298,265.12,21.3041635817,-1.93,1.8151,0.19995,0.0071457,0.0000019,0.022226,0,0
1299,262.55,21.2909192749,-1.78,1.8127,0.20003,0.0071266,0.0000019,0.023033,0,0
1300,260.78,21.2777839004,-1.76,1.8121,0.20008,0.007113,0.0000018,0.023409,0,0
1301,260.02,21.2647120279,-1.88,1.8146,0.20012,0.0071089,0.0000014,0.02354,0,0
1302,260.68,21.2516426653,-1.91,1.8127,0.20009,0.0071132,0.0000014,0.023158,0,0
1303,261.74,21.2385301315,-1.81,1.8125,0.20005,0.0071236,0.0000012,0.023978,0,0
1304,263.26,21.2253528406,-1.86,1.8116,0.2,0.0071404,0.0000009,0.023915,0,0
1305,264.69,21.212101506,-1.86,1.8108,0.19994,0.0071608,0.0000008,0.024784,0,0
1306,266.13,21.1987781355,-1.86,1.8088,0.19989,0.0071777,0.0000012,0.024187,0,0
1307,267.43,21.185385992,-1.87,1.8108,0.19986,0.0071848,0.0000013,0.023959,0,0
1308,266.66,21.1719805458,-1.87,1.8109,0.19988,0.0071858,0.0000013,0.022963,0,0
1309,265.57,21.1586217849,-1.95,1.8103,0.19991,0.0071841,0.0000014,0.023211,0,0
1310,265.04,21.1453036853,-1.9,1.8116,0.19993,0.0071795,0.0000013,0.024192,0,0
1311,264.22,21.1320194701,-1.76,1.8097,0.19995,0.0071744,0.0000011,0.023757,0,0
1312,263.55,21.1187726534,-1.86,1.8094,0.19997,0.007173,0.000001,0.023996,0,0
1313,263.4,21.1055464183,-1.83,1.8062,0.19996,0.0071744,0.0000009,0.023401,0,0
1314,263.74,21.0923154143,-1.86,1.8038,0.19994,0.0071714,0.0000011,0.023301,0,0
1315,263.59,21.0790796414,-1.78,1.8048,0.19995,0.0071624,0.000001,0.02319,0,0
1316,262.67,21.0658707251,-1.83,1.8056,0.19999,0.0071448,0.0000015,0.023204,0,0
1317,260.36,21.0527428805,-1.77,1.8021,0.20005,0.0071179,0.0000015,0.022959,0,0
1318,257.83,21.0397365179,-1.88,1.7977,0.20011,0.0070872,0.0000016,0.022656,0,0
1319,255.09,21.0268624303,-1.81,1.7975,0.2002,0.0070576,0.0000016,0.024057,0,0
1320,253.65,21.014093259,-1.7,1.7983,0.20025,0.0070363,0.0000015,0.024342,0,0
1321,252.84,21.0013805618,-1.78,1.7978,0.20028,0.0070185,0.0000018,0.02237,0,0
1322,252.5,20.9886967291,-1.85,1.7961,0.20029,0.0070077,0.0000019,0.021124,0,0
1323,252.79,20.9760141514,-1.82,1.7965,0.20028,0.0070095,0.0000019,0.021149,0,0
1324,254.22,20.9632884024,-1.9,1.7945,0.20022,0.0070245,0.0000016,0.020997,0,0
1325,256.85,20.950460749,-1.84,1.7962,0.20015,0.0070391,0.0000016,0.022182,0,0
1326,258.96,20.9375141235,-1.84,1.8001,0.2001,0.0070422,0.0000013,0.022737,0,0
1327,258.65,20.9245223187,-1.86,1.8001,0.20011,0.007033,0.0000014,0.02311,0,0
1328,257.73,20.9115613865,-1.88,1.8046,0.20016,0.0070218,0.0000011,0.023112,0,0
1329,255.77,20.898672741,-1.73,1.8046,0.20022,0.0070191,0.0000013,0.022476,0,0
1330,256.05,20.8858262629,-1.83,1.8039,0.20021,0.0070272,0.0000013,0.021834,0,0
1331,257.24,20.8729428884,-1.78,1.8027,0.20016,0.0070401,0.0000014,0.022001,0,0
1332,258.29,20.8600032908,-1.86,1.7993,0.20011,0.0070552,0.0000014,0.021627,0,0
1333,259.89,20.8469971793,-1.74,1.7992,0.20006,0.0070736,0.0000013,0.022317,0,0
1334,261.79,20.8339032191,-1.91,1.8026,0.20001,0.0070945,0.0000013,0.023526,0,0
1335,262.77,20.8207369721,-1.8,1.7999,0.19996,0.0071151,0.0000011,0.023912,0,0
1336,263.72,20.8075222829,-1.75,1.7985,0.19992,0.0071331,0.0000009,0.023339,0,0
1337,264.79,20.7942568924,-1.77,1.8038,0.19991,0.0071462,0.0000011,0.024608,0,0
1338,264.88,20.7809623865,-1.86,1.8044,0.19991,0.0071541,0.0000013,0.02385,0,0
1339,265.07,20.7676608526,-1.88,1.808,0.19992,0.0071616,0.0000016,0.023348,0,0
1340,265.27,20.7543495299,-1.81,1.8104,0.19992,0.007172,0.0000018,0.023673,0,0
1341,265.86,20.7410183785,-1.84,1.8105,0.1999,0.0071866,0.0000018,0.023211,0,0
1342,267.5,20.727631255,-1.86,1.8131,0.19986,0.0072036,0.0000015,0.023539,0,0
1343,268.3,20.7141828884,-1.72,1.8132,0.19983,0.0072194,0.0000009,0.024079,0,0
1344,268.94,20.7006983785,-1.86,1.8133,0.19981,0.0072218,0.0000008,0.02459,0,0
1345,268.76,20.6872023227,-1.79,1.8161,0.19984,0.0072026,0.0000014,0.022899,0,0
1346,265.71,20.6737873386,-1.9,1.8157,0.19993,0.0071676,0.0000013,0.023548,0,0
1347,261.34,20.6605585936,-1.82,1.8117,0.20006,0.0071324,0.0000014,0.023519,0,0
1348,257.77,20.6475291394,-1.83,1.8097,0.20016,0.0071143,0.0000014,0.023939,0,0
1349,256.56,20.6346196614,-1.87,1.8032,0.20017,0.0071174,0.0000016,0.024871,0,0
1350,258.61,20.6216890996,-1.87,1.7991,0.20008,0.0071348,0.0000019,0.025446,0,0
1351,262.06,20.60862049,-1.81,1.8006,0.19998,0.0071519,0.0000019,0.025171,0,0
1352,264.01,20.5954163426,-1.79,1.8014,0.19992,0.0071622,0.0000016,0.024501,0,0
1353,264.07,20.582161745,-1.72,1.801,0.19992,0.0071656,0.0000018,0.024459,0,0
1354,263.84,20.5689114143,-1.95,1.7999,0.19992,0.0071633,0.0000015,0.024257,0,0
1355,262.66,20.5556964741,-1.89,1.7996,0.19996,0.0071527,0.0000012,0.024925,0,0
1356,261.91,20.5425299761,-1.85,1.8015,0.19999,0.0071349,0.0000013,0.024213,0,0
1357,260.36,20.5294212072,-1.82,1.8032,0.20005,0.0071117,0.0000013,0.023694,0,0
1358,258.65,20.5163942629,-1.83,1.8051,0.20012,0.0070917,0.0000014,0.023041,0,0
1359,257.55,20.5034378486,-1.83,1.8073,0.20016,0.0070821,0.0000017,0.022764,0,0
1360,258.2,20.4904927291,-1.88,1.8098,0.20015,0.0070935,0.0000017,0.023762,0,0
1361,260.28,20.4774790876,-1.76,1.8081,0.20008,0.0071253,0.0000018,0.023777,0,0
1362,264.51,20.4643070677,-1.9,1.8093,0.19994,0.0071679,0.0000016,0.02515,0,0
1363,269.53,20.4509028765,-1.81,1.8118,0.19979,0.0072161,0.0000013,0.02494,0,0
1364,273.48,20.4372735418,-1.87,1.8136,0.19967,0.0072522,0.0000012,0.023758,0,0
1365,274.36,20.4235229761,-1.9,1.8172,0.19966,0.0072579,0.0000012,0.024578,0,0
1366,272.33,20.4098012749,-1.82,1.8179,0.19973,0.0072443,0.0000011,0.024919,0,0
1367,268.97,20.3962148606,-1.91,1.8173,0.19983,0.0072152,0.0000014,0.02516,0,0
1368,264.82,20.3828169442,-1.77,1.8145,0.19995,0.0071794,0.0000018,0.025188,0,0
1369,261.15,20.3696153068,-1.81,1.8135,0.20007,0.0071426,0.0000022,0.025043,0,0
1370,257.63,20.3565941355,-1.81,1.8146,0.20019,0.0070992,0.0000024,0.024344,0,0
1371,255.83,20.343706494,-1.82,1.8165,0.20026,0.0070559,0.0000025,0.025179,0,0
1372,253.66,20.330918498,-1.71,1.8151,0.20033,0.0070247,0.0000023,0.025205,0,0
1373,252.59,20.3182118247,-1.87,1.8133,0.20035,0.0070206,0.0000018,0.024859,0,0
1374,254.1,20.3054941076,-1.81,1.8093,0.20029,0.0070441,0.0000018,0.023966,0,0
1375,259.14,20.292611988,-1.74,1.8094,0.20012,0.0070814,0.0000018,0.024171,0,0
1376,264.34,20.2794728486,-1.76,1.8105,0.19996,0.0071143,0.0000016,0.024585,0,0
1377,267.16,20.2661324104,-1.77,1.8109,0.19987,0.0071302,0.0000016,0.025654,0,0
1378,267.44,20.2527141633,-1.87,1.8147,0.19988,0.0071241,0.0000013,0.025715,0,0
1379,264.99,20.2393503825,-1.72,1.8156,0.19997,0.007099,0.0000012,0.024324,0,0
1380,260.31,20.2261655618,-1.77,1.8122,0.2001,0.0070658,0.0000015,0.023951,0,0
1381,256.68,20.2131893187,-1.86,1.8128,0.20022,0.0070366,0.0000017,0.024087,0,0
1382,254.47,20.2003596574,-1.82,1.8119,0.20029,0.0070244,0.0000016,0.024596,0,0
1383,254.55,20.1875834582,-1.81,1.8109,0.20028,0.0070295,0.0000015,0.023956,0,0
1384,257.3,20.1747362271,-1.81,1.8116,0.2002,0.0070448,0.0000018,0.024964,0,0
1385,259.79,20.1617574741,-1.8,1.8107,0.20011,0.0070635,0.0000018,0.026654,0,0
1386,261.87,20.1486640159,-1.87,1.8106,0.20004,0.0070818,0.0000019,0.026075,0,0
1387,263.95,20.1354661434,-1.82,1.8152,0.2,0.0071008,0.0000019,0.02499,0,0
1388,264.69,20.12219749,-1.78,1.8137,0.19996,0.0071195,0.0000018,0.02522,0,0
1389,265.55,20.1088886773,-1.8,1.8132,0.19993,0.0071342,0.0000019,0.025821,0,0
1390,265.69,20.0955547649,-1.72,1.8131,0.19993,0.0071422,0.0000018,0.025729,0,0
1391,265.31,20.0822268765,-1.72,1.8105,0.19993,0.0071423,0.0000015,0.025205,0,0
1392,263.8,20.0689464263,-1.88,1.8099,0.19997,0.007133,0.0000013,0.024829,0,0
1393,261.98,20.0557495578,-1.9,1.8079,0.20002,0.0071155,0.0000013,0.025318,0,0
1394,260.8,20.042627988,-1.77,1.8093,0.20007,0.0070943,0.0000014,0.0262,0,0
1395,258.39,20.0295965259,-1.81,1.8093,0.20015,0.0070682,0.0000013,0.024853,0,0
1396,256.26,20.0166790159,-1.86,1.8102,0.20022,0.0070416,0.0000013,0.024842,0,0
1397,254.81,20.0038513625,-1.8,1.8085,0.20027,0.0070177,0.0000011,0.024522,0,0
1398,253.26,19.991099008,-1.84,1.8051,0.2003,0.0070084,0.0000009,0.024667,0,0
1399,253.69,19.9783747649,-1.76,1.8036,0.20028,0.0070213,0.000001,0.025513,0,0
1400,256.66,19.9655651833,-1.76,1.8048,0.20019,0.0070527,0.0000014,0.025264,0,0
1401,261.33,19.9525638406,-1.77,1.8071,0.20004,0.0070911,0.0000012,0.024964,0,0
1402,264.88,19.9393561793,-1.92,1.806,0.19992,0.0071237,0.0000012,0.024254,0,0
1403,266.82,19.9260107211,-1.82,1.8071,0.19986,0.0071499,0.0000014,0.023859,0,0
1404,266.97,19.9126128048,-1.63,1.8057,0.19985,0.0071734,0.0000015,0.023947,0,0
1405,267.93,19.8991870279,-1.8,1.8055,0.19981,0.0071947,0.0000016,0.024153,0,0
1406,267.89,19.8857381594,-1.81,1.8039,0.1998,0.0072042,0.0000016,0.025161,0,0
1407,267.22,19.8723071116,-1.89,1.8031,0.19982,0.0071942,0.0000015,0.024684,0,0
1408,265.56,19.8589345458,-1.7,1.8067,0.1999,0.0071699,0.0000014,0.02424,0,0
1409,262.08,19.845690992,-1.79,1.8066,0.20001,0.0071448,0.0000011,0.024228,0,0
1410,259.66,19.8325955259,-1.75,1.8054,0.20008,0.0071327,0.0000011,0.024946,0,0
1411,258.81,19.8195821355,-1.74,1.8019,0.20009,0.0071331,0.0000009,0.025135,0,0
1412,260.07,19.8065584542,-1.76,1.8016,0.20005,0.0071369,0.0000008,0.024808,0,0
1413,261.71,19.7934619841,-1.85,1.8024,0.2,0.0071352,0.0000008,0.025945,0,0
1414,262.44,19.7803060279,-1.8,1.805,0.19999,0.0071216,0.0000012,0.025771,0,0
1415,260.89,19.7671706534,-1.87,1.8067,0.20005,0.0070972,0.0000015,0.025916,0,0
1416,258.44,19.7541356773,-1.85,1.8086,0.20014,0.0070661,0.0000016,0.024578,0,0
1417,255.49,19.741236239,-1.81,1.8088,0.20024,0.0070365,0.0000015,0.024394,0,0
1418,253.91,19.728450502,-1.79,1.807,0.20029,0.007022,0.0000015,0.025315,0,0
1419,253.82,19.7157066813,-1.83,1.805,0.20028,0.0070273,0.0000015,0.025607,0,0
1420,255.79,19.7029156733,-1.84,1.8049,0.20021,0.0070457,0.0000016,0.026221,0,0
1421,259.39,19.6899848606,-1.82,1.8064,0.20011,0.0070665,0.0000014,0.026547,0,0
1422,262.13,19.6768949163,-1.87,1.8084,0.20003,0.0070811,0.0000013,0.025487,0,0
1423,263.06,19.6637128566,-1.71,1.8092,0.2,0.0070889,0.0000012,0.024494,0,0
1424,262.52,19.650521008,-1.8,1.8067,0.20001,0.007091,0.0000011,0.02438,0,0
1425,261.67,19.6373640478,-1.83,1.8077,0.20004,0.0070893,0.000001,0.025504,0,0
1426,261.08,19.6242432311,-1.89,1.8083,0.20006,0.0070887,0.0000011,0.025977,0,0
1427,260.69,19.611147012,-1.92,1.8096,0.20008,0.0070899,0.0000008,0.024982,0,0
1428,261.01,19.5980525498,-1.78,1.8121,0.20008,0.0070959,0.000001,0.024473,0,0
1429,262,19.5849252072,-1.77,1.8112,0.20004,0.0071112,0.0000013,0.024198,0,0
1430,263.17,19.5717436494,-1.85,1.8096,0.19999,0.007134,0.0000013,0.024628,0,0
1431,265.74,19.5584682191,-1.8,1.8117,0.19992,0.0071557,0.0000012,0.023766,0,0
1432,267.49,19.5450843586,-1.79,1.8164,0.19988,0.0071632,0.0000013,0.023776,0,0
1433,267.23,19.5316630996,-1.8,1.815,0.19989,0.0071578,0.0000014,0.024219,0,0
1434,265.24,19.5182983147,-1.88,1.8165,0.19995,0.0071486,0.0000014,0.023902,0,0
1435,263.79,19.5050198725,-1.75,1.8166,0.2,0.0071386,0.0000016,0.023211,0,0
1436,262.86,19.4918011673,-1.81,1.8163,0.20003,0.0071244,0.0000016,0.024266,0,0
1437,261.55,19.4786386853,-1.81,1.8145,0.20007,0.0071001,0.0000018,0.024254,0,0
1438,258.53,19.4655848845,-1.9,1.8103,0.20015,0.00707,0.000002,0.02521,0,0
1439,255.91,19.4526726454,-1.79,1.8095,0.20023,0.0070473,0.000002,0.02577,0,0
1440,254.63,19.4398582948,-1.81,1.807,0.20026,0.0070375,0.000002,0.024135,0,0
1441,255.24,19.427060761,-1.79,1.8058,0.20024,0.0070319,0.0000021,0.024771,0,0
1442,255.53,19.4142406375,-1.8,1.8007,0.20021,0.007022,0.0000021,0.024521,0,0
1443,255.73,19.4014082151,-1.86,1.8048,0.20022,0.0070067,0.0000022,0.024803,0,0
1444,255.16,19.3885850797,-1.86,1.8054,0.20025,0.0069921,0.0000024,0.024289,0,0
1445,253.98,19.3758058685,-1.9,1.8057,0.20029,0.0069814,0.0000023,0.023966,0,0
1446,253.37,19.3630715857,-1.89,1.8036,0.2003,0.0069814,0.0000022,0.024703,0,0
1447,254.27,19.3503300239,-1.77,1.8024,0.20026,0.0069996,0.0000018,0.024679,0,0
1448,257.74,19.3374787769,-1.76,1.8064,0.20016,0.0070348,0.0000018,0.024252,0,0
1449,262.21,19.324428239,-1.86,1.806,0.20001,0.007082,0.000002,0.022673,0,0
1450,267.3,19.311137749,-1.85,1.8076,0.19986,0.0071296,0.0000023,0.024089,0,0
1451,270.41,19.2976414422,-1.89,1.8108,0.19977,0.0071543,0.0000023,0.02478,0,0
1452,269.61,19.2840871554,-1.9,1.8148,0.19981,0.0071506,0.0000017,0.024004,0,0
1453,266.33,19.2706352749,-1.81,1.8133,0.19991,0.0071377,0.0000013,0.024498,0,0
1454,263.38,19.2573397649,-1.81,1.8135,0.2,0.0071233,0.0000013,0.024786,0,0
1455,261.24,19.244172012,-1.78,1.8126,0.20007,0.0071093,0.0000012,0.023215,0,0
1456,260.01,19.2310888446,-1.88,1.8142,0.20012,0.0070976,0.0000008,0.023352,0,0
1457,260.46,19.218025255,-1.78,1.8165,0.20011,0.0070891,0.000001,0.023744,0,0
1458,259.89,19.2049646773,-1.83,1.8155,0.20013,0.0070791,0.0000011,0.024227,0,0
1459,259.3,19.1919332151,-1.8,1.8146,0.20015,0.0070623,0.0000015,0.024221,0,0
1460,258.56,19.1789351355,-1.93,1.8176,0.20018,0.0070447,0.0000012,0.02277,0,0
1461,257.34,19.165986251,-1.87,1.8164,0.20022,0.0070315,0.0000013,0.023443,0,0
1462,256.43,19.1530908287,-1.85,1.8138,0.20024,0.0070275,0.0000013,0.020697,0,0
1463,257.16,19.1401999243,-1.94,1.8133,0.20021,0.0070304,0.0000012,0.019455,0,0
1464,257.92,19.1272716215,-1.91,1.8098,0.20017,0.0070422,0.0000015,0.01907,0,0
1465,259.95,19.1142732908,-1.94,1.8122,0.20012,0.0070601,0.0000018,0.01898,0,0
1466,261.69,19.1011803347,-1.71,1.8091,0.20005,0.0070776,0.000002,0.019633,0,0
1467,262.73,19.0880176016,-1.98,1.8091,0.20001,0.0070852,0.0000018,0.018976,0,0
1468,262.31,19.0748393068,-2.04,1.8068,0.20001,0.0070836,0.0000016,0.019039,0,0
1469,261.4,19.0616943944,-1.68,1.8079,0.20005,0.0070801,0.0000015,0.0207,0,0
1470,260.5,19.0485949124,-1.87,1.8092,0.20008,0.007079,0.0000016,0.020049,0,0
1471,260.14,19.0355270558,-1.94,1.8099,0.2001,0.007082,0.0000015,0.019638,0,0
1472,260.54,19.0224581952,-1.96,1.8077,0.20007,0.0070942,0.0000011,0.020239,0,0
1473,261.49,19.0093554502,-1.94,1.8035,0.20002,0.0071233,0.000001,0.020412,0,0
1474,264.85,18.9961445259,-2.11,1.8073,0.19992,0.0071598,0.000001,0.02034,0,0
1475,267.91,18.9827724622,-1.71,1.8068,0.19982,0.007185,0.000001,0.02172,0,0
1476,269.68,18.9692791673,-1.8,1.8093,0.19978,0.007186,0.0000009,0.022244,0,0
1477,267.67,18.9557918964,-1.84,1.8098,0.19985,0.0071697,0.0000006,0.021565,0,0
1478,264.28,18.9424401633,-1.84,1.8112,0.19996,0.0071538,0.0000007,0.020277,0,0
1479,261.87,18.929234008,-1.87,1.8087,0.20003,0.0071464,0.0000008,0.020441,0,0
1480,261.73,18.9160918566,-1.8,1.8086,0.20003,0.0071429,0.0000008,0.019591,0,0
1481,261.54,18.902957988,-1.81,1.8059,0.20002,0.0071364,0.0000009,0.020606,0,0
1482,261.77,18.8898231155,-1.86,1.8084,0.20003,0.0071271,0.0000015,0.021473,0,0
1483,261.03,18.8767010438,-1.88,1.8065,0.20005,0.0071202,0.0000017,0.021702,0,0
1484,259.96,18.8636244024,-1.83,1.801,0.20005,0.0071213,0.0000017,0.021164,0,0
1485,260.47,18.8505618167,-1.83,1.8018,0.20004,0.0071247,0.0000016,0.020264,0,0
1486,262.09,18.8374457689,-1.76,1.8072,0.20001,0.0071279,0.0000014,0.019889,0,0
1487,262.02,18.8242908167,-1.79,1.806,0.20001,0.0071337,0.0000012,0.019209,0,0
1488,262.52,18.8111250717,-1.8,1.8048,0.19999,0.0071477,0.0000009,0.017757,0,0
1489,263.78,18.7979151514,-1.84,1.8045,0.19994,0.007174,0.0000007,0.017078,0,0
1490,265.78,18.7846234064,-1.87,1.801,0.19986,0.0072097,0.0000008,0.016914,0,0
1491,270.3,18.771168012,-1.83,1.8084,0.19975,0.0072377,0.0000009,0.016932,0,0
1492,272.23,18.7575507251,-1.78,1.8113,0.1997,0.0072379,0.0000011,0.017467,0,0
1493,270.63,18.7439251554,-1.85,1.8165,0.19978,0.0072137,0.000001,0.017573,0,0
1494,266.42,18.7304454143,-1.8,1.817,0.19991,0.0071901,0.0000006,0.017235,0,0
1495,262.7,18.7171647131,-1.83,1.8131,0.20001,0.0071856,0.0000009,0.017934,0,0
1496,263.18,18.7039653347,-1.91,1.8102,0.19998,0.0071992,0.000001,0.01738,0,0
1497,265.64,18.6906921633,-1.83,1.8109,0.19991,0.0072165,0.0000011,0.017189,0,0
1498,269.14,18.6772693984,-1.87,1.8165,0.19982,0.0072215,0.0000007,0.017021,0,0
1499,269.54,18.663748745,-1.86,1.8179,0.19982,0.0072103,0.0000007,0.017945,0,0
1500,267.53,18.650268502,-1.83,1.8196,0.19989,0.0071934,0.0000007,0.017824,0,0
1501,264.48,18.6369152629,-1.83,1.8165,0.19997,0.0071855,0.0000007,0.017465,0,0
1502,263.51,18.6236629243,-1.81,1.8136,0.19999,0.007193,0.0000005,0.016789,0,0
1503,264.84,18.6104015498,-1.73,1.8112,0.19993,0.0072109,0.0000005,0.015648,0,0
1504,267.95,18.5970287331,-1.73,1.8142,0.19985,0.0072281,0.0000008,0.016191,0,0
1505,269.73,18.5835331793,-1.86,1.8153,0.1998,0.0072371,0.0000009,0.017004,0,0
1506,269.7,18.5699937012,-1.8,1.8148,0.1998,0.0072307,0.0000007,0.017421,0,0
1507,268.37,18.5564883586,-1.84,1.8172,0.19985,0.0072078,0.0000007,0.018384,0,0
1508,264.62,18.5431105219,-1.79,1.8127,0.19995,0.0071806,0.0000009,0.01828,0,0
1509,261.84,18.5298965857,-1.82,1.8117,0.20004,0.0071607,0.0000008,0.018365,0,0
1510,260.67,18.5167817928,-1.79,1.8119,0.20008,0.0071564,0.0000008,0.018025,0,0
1511,261.81,18.503667753,-1.83,1.811,0.20003,0.0071664,0.0000006,0.016623,0,0
1512,264.12,18.4904671195,-1.78,1.8109,0.19996,0.0071821,0.0000007,0.017716,0,0
1513,266.59,18.47714651,-1.83,1.812,0.19989,0.0071961,0.0000008,0.019046,0,0
1514,267.49,18.4637413147,-1.86,1.8113,0.19986,0.0072008,0.0000008,0.017804,0,0
1515,267.41,18.4503155378,-1.81,1.8107,0.19986,0.0071941,0.000001,0.017091,0,0
1516,266.17,18.4369228924,-1.77,1.8141,0.19991,0.0071757,0.0000011,0.01712,0,0
1517,263.81,18.4236206056,-1.9,1.8134,0.19999,0.0071488,0.0000011,0.018304,0,0
1518,261.16,18.4104440677,-1.72,1.8113,0.20007,0.0071195,0.0000011,0.018706,0,0
1519,258.78,18.3973937809,-1.85,1.8116,0.20015,0.0070915,0.000001,0.019459,0,0
1520,256.63,18.3844571952,-1.85,1.8099,0.20021,0.0070729,0.000001,0.019193,0,0
1521,255.91,18.3715926454,-1.86,1.8064,0.20022,0.0070636,0.000001,0.018616,0,0
1522,256.71,18.3587260876,-1.77,1.8075,0.2002,0.0070609,0.0000007,0.018546,0,0
1523,258.62,18.34579151,-1.79,1.8114,0.20016,0.0070609,0.0000003,0.017344,0,0
1524,259.39,18.3327896653,-1.82,1.8101,0.20013,0.0070622,0.0000005,0.01658,0,0
1525,259.94,18.3197546892,-1.94,1.8111,0.20011,0.0070684,0.0000007,0.016328,0,0
1526,259.98,18.3067049044,-1.8,1.8068,0.20009,0.007082,0.0000008,0.016061,0,0
1527,262.2,18.2935983944,-1.9,1.8095,0.20003,0.0071034,0.0000008,0.016236,0,0
1528,264.58,18.2803764263,-1.82,1.8101,0.19995,0.0071281,0.0000009,0.015627,0,0
1529,266.13,18.2670558167,-1.78,1.8089,0.1999,0.0071543,0.0000011,0.014815,0,0
1530,267.2,18.2536694462,-1.79,1.8077,0.19985,0.0071761,0.0000012,0.014993,0,0
1531,268.74,18.2402175657,-1.81,1.8097,0.19981,0.0071881,0.0000009,0.014841,0,0
1532,269.05,18.226719251,-1.82,1.8136,0.19982,0.0071813,0.0000007,0.015003,0,0
1533,266.35,18.2132809243,-1.78,1.8111,0.1999,0.0071549,0.0000008,0.015088,0,0
1534,263.33,18.1999861673,-1.84,1.8151,0.20002,0.0071159,0.0000008,0.015202,0,0
1535,259.47,18.1868640956,-1.76,1.817,0.20015,0.0070719,0.0000009,0.015336,0,0
1536,255.62,18.1739355418,-1.84,1.8184,0.20028,0.0070304,0.0000012,0.016296,0,0
1537,253.76,18.1611503068,-1.84,1.818,0.20034,0.007003,0.000001,0.0158,0,0
1538,253.65,18.1484145179,-1.91,1.8186,0.20035,0.0069936,0.0000008,0.015823,0,0
1539,255.06,18.1356460996,-1.81,1.8198,0.20031,0.0070064,0.000001,0.015747,0,0
1540,258.22,18.1227629761,-1.79,1.8197,0.20021,0.0070373,0.0000007,0.014541,0,0
1541,262.46,18.1096941155,-1.8,1.8179,0.20006,0.0070786,0.0000006,0.014226,0,0
1542,266.36,18.0964209442,-1.83,1.8164,0.19993,0.007121,0.0000008,0.014486,0,0
1543,269.64,18.0829675578,-1.84,1.8156,0.19982,0.0071619,0.0000007,0.014339,0,0
1544,270.82,18.0694022271,-1.83,1.8137,0.19977,0.0071896,0.0000008,0.014143,0,0
1545,271.33,18.0557944781,-1.77,1.814,0.19975,0.0072053,0.0000008,0.015601,0,0
1546,270.1,18.0422048008,-1.87,1.8111,0.19977,0.007206,0.0000008,0.01664,0,0
1547,268.27,18.0286919283,-1.83,1.8115,0.19983,0.007192,0.000001,0.017427,0,0
1548,265.81,18.0152867331,-1.8,1.8137,0.19993,0.0071619,0.0000009,0.017501,0,0
1549,262.49,18.0020266135,-1.78,1.8165,0.20005,0.0071201,0.0000011,0.017036,0,0
1550,257.72,17.9889695498,-1.77,1.8137,0.20019,0.0070761,0.0000015,0.017314,0,0
1551,255.09,17.9760982231,-1.86,1.8163,0.20029,0.0070494,0.0000016,0.01678,0,0
1552,254.49,17.9633079681,-1.85,1.8142,0.2003,0.0070441,0.0000014,0.0164,0,0
1553,255.96,17.9504958765,-1.88,1.8124,0.20024,0.0070623,0.0000013,0.016022,0,0
1554,259.98,17.937545988,-1.8,1.8146,0.20012,0.007095,0.0000012,0.015461,0,0
1555,264.72,17.9243762271,-1.81,1.8149,0.19997,0.0071385,0.0000012,0.015724,0,0
1556,269.17,17.9109758008,-1.77,1.8154,0.19983,0.0071852,0.0000015,0.015814,0,0
1557,272.33,17.8973843665,-1.83,1.8177,0.19973,0.0072293,0.0000017,0.016729,0,0
1558,274.45,17.8836604064,-1.84,1.8176,0.19966,0.0072652,0.0000017,0.017154,0,0
1559,275.03,17.8698686773,-1.89,1.816,0.19963,0.0072913,0.000002,0.016673,0,0
1560,275.3,17.8560556135,-1.73,1.8177,0.19962,0.0073048,0.0000023,0.016546,0,0
1561,274.4,17.8422583625,-1.78,1.8162,0.19964,0.0073095,0.0000023,0.015816,0,0
1562,272.98,17.8285193426,-1.79,1.8169,0.19969,0.0073075,0.0000023,0.014673,0,0
1563,271.95,17.8148418167,-1.85,1.8201,0.19974,0.0073035,0.0000024,0.014961,0,0
1564,270.95,17.801215243,-1.89,1.8191,0.19976,0.0073017,0.0000027,0.015338,0,0
1565,270.01,17.7876373625,-1.81,1.8159,0.19978,0.0073022,0.0000028,0.015158,0,0
1566,270.69,17.774066008,-1.76,1.8193,0.19977,0.0073018,0.0000024,0.014802,0,0
1567,269.98,17.7604954064,-1.82,1.8152,0.19978,0.0073039,0.0000023,0.014893,0,0
1568,269.85,17.7469458884,-1.87,1.8127,0.19977,0.0073113,0.0000024,0.01494,0,0
1569,271.06,17.7333692629,-1.8,1.8146,0.19974,0.0073219,0.0000025,0.015446,0,0
1570,272.13,17.7197354104,-1.82,1.8148,0.1997,0.007329,0.0000028,0.014899,0,0
1571,272.21,17.7060726932,-1.79,1.8131,0.19969,0.0073274,0.0000024,0.015552,0,0
1572,271.75,17.6924195139,-1.87,1.8144,0.19972,0.0073127,0.000002,0.014748,0,0
1573,269.34,17.6788383705,-1.67,1.8123,0.19979,0.0072849,0.0000019,0.015519,0,0
1574,266.32,17.6653935179,-1.79,1.8116,0.19988,0.00725,0.0000019,0.014938,0,0
1575,263.75,17.6520889721,-1.76,1.8141,0.19998,0.0072098,0.0000024,0.014156,0,0
1576,260.53,17.638929753,-1.8,1.8107,0.20007,0.0071826,0.0000025,0.015845,0,0
1577,259.69,17.6258724382,-1.79,1.8108,0.2001,0.0071708,0.0000022,0.015026,0,0
1578,260.95,17.6128045817,-1.84,1.8116,0.20006,0.0071728,0.0000021,0.013314,0,0
1579,262.53,17.5996654422,-1.78,1.8085,0.2,0.0071741,0.000002,0.013344,0,0
1580,264.02,17.586449247,-1.81,1.8094,0.19996,0.0071679,0.0000017,0.013902,0,0
1581,264.21,17.5731908845,-1.81,1.8132,0.19997,0.0071561,0.0000019,0.01361,0,0
1582,263.13,17.5599548606,-1.8,1.8155,0.20002,0.0071412,0.0000021,0.013412,0,0
1583,262.25,17.5467680319,-1.82,1.8166,0.20005,0.0071226,0.000002,0.013579,0,0
1584,260.18,17.533655247,-1.76,1.8132,0.20011,0.0071121,0.000002,0.013828,0,0
1585,259.5,17.5206114861,-1.8,1.8113,0.20012,0.0071193,0.0000018,0.0135,0,0
1586,261.23,17.5075413705,-1.8,1.8093,0.20005,0.0071481,0.0000017,0.014221,0,0
1587,265.46,17.4943216614,-1.93,1.8105,0.19992,0.0071811,0.0000015,0.01493,0,0
1588,269.03,17.4809061753,-1.88,1.8121,0.19981,0.0072001,0.0000015,0.014722,0,0
1589,269.24,17.4673958127,-1.79,1.8107,0.1998,0.0072034,0.0000012,0.014079,0,0
1590,268.06,17.4539097968,-1.73,1.8113,0.19984,0.0071974,0.0000011,0.014203,0,0
1591,266.01,17.4405048526,-1.8,1.8105,0.1999,0.0071875,0.000001,0.014388,0,0
1592,264.48,17.4271897649,-1.78,1.81,0.19995,0.0071736,0.000001,0.015747,0,0
1593,262.91,17.4139524861,-1.86,1.8093,0.2,0.0071565,0.0000011,0.015901,0,0
1594,261.92,17.4007794622,-1.8,1.8113,0.20004,0.0071427,0.0000012,0.015922,0,0
1595,260.9,17.3876568884,-1.87,1.8091,0.20006,0.0071356,0.0000011,0.015533,0,0
1596,260.67,17.3745656892,-1.72,1.8086,0.20007,0.0071321,0.000001,0.014392,0,0
1597,261.43,17.3614611873,-1.82,1.8096,0.20005,0.0071346,0.0000008,0.01379,0,0
1598,262.32,17.3483152709,-1.83,1.8084,0.20001,0.0071498,0.0000006,0.012998,0,0
1599,263.57,17.3351156414,-1.79,1.806,0.19996,0.0071817,0.0000008,0.01259,0,0
1600,266.8,17.3218035657,-1.78,1.8034,0.19984,0.0072235,0.0000012,0.013347,0,0
1601,271.07,17.308303243,-1.89,1.8031,0.19969,0.0072718,0.0000016,0.015126,0,0
1602,274.75,17.2946033785,-1.91,1.8057,0.19959,0.0073038,0.0000018,0.016023,0,0
1603,275.57,17.2807905657,-1.87,1.8104,0.19958,0.0072957,0.0000019,0.015904,0,0
1604,271.83,17.2670510438,-1.89,1.812,0.19971,0.007262,0.0000018,0.015718,0,0
1605,266.53,17.2535384223,-1.88,1.812,0.19988,0.0072285,0.0000019,0.013828,0,0
1606,262.67,17.2402557131,-1.81,1.8107,0.2,0.0072166,0.0000021,0.013345,0,0
1607,262.59,17.2270718964,-1.87,1.8072,0.19998,0.0072252,0.0000019,0.013955,0,0
1608,265.01,17.2138293466,-1.85,1.8061,0.1999,0.007242,0.0000016,0.0142,0,0
1609,268.01,17.200450757,-1.78,1.8108,0.19983,0.0072506,0.0000011,0.01426,0,0
1610,269.47,17.1869602231,-1.82,1.8148,0.1998,0.0072396,0.000001,0.013883,0,0
1611,267.86,17.1734734542,-1.8,1.8168,0.19987,0.0072076,0.0000011,0.014081,0,0
1612,264.06,17.1601224741,-1.8,1.8157,0.19999,0.007165,0.0000009,0.015304,0,0
1613,259.36,17.1469848406,-1.84,1.815,0.20014,0.0071183,0.0000009,0.014984,0,0
1614,256.43,17.1340387171,-1.84,1.8146,0.20023,0.0070973,0.000001,0.014916,0,0
1615,256.86,17.1211553426,-1.86,1.8149,0.20022,0.0071035,0.000001,0.012912,0,0
1616,260.61,17.1081670518,-1.86,1.8162,0.2001,0.0071298,0.0000009,0.011636,0,0
1617,264.75,17.0949807251,-1.79,1.8158,0.19997,0.0071671,0.0000008,0.010861,0,0
1618,268.67,17.0815920956,-1.84,1.8157,0.19984,0.0072024,0.0000005,0.011229,0,0
1619,271.37,17.0680373068,-1.8,1.8119,0.19974,0.0072256,0.0000007,0.010971,0,0
1620,271.47,17.054412239,-1.77,1.8098,0.19972,0.0072293,0.0000006,0.011101,0,0
1621,269.77,17.0408273307,-1.78,1.8099,0.19978,0.0072136,0.000001,0.010734,0,0
1622,266.73,17.0273613944,-1.8,1.8142,0.1999,0.007182,0.0000013,0.009794,0,0
1623,262.17,17.0140862151,-1.83,1.8108,0.20003,0.0071377,0.0000015,0.010261,0,0
1624,256.72,17.0010622829,-1.71,1.8071,0.20019,0.0070933,0.0000015,0.010695,0,0
1625,254.44,16.9882323705,-1.7,1.8067,0.20026,0.0070743,0.0000015,0.010531,0,0
1626,255.12,16.9754426175,-1.76,1.8069,0.20024,0.0070751,0.0000017,0.010841,0,0
1627,257.43,16.9625778167,-1.75,1.8044,0.20016,0.0070822,0.0000017,0.012089,0,0
1628,259.61,16.9496003187,-1.78,1.8034,0.20009,0.0070872,0.0000016,0.011094,0,0
1629,261.07,16.9365314582,-1.74,1.8084,0.20006,0.007097,0.0000014,0.011169,0,0
1630,261.98,16.9234031116,-1.9,1.8086,0.20003,0.0071175,0.0000013,0.012375,0,0
1631,264.1,16.9101987131,-1.78,1.8087,0.19996,0.0071462,0.0000012,0.013878,0,0
1632,266.67,16.8968765976,-1.79,1.8085,0.19987,0.0071706,0.0000012,0.015198,0,0
1633,268.01,16.8834563426,-1.76,1.8101,0.19984,0.0071891,0.0000009,0.015527,0,0
1634,268.43,16.8699919124,-1.66,1.8083,0.19981,0.0072053,0.0000005,0.013729,0,0
1635,267.74,16.856534259,-1.82,1.8036,0.19981,0.0072244,0.0000009,0.012953,0,0
1636,268.35,16.8430786135,-1.79,1.8032,0.19979,0.0072379,0.0000014,0.012435,0,0
1637,269.3,16.8295838127,-2,1.8072,0.19978,0.0072338,0.0000011,0.012869,0,0
1638,268.37,16.81608851,-1.79,1.8123,0.19983,0.0072071,0.0000008,0.012657,0,0
1639,264.71,16.8027084143,-1.84,1.8157,0.19997,0.007161,0.0000007,0.013724,0,0
1640,258.74,16.7895700279,-1.86,1.8145,0.20016,0.0071046,0.0000005,0.013689,0,0
1641,254.21,16.7766951873,-1.81,1.8131,0.2003,0.0070587,0.0000003,0.013186,0,0
1642,253.21,16.7639591474,-1.8,1.8139,0.20034,0.0070423,0.0000001,0.012952,0,0
1643,254.94,16.7512047849,-1.78,1.8158,0.20029,0.0070482,0,0.013608,0,0
1644,258.52,16.7383171434,-1.77,1.8178,0.20019,0.0070667,-0.0000001,0.013047,0,0
1645,262.02,16.7252517968,-1.84,1.8171,0.20007,0.0070954,0.0000001,0.013515,0,0
1646,264.95,16.7120250598,-1.81,1.8153,0.19996,0.007134,0.0000004,0.013431,0,0
1647,268.68,16.6986311594,-1.83,1.8149,0.19984,0.0071806,0.0000006,0.012822,0,0
1648,273.19,16.6850304382,-1.71,1.8161,0.1997,0.0072286,0.0000011,0.012008,0,0
1649,275.1,16.6712685777,-1.84,1.8121,0.19961,0.0072701,0.0000013,0.01145,0,0
1650,274.75,16.6574675618,-1.82,1.8101,0.19961,0.0072847,0.0000014,0.011311,0,0
1651,273.47,16.6437074582,-1.8,1.813,0.19966,0.007291,0.0000015,0.011685,0,0
1652,272.19,16.6300116096,-1.76,1.8125,0.1997,0.0072965,0.0000016,0.011352,0,0
1653,271.31,16.6163699761,-1.86,1.812,0.19972,0.0072988,0.0000018,0.012026,0,0
1654,270.88,16.6027612231,-1.76,1.8129,0.19974,0.007294,0.0000018,0.013373,0,0
1655,269.73,16.5891921275,-1.84,1.813,0.19978,0.0072912,0.0000018,0.01353,0,0
1656,269.01,16.5756699681,-1.79,1.8134,0.1998,0.0072988,0.0000018,0.013189,0,0
1657,270.71,16.5621232112,-1.82,1.8142,0.19975,0.007306,0.0000017,0.013103,0,0
1658,271.04,16.548525502,-1.74,1.8096,0.19972,0.0072961,0.0000019,0.013415,0,0
1659,269.8,16.5349506335,-1.86,1.8132,0.19978,0.0072692,0.0000018,0.013585,0,0
1660,266.79,16.5214824382,-1.95,1.8131,0.19988,0.0072466,0.0000018,0.013388,0,0
1661,263.41,16.5081746295,-1.81,1.8067,0.19995,0.0072355,0.0000015,0.012955,0,0
1662,263.53,16.4949486454,-1.88,1.8052,0.19994,0.0072272,0.0000013,0.013095,0,0
1663,263.83,16.4817121195,-1.73,1.805,0.19994,0.0072129,0.0000014,0.013449,0,0
1664,263.56,16.4684748406,-1.91,1.8047,0.19995,0.0071878,0.0000017,0.013361,0,0
1665,261.83,16.455287761,-1.79,1.8072,0.20002,0.0071515,0.0000016,0.013313,0,0
1666,258.66,16.4422236693,-1.86,1.8037,0.20011,0.0071098,0.0000014,0.013272,0,0
1667,255.39,16.4293212191,-1.8,1.802,0.20021,0.0070729,0.0000012,0.014747,0,0
1668,254.31,16.4165279522,-1.86,1.8058,0.20027,0.007046,0.000001,0.01511,0,0
1669,253.38,16.4037851355,-1.77,1.8061,0.2003,0.0070253,0.0000013,0.015695,0,0
1670,253.76,16.3910561235,-1.77,1.8057,0.20029,0.0070081,0.0000014,0.016528,0,0
1671,254.03,16.3783107968,-1.86,1.8064,0.20029,0.0069963,0.0000015,0.017099,0,0
1672,253.97,16.3655601992,-1.75,1.803,0.20028,0.0069905,0.0000014,0.017405,0,0
1673,254.2,16.3528053347,-1.88,1.8004,0.20026,0.0069919,0.0000013,0.017779,0,0
1674,255.49,16.3400123187,-1.85,1.8033,0.20023,0.006995,0.0000012,0.016655,0,0
1675,256.27,16.3271673466,-1.83,1.8029,0.2002,0.0069955,0.0000012,0.017204,0,0
1676,256.28,16.3143025458,-1.74,1.8022,0.2002,0.0069968,0.0000018,0.018243,0,0
1677,256.5,16.3014319721,-1.92,1.8021,0.20019,0.0070051,0.0000018,0.017254,0,0
1678,257.22,16.2885378048,-1.8,1.802,0.20016,0.0070219,0.0000015,0.015659,0,0
1679,258.82,16.2755854064,-1.83,1.8018,0.20011,0.0070365,0.0000012,0.01631,0,0
1680,259.95,16.2625644861,-1.8,1.8036,0.20008,0.0070415,0.0000014,0.015843,0,0
1681,259.74,16.2495204741,-1.9,1.8031,0.20009,0.0070453,0.0000014,0.014008,0,0
1682,259.66,16.236483741,-1.85,1.804,0.20009,0.0070597,0.0000013,0.013083,0,0
1683,261.1,16.2234128725,-1.72,1.8089,0.20006,0.0070807,0.000001,0.012795,0,0
1684,263.39,16.2102483825,-1.83,1.8105,0.2,0.007092,0.0000009,0.014718,0,0
1685,263.8,16.1970161235,-1.85,1.8101,0.19999,0.0070866,0.0000007,0.0176,0,0
1686,262.08,16.183816745,-1.86,1.8088,0.20003,0.0070798,0.0000006,0.018875,0,0
1687,259.68,16.1707207769,-1.76,1.8052,0.20009,0.0070915,0.0000006,0.017326,0,0
1688,260.57,16.1576627092,-1.77,1.8035,0.20005,0.0071147,0.0000007,0.015698,0,0
1689,263.83,16.1445004781,-1.83,1.8048,0.19995,0.0071289,0.0000009,0.0165,0,0
1690,264.37,16.1312428685,-1.71,1.8052,0.19994,0.0071201,0.0000009,0.016699,0,0
1691,262.49,16.1180188924,-1.77,1.8062,0.20001,0.0071011,0.0000009,0.017621,0,0
1692,259.43,16.1049189084,-1.78,1.8048,0.2001,0.0070904,0.0000005,0.017721,0,0
1693,257.72,16.0919386494,-1.77,1.7999,0.20013,0.0070956,0.0000005,0.017203,0,0
1694,258.66,16.0789777171,-1.85,1.7986,0.20009,0.0071104,0.0000008,0.017292,0,0
1695,261.3,16.0659269283,-1.86,1.8014,0.20001,0.0071284,0.0000011,0.01848,0,0
1696,263.66,16.0527506414,-1.85,1.8043,0.19995,0.0071394,0.0000009,0.018398,0,0
1697,264.65,16.0394902709,-1.78,1.808,0.19994,0.0071386,0.000001,0.01826,0,0
1698,264.37,16.0262120797,-1.84,1.8101,0.19996,0.00713,0.000001,0.018504,0,0
1699,262.59,16.0129855936,-1.76,1.8086,0.20001,0.0071265,0.000001,0.018257,0,0
1700,261.5,15.9998311434,-1.8,1.809,0.20004,0.0071332,0.000001,0.017828,0,0
1701,262.81,15.9866711713,-1.72,1.8102,0.2,0.007148,0.000001,0.017267,0,0
1702,264.73,15.9734301275,-1.89,1.8113,0.19995,0.0071649,0.0000009,0.016661,0,0
1703,266.5,15.9600964661,-1.8,1.8129,0.1999,0.0071811,0.0000007,0.016612,0,0
1704,267.59,15.9466910199,-1.88,1.8148,0.19987,0.0071924,0.0000008,0.017777,0,0
1705,267.88,15.9332509363,-1.84,1.8149,0.19986,0.0072051,0.0000013,0.017946,0,0
1706,268.62,15.919785,-1.77,1.8171,0.19984,0.0072238,0.0000015,0.01646,0,0
1707,269.4,15.9062809124,-1.8,1.8153,0.1998,0.0072468,0.0000013,0.017145,0,0
1708,270.72,15.8927241155,-1.74,1.8125,0.19975,0.007268,0.0000012,0.016666,0,0
1709,272.23,15.8790962869,-1.81,1.8152,0.19971,0.0072803,0.0000012,0.016062,0,0
1710,272.3,15.8654288008,-1.77,1.8171,0.19972,0.0072773,0.0000011,0.014517,0,0
1711,271.05,15.8517909323,-1.79,1.8183,0.19977,0.0072551,0.0000009,0.015054,0,0
1712,268.22,15.8382554701,-1.84,1.8211,0.19987,0.0072221,0.000001,0.015054,0,0
1713,264.26,15.8248904343,-1.88,1.8194,0.19999,0.0071966,0.0000009,0.014743,0,0
1714,262.14,15.811678004,-1.81,1.818,0.20005,0.0071932,0.0000006,0.014188,0,0
1715,263.3,15.7984896693,-1.83,1.8172,0.20001,0.0072069,0.0000007,0.014073,0,0
1716,265.76,15.7852104741,-1.8,1.8142,0.19992,0.0072232,0.0000011,0.014194,0,0
1717,268.35,15.7718045259,-1.78,1.8151,0.19984,0.0072287,0.0000013,0.015563,0,0
1718,269.25,15.7583109801,-1.82,1.8182,0.19983,0.0072219,0.0000015,0.015497,0,0
1719,266.88,15.7448543307,-1.82,1.8133,0.19988,0.0072154,0.0000017,0.015855,0,0
1720,265.58,15.7314897968,-1.79,1.8103,0.1999,0.0072195,0.0000016,0.015555,0,0
1721,265.69,15.7181551315,-1.77,1.8082,0.19989,0.0072314,0.0000016,0.015755,0,0
1722,266.72,15.7047918526,-1.81,1.8047,0.19984,0.0072412,0.0000016,0.016396,0,0
1723,267.65,15.6913793785,-1.81,1.8034,0.19981,0.0072423,0.0000015,0.016852,0,0
1724,267.02,15.6779593745,-1.76,1.8037,0.19983,0.0072321,0.0000014,0.015695,0,0
1725,265.3,15.6645983546,-1.8,1.8018,0.19988,0.0072146,0.0000014,0.014772,0,0
1726,263.14,15.6513347211,-1.78,1.8005,0.19994,0.0071919,0.0000011,0.013985,0,0
1727,261.51,15.6381662151,-1.74,1.8027,0.20001,0.0071669,0.0000011,0.013185,0,0
1728,260.02,15.6250760199,-1.76,1.804,0.20006,0.0071423,0.0000006,0.011606,0,0
1729,259.02,15.6120483227,-1.8,1.806,0.2001,0.0071276,0.0000005,0.011523,0,0
1730,259.18,15.5990417092,-1.69,1.8066,0.2001,0.0071301,0.0000006,0.010412,0,0
1731,260.7,15.5859929283,-1.64,1.8072,0.20005,0.007149,0.0000006,0.009187,0,0
1732,264.18,15.5728186494,-1.82,1.8111,0.19996,0.0071712,0.0000007,0.011352,0,0
1733,267.14,15.5594827291,-1.79,1.8135,0.19988,0.0071848,0.0000009,0.010555,0,0
1734,267.77,15.5460567012,-1.8,1.8136,0.19986,0.007187,0.000001,0.010366,0,0
1735,267.39,15.5326243984,-1.79,1.8168,0.19989,0.0071793,0.0000012,0.010241,0,0
1736,266.31,15.519228741,-1.76,1.8207,0.19994,0.0071638,0.0000013,0.010977,0,0
1737,264.68,15.5059011036,-1.87,1.8209,0.2,0.0071393,0.000001,0.012851,0,0
1738,261.84,15.4926856614,-1.79,1.8201,0.20008,0.0071122,0.0000006,0.012356,0,0
1739,260.24,15.4795816614,-1.84,1.8224,0.20015,0.0070888,0.0000005,0.013129,0,0
1740,258.91,15.4665512032,-1.84,1.8224,0.20019,0.0070764,0.0000002,0.01307,0,0
1741,259.35,15.4535430837,-1.83,1.8227,0.20018,0.0070741,0.0000001,0.012161,0,0
1742,260.05,15.4405063506,-1.9,1.8203,0.20015,0.0070788,0.0000001,0.011071,0,0
1743,261.43,15.4274174104,-1.83,1.8181,0.20009,0.0070917,0.0000004,0.010596,0,0
1744,263.07,15.4142526693,-1.83,1.8182,0.20004,0.0071143,0.0000008,0.009628,0,0
1745,264.35,15.4010146375,-1.71,1.8117,0.19996,0.007149,0.000001,0.008896,0,0
1746,267.2,15.3876729442,-1.65,1.8136,0.19988,0.0071866,0.000001,0.009153,0,0
1747,270.38,15.3741799004,-1.82,1.8135,0.19977,0.0072175,0.0000012,0.009157,0,0
1748,272.14,15.3605628645,-1.72,1.8171,0.19973,0.007234,0.0000013,0.009275,0,0
1749,271.67,15.3469134502,-1.83,1.813,0.19973,0.0072324,0.0000015,0.007206,0,0
1750,269.87,15.333321012,-1.89,1.8139,0.19979,0.0072137,0.0000017,0.00567,0,0
1751,266.19,15.3198661195,-1.74,1.8145,0.19991,0.0071799,0.0000017,0.007785,0,0
1752,261.62,15.3066182988,-1.77,1.8132,0.20005,0.0071395,0.0000015,0.007684,0,0
1753,258.73,15.2935577211,-1.86,1.8155,0.20016,0.0070991,0.0000013,0.007575,0,0
1754,256.33,15.2806299203,-1.81,1.8165,0.20025,0.0070713,0.0000016,0.008563,0,0
1755,256.33,15.2677623586,-1.79,1.8197,0.20026,0.0070661,0.0000018,0.00773,0,0
1756,257.27,15.2548712032,-1.83,1.8151,0.20021,0.0070821,0.0000017,0.007392,0,0
1757,261.18,15.2418583147,-1.8,1.816,0.20009,0.0071131,0.0000016,0.007388,0,0
1758,264.9,15.2286539163,-1.84,1.812,0.19995,0.0071527,0.0000015,0.007179,0,0
1759,268.87,15.215256502,-1.73,1.814,0.19983,0.0071958,0.0000013,0.007551,0,0
1760,271.62,15.2016904183,-1.87,1.8132,0.19973,0.0072247,0.0000012,0.006933,0,0
1761,272.07,15.1880440159,-1.79,1.8104,0.1997,0.0072338,0.0000011,0.007804,0,0
1762,270.81,15.1744179442,-1.89,1.813,0.19976,0.0072243,0.0000013,0.006616,0,0
1763,267.76,15.1609000518,-1.81,1.813,0.19986,0.0071949,0.0000014,0.007499,0,0
1764,263.19,15.1475734183,-1.72,1.8082,0.19998,0.0071512,0.0000016,0.008163,0,0
1765,257.26,15.1345103307,-1.78,1.8028,0.20015,0.0070938,0.0000016,0.010101,0,0
1766,251.27,15.1217464303,-1.84,1.7941,0.20031,0.007035,0.0000016,0.009694,0,0
1767,247.42,15.10922951,-1.79,1.7856,0.2004,0.0069957,0.0000016,0.01019,0,0
1768,245.41,15.0968596733,-1.78,1.776,0.20043,0.0069766,0.0000021,0.008765,0,0
1769,245.25,15.0845443028,-1.91,1.7672,0.2004,0.0069705,0.0000022,0.010156,0,0
1770,247.22,15.072183502,-1.7,1.7683,0.20034,0.0069728,0.0000024,0.009634,0,0
1771,249.36,15.0597195418,-1.84,1.7707,0.20028,0.0069802,0.0000023,0.009806,0,0
1772,251.46,15.0471491594,-1.89,1.7704,0.20021,0.0069954,0.0000017,0.010618,0,0
1773,253.07,15.0344856574,-1.92,1.7708,0.20016,0.0070253,0.0000017,0.009789,0,0
1774,256.53,15.0216949004,-1.76,1.7769,0.20007,0.0070623,0.0000015,0.009564,0,0
1775,261.31,15.0086973227,-1.69,1.7837,0.19994,0.0071095,0.0000015,0.009554,0,0
1776,266.87,14.9954402151,-1.75,1.7974,0.19982,0.0071573,0.0000018,0.009579,0,0
1777,270.76,14.9819459163,-1.73,1.8038,0.19972,0.007205,0.0000017,0.009812,0,0
1778,273.22,14.9682922351,-1.77,1.8118,0.19967,0.0072383,0.0000017,0.010378,0,0
1779,274.61,14.9545419203,-1.67,1.8199,0.19966,0.0072659,0.0000014,0.00887,0,0
1780,275.11,14.9407441673,-1.85,1.823,0.19966,0.0072904,0.0000012,0.00833,0,0
1781,275.03,14.9269358725,-1.93,1.8208,0.19965,0.0073086,0.0000012,0.011146,0,0
1782,274.34,14.9131469044,-1.96,1.8159,0.19964,0.0073164,0.000001,0.009147,0,0
1783,273.07,14.8994071315,-1.86,1.8134,0.19967,0.0073194,0.000001,0.007834,0,0
1784,271.97,14.8857268446,-1.81,1.8125,0.1997,0.0073218,0.0000013,0.007396,0,0
1785,271.26,14.872091988,-1.79,1.8109,0.19972,0.0073155,0.0000014,0.006542,0,0
1786,269.36,14.8585226414,-1.8,1.8069,0.19976,0.0072917,0.0000015,0.007181,0,0
1787,266.75,14.845066494,-1.79,1.8062,0.19984,0.0072546,0.0000013,0.006605,0,0
1788,262.7,14.83177751,-1.81,1.8085,0.19999,0.0072111,0.0000011,0.007093,0,0
1789,260.16,14.8186539323,-1.89,1.81,0.20008,0.0071692,0.0000012,0.00547,0,0
1790,258.02,14.8056478207,-1.89,1.8088,0.20015,0.0071313,0.0000008,0.004301,0,0
1791,256.9,14.7927235339,-1.78,1.8142,0.20022,0.0070877,0.0000005,0.005051,0,0
1792,255.45,14.779863753,-1.7,1.8191,0.20029,0.007042,0.0000006,0.00549,0,0
1793,253.4,14.7670918207,-1.86,1.8205,0.20036,0.0070117,0.0000009,0.006634,0,0
1794,252.84,14.7543853984,-1.72,1.8159,0.20036,0.0069973,0.0000012,0.009192,0,0
1795,254.03,14.7416631633,-1.78,1.8146,0.20032,0.0069934,0.0000011,0.011166,0,0
1796,255.88,14.7288646255,-1.84,1.8169,0.20028,0.0069909,0.000001,0.011053,0,0
1797,257.43,14.715980749,-1.79,1.8207,0.20025,0.0069832,0.0000011,0.010467,0,0
1798,257.49,14.7030564622,-1.84,1.822,0.20025,0.0069711,0.0000012,0.008043,0,0
1799,255.88,14.6901710797,-1.89,1.8177,0.20029,0.0069617,0.0000013,0.006561,0,0
1800,255.26,14.6773416693,-1.79,1.8169,0.2003,0.0069624,0.0000012,0.006951,0,0
1801,255.99,14.664509498,-1.86,1.8151,0.20027,0.0069741,0.000001,0.006582,0,0
1802,257.32,14.6516256215,-1.84,1.8134,0.20022,0.0069913,0.0000009,0.008133,0,0
1803,259.83,14.6386453625,-1.81,1.8154,0.20015,0.0070099,0.0000006,0.006193,0,0
1804,261.65,14.6255564223,-1.91,1.8182,0.2001,0.0070238,0.0000008,0.006415,0,0
1805,262.55,14.6123992112,-1.79,1.8202,0.20008,0.0070376,0.0000011,0.00808,0,0
1806,262.38,14.5992236773,-1.81,1.818,0.20007,0.0070553,0.0000013,0.009627,0,0
1807,263.23,14.5860310757,-1.83,1.8185,0.20004,0.0070779,0.0000014,0.010543,0,0
1808,264.79,14.5727779841,-1.74,1.8182,0.19999,0.0070927,0.0000015,0.010552,0,0
1809,265.5,14.5594679163,-1.89,1.819,0.19997,0.0070938,0.0000011,0.011494,0,0
1810,264.71,14.5461598566,-1.77,1.8187,0.2,0.0070856,0.0000013,0.012533,0,0
1811,261.88,14.5329426574,-1.79,1.8159,0.20007,0.0070764,0.0000012,0.01261,0,0
1812,260.31,14.5198358964,-1.73,1.8144,0.20012,0.007068,0.0000013,0.01472,0,0
1813,258.91,14.5068036813,-1.8,1.8123,0.20015,0.0070566,0.0000014,0.015908,0,0
1814,258.31,14.4938216653,-1.73,1.8099,0.20016,0.0070387,0.0000014,0.016485,0,0
1815,256.93,14.4808893466,-1.81,1.8089,0.20021,0.0070164,0.0000014,0.018117,0,0
1816,255.32,14.4680320757,-1.79,1.8102,0.20026,0.0069946,0.0000012,0.019102,0,0
1817,253.9,14.4552508566,-1.84,1.8088,0.2003,0.0069807,0.0000016,0.019088,0,0
1818,252.52,14.4425399163,-1.82,1.8045,0.20033,0.0069828,0.0000016,0.019004,0,0
1819,253.5,14.4298390159,-1.83,1.8029,0.20029,0.0070026,0.0000011,0.017034,0,0
1820,257.78,14.4170060916,-1.78,1.8044,0.20016,0.0070326,0.0000008,0.015777,0,0
1821,261.93,14.4039615777,-1.83,1.8074,0.20004,0.0070556,0.0000004,0.016351,0,0
1822,263.11,14.3907832829,-1.76,1.8071,0.2,0.0070619,0.0000005,0.014035,0,0
1823,262.12,14.3776002191,-1.77,1.8075,0.20003,0.0070586,0.0000009,0.011709,0,0
1824,260.56,14.3644811594,-1.74,1.8078,0.20008,0.0070642,0.0000012,0.010443,0,0
1825,260.03,14.3514145578,-1.8,1.8055,0.20008,0.0070812,0.0000015,0.012721,0,0
1826,261.47,14.3383251155,-1.75,1.8014,0.20002,0.0071025,0.0000014,0.01347,0,0
1827,262.87,14.3251643904,-1.76,1.7984,0.19996,0.00712,0.0000015,0.013925,0,0
1828,264,14.3119401633,-1.87,1.8015,0.19993,0.0071264,0.0000014,0.013033,0,0
1829,263.2,14.2987076534,-1.8,1.801,0.19996,0.0071154,0.0000012,0.010603,0,0
1830,260.36,14.285566506,-1.78,1.7982,0.20004,0.0070863,0.0000011,0.012403,0,0
1831,256.81,14.272585745,-1.81,1.7998,0.20016,0.0070447,0.0000011,0.014168,0,0
1832,252.69,14.259797498,-1.76,1.8012,0.20031,0.0069988,0.0000008,0.014347,0,0
1833,250.02,14.2471796773,-1.92,1.8019,0.2004,0.0069651,0.0000008,0.013235,0,0
1834,249.12,14.2346514622,-1.85,1.801,0.20042,0.0069511,0.0000012,0.012536,0,0
1835,249.84,14.2221277649,-1.75,1.8,0.2004,0.0069543,0.000001,0.013156,0,0
1836,252.93,14.2095084382,-1.78,1.8019,0.20031,0.0069716,0.0000009,0.013559,0,0
1837,255.87,14.196737761,-1.84,1.8036,0.20022,0.0069955,0.0000008,0.010677,0,0
1838,258.91,14.183816988,-1.8,1.8052,0.20013,0.0070151,0.0000007,0.00981,0,0
1839,260.23,14.1707867809,-1.79,1.804,0.20008,0.0070283,0.0000005,0.008905,0,0
1840,261.15,14.1577003506,-1.82,1.8096,0.20008,0.0070323,0.0000006,0.008532,0,0
1841,259.79,14.1446249641,-1.74,1.8082,0.20011,0.0070353,0.0000008,0.009031,0,0
1842,259.67,14.1315867251,-1.66,1.8087,0.20011,0.0070469,0.0000008,0.011033,0,0
1843,260.68,14.1185261474,-1.88,1.8106,0.20009,0.007066,0.000001,0.011412,0,0
1844,262.18,14.1054025697,-1.76,1.8111,0.20004,0.0070908,0.0000009,0.01344,0,0
1845,263.93,14.0921974183,-1.92,1.8105,0.19998,0.0071236,0.0000007,0.014534,0,0
1846,266.22,14.0788908645,-1.84,1.8087,0.19989,0.0071637,0.0000005,0.014986,0,0
1847,269.09,14.0654547968,-1.83,1.8054,0.19978,0.007211,0.0000004,0.013194,0,0
1848,272.76,14.0518545777,-1.77,1.8052,0.19965,0.0072591,0.0000006,0.013483,0,0
1849,275.58,14.0380914622,-1.81,1.8097,0.19958,0.0072842,0.0000005,0.01391,0,0
1850,274.62,14.0242816614,-1.81,1.8095,0.19961,0.0072704,0.0000007,0.014464,0,0
1851,269.71,14.0106191952,-1.87,1.8091,0.19977,0.007232,0.000001,0.014623,0,0
1852,262.93,13.9972501434,-1.82,1.8061,0.19997,0.007196,0.0000011,0.014451,0,0
1853,259.59,13.9841350996,-1.77,1.8038,0.20007,0.0071868,0.000001,0.013204,0,0
1854,260.7,13.9710760279,-1.84,1.8049,0.20003,0.0071964,0.0000011,0.013187,0,0
1855,263.1,13.9579288566,-1.9,1.8034,0.19995,0.0072055,0.0000014,0.012284,0,0
1856,265.41,13.9446634661,-1.89,1.8052,0.19989,0.0071999,0.0000018,0.011973,0,0
1857,265.53,13.9313370837,-1.81,1.8097,0.19991,0.0071768,0.0000015,0.013704,0,0
1858,263.21,13.9180659203,-1.77,1.8105,0.19999,0.0071368,0.0000014,0.014477,0,0
1859,258.81,13.9049634263,-1.74,1.8123,0.20015,0.0070726,0.0000016,0.013871,0,0
1860,252.21,13.8921370279,-1.83,1.8123,0.20036,0.0070053,0.0000014,0.013,0,0
1861,247.84,13.8795859721,-1.74,1.8104,0.2005,0.0069609,0.0000011,0.012629,0,0
1862,248.06,13.8671390797,-1.84,1.813,0.2005,0.0069591,0.0000016,0.012574,0,0
1863,251.37,13.8546035857,-1.89,1.8096,0.20038,0.0069795,0.000002,0.012638,0,0
1864,256.24,13.8418627769,-1.87,1.8088,0.20023,0.0070087,0.0000019,0.012219,0,0
1865,260.95,13.8288815139,-1.82,1.8104,0.20008,0.0070424,0.0000019,0.012739,0,0
1866,264.23,13.8156997052,-1.81,1.8127,0.19999,0.0070748,0.0000019,0.012351,0,0
1867,266.04,13.8023901394,-1.92,1.8125,0.19992,0.0071032,0.0000016,0.011393,0,0
1868,266.91,13.7890133068,-1.83,1.8133,0.1999,0.0071244,0.0000015,0.011436,0,0
1869,267.08,13.7756103705,-1.8,1.8121,0.19988,0.0071395,0.0000014,0.011317,0,0
1870,266.96,13.7622061793,-1.88,1.813,0.19989,0.0071474,0.0000009,0.011637,0,0
1871,266.07,13.7488273386,-1.78,1.814,0.19992,0.0071416,0.0000011,0.011331,0,0
1872,264.14,13.7355192789,-1.78,1.813,0.19998,0.0071214,0.0000012,0.011666,0,0
1873,261.51,13.7223256733,-1.87,1.815,0.20008,0.0070906,0.0000011,0.011725,0,0
1874,257.96,13.7092871833,-1.78,1.8144,0.20019,0.0070633,0.0000012,0.01108,0,0
1875,256.04,13.696385988,-1.87,1.8125,0.20024,0.0070475,0.0000017,0.011406,0,0
1876,255.52,13.6835460359,-1.78,1.8091,0.20024,0.0070469,0.0000017,0.011487,0,0
1877,256.64,13.6706910239,-1.84,1.8052,0.20019,0.0070617,0.000002,0.011334,0,0
1878,259.23,13.6577428924,-1.87,1.8023,0.20009,0.0070872,0.0000019,0.011837,0,0
1879,262.31,13.6446524462,-1.79,1.8046,0.2,0.0071148,0.0000017,0.011908,0,0
1880,264.77,13.6314229482,-1.71,1.8049,0.19992,0.0071326,0.0000019,0.011864,0,0
1881,265.74,13.6181073586,-1.79,1.8081,0.19991,0.0071358,0.0000019,0.013479,0,0
1882,264.77,13.6047917689,-1.72,1.8098,0.19994,0.0071309,0.0000016,0.012512,0,0
1883,262.75,13.5915512271,-1.83,1.8106,0.20001,0.0071347,0.0000017,0.012331,0,0
1884,262.31,13.5783724303,-1.78,1.8067,0.2,0.0071592,0.0000015,0.014347,0,0
1885,265.47,13.5651253625,-1.78,1.8066,0.19989,0.0072005,0.0000016,0.014444,0,0
1886,270.19,13.55168051,-1.82,1.8106,0.19976,0.0072476,0.0000017,0.012801,0,0
1887,274.32,13.5380135259,-1.76,1.8146,0.19965,0.0072661,0.0000018,0.012433,0,0
1888,273.69,13.5242586932,-1.83,1.8136,0.19966,0.0072573,0.0000015,0.013484,0,0
1889,269.58,13.5106228327,-1.73,1.8118,0.19978,0.0072354,0.0000017,0.013639,0,0
1890,265.54,13.4971915339,-1.82,1.811,0.19991,0.0072158,0.0000017,0.013592,0,0
1891,263.11,13.4839226295,-1.78,1.8065,0.19997,0.0071955,0.0000016,0.014873,0,0
1892,262.13,13.4707393147,-1.89,1.8083,0.20001,0.0071712,0.0000015,0.014472,0,0
1893,260.35,13.4576252749,-1.76,1.8065,0.20006,0.0071481,0.0000015,0.013773,0,0
1894,258.83,13.4445940637,-1.87,1.8071,0.20011,0.0071357,0.0000015,0.013797,0,0
1895,259.87,13.4315749004,-1.88,1.8104,0.2001,0.007135,0.0000014,0.013287,0,0
1896,260.4,13.4185163307,-1.85,1.8065,0.20006,0.0071443,0.0000015,0.013051,0,0
1897,262.23,13.4053985259,-1.82,1.8043,0.19999,0.0071615,0.0000016,0.012731,0,0
1898,264.12,13.3921873506,-1.94,1.8044,0.19993,0.0071815,0.000002,0.011849,0,0
1899,267.39,13.3788466614,-1.86,1.8102,0.19985,0.0071916,0.0000023,0.012122,0,0
1900,267.68,13.3654166175,-1.88,1.8116,0.19985,0.0071839,0.000002,0.013542,0,0
1901,265.96,13.3520224661,-1.83,1.8157,0.19993,0.00717,0.0000016,0.01434,0,0
1902,263.73,13.3387274582,-1.89,1.8139,0.19999,0.0071646,0.0000017,0.01314,0,0
1903,262.69,13.3255145259,-1.85,1.8119,0.20001,0.0071752,0.000002,0.012716,0,0
1904,264.49,13.3122825179,-1.85,1.811,0.19995,0.00719,0.000002,0.013422,0,0
1905,266.52,13.2989543785,-1.74,1.8119,0.19989,0.0071893,0.0000018,0.013169,0,0
1906,266.25,13.2855820637,-1.85,1.8131,0.19991,0.0071631,0.0000018,0.014365,0,0
1907,262.39,13.2723134104,-1.89,1.8141,0.20004,0.0071163,0.0000017,0.014909,0,0
1908,257.38,13.2592673904,-1.78,1.8159,0.20021,0.0070572,0.0000015,0.013791,0,0
1909,252.73,13.2464638327,-1.83,1.8172,0.20037,0.0070023,0.0000013,0.012797,0,0
1910,249.63,13.2338547968,-1.87,1.8179,0.20048,0.0069551,0.0000009,0.012253,0,0
1911,247.96,13.2213654861,-1.82,1.8139,0.20052,0.0069284,0.0000009,0.012229,0,0
1912,248.87,13.208895251,-1.79,1.8136,0.20049,0.0069302,0.0000009,0.012172,0,0
1913,251.62,13.1963331514,-1.87,1.813,0.2004,0.0069534,0.000001,0.011965,0,0
1914,256.24,13.1835860677,-1.73,1.8135,0.20025,0.0069869,0.0000009,0.012807,0,0
1915,260.59,13.1706138406,-1.82,1.8143,0.20011,0.0070223,0.0000012,0.012833,0,0
1916,262.99,13.1574721912,-1.87,1.8104,0.20002,0.0070575,0.0000012,0.014124,0,0
1917,265.05,13.1442185976,-1.82,1.8107,0.19995,0.0070932,0.0000012,0.013201,0,0
1918,266,13.1308894542,-1.83,1.8088,0.1999,0.007121,0.0000011,0.013039,0,0
1919,266.27,13.1175296892,-1.85,1.8037,0.19987,0.0071329,0.0000006,0.012631,0,0
1920,264.89,13.1041977849,-1.89,1.8014,0.1999,0.007126,0.0000007,0.012576,0,0
1921,263.32,13.0909399243,-1.82,1.8066,0.19998,0.0071054,0.0000007,0.012335,0,0
1922,260.18,13.0778002829,-1.85,1.8065,0.20008,0.0070804,0.0000007,0.012083,0,0
1923,257.31,13.06481149,-1.84,1.8055,0.20017,0.007058,0.0000004,0.012361,0,0
1924,255.66,13.0519361474,-1.83,1.8062,0.20022,0.0070462,0,0.012201,0,0
1925,255.36,13.039109749,-1.87,1.8041,0.20023,0.0070377,0.0000002,0.012536,0,0
1926,256.14,13.0262713028,-1.83,1.8079,0.20022,0.0070212,0.0000006,0.011799,0,0
1927,255.67,13.0134250757,-1.78,1.8083,0.20024,0.0069909,0.0000008,0.012622,0,0
1928,254.25,13.0006262869,-1.83,1.8133,0.20032,0.0069567,0.000001,0.011979,0,0
1929,251.43,12.9879339203,-1.89,1.8158,0.20042,0.0069282,0.000001,0.012109,0,0
1930,250.85,12.9753268924,-1.86,1.8189,0.20045,0.0069185,0.0000011,0.013171,0,0
1931,251.53,12.9627173546,-1.87,1.8172,0.20042,0.0069366,0.000001,0.012433,0,0
1932,254.82,12.9500081713,-1.81,1.8157,0.2003,0.0069744,0.0000007,0.01346,0,0
1933,260.42,12.9370758526,-1.83,1.815,0.20012,0.007023,0.0000005,0.014142,0,0
1934,264.81,12.9238927888,-1.84,1.808,0.19994,0.0070791,0.0000004,0.014261,0,0
1935,268.45,12.9105081753,-1.95,1.8109,0.19984,0.0071229,0.0000002,0.01338,0,0
1936,269.72,12.8970003227,-1.88,1.8123,0.1998,0.0071383,0.0000007,0.01415,0,0
1937,268.63,12.8834879522,-1.84,1.8142,0.19985,0.0071223,0.0000009,0.013476,0,0
1938,264.18,12.8701146335,-1.83,1.8146,0.19999,0.0070868,0.0000008,0.013363,0,0
1939,258.44,12.8569970797,-1.83,1.8152,0.20018,0.0070469,0.0000006,0.013692,0,0
1940,254.85,12.8441137052,-1.83,1.814,0.20029,0.0070267,0.000001,0.014527,0,0
1941,253.97,12.8313425259,-1.87,1.811,0.2003,0.0070268,0.0000015,0.01426,0,0
1942,255.98,12.8185429841,-1.91,1.81,0.20023,0.0070438,0.0000015,0.014678,0,0
1943,258.86,12.8056207052,-1.83,1.8077,0.20013,0.0070784,0.0000016,0.01415,0,0
1944,263.51,12.7925094263,-1.81,1.8107,0.19999,0.0071209,0.0000018,0.013871,0,0
1945,267.62,12.7791782749,-1.74,1.8075,0.19984,0.0071689,0.0000019,0.013611,0,0
1946,271.11,12.7656563665,-1.87,1.8071,0.19972,0.0072171,0.0000017,0.012867,0,0
1947,272.67,12.7520077052,-2.03,1.8077,0.19967,0.0072554,0.0000017,0.013084,0,0
1948,272.19,12.7383319363,-1.81,1.803,0.19965,0.0072793,0.0000017,0.012746,0,0
1949,272.24,12.7246669602,-1.78,1.8014,0.19964,0.0072936,0.0000017,0.013954,0,0
1950,271.06,12.7110303466,-1.75,1.7977,0.19966,0.0072932,0.0000017,0.014116,0,0
1951,269.36,12.6974660199,-1.82,1.7993,0.19972,0.0072777,0.0000014,0.013079,0,0
1952,266.95,12.6840048526,-1.85,1.8014,0.19981,0.0072504,0.0000013,0.013109,0,0
1953,263.96,12.6706792231,-1.85,1.8032,0.19992,0.007215,0.0000014,0.01271,0,0
1954,260.82,12.6575074542,-1.84,1.8033,0.20003,0.0071738,0.0000014,0.012145,0,0
1955,258.06,12.6444837729,-1.78,1.8051,0.20013,0.0071328,0.0000013,0.012677,0,0
1956,255.7,12.6315886016,-1.84,1.8065,0.20021,0.0070948,0.0000012,0.012382,0,0
1957,254.89,12.618772996,-1.89,1.8092,0.20026,0.0070559,0.0000011,0.010863,0,0
1958,253.34,12.6060166255,-1.83,1.8106,0.20032,0.007012,0.0000012,0.010349,0,0
1959,251.04,12.5933568884,-1.84,1.8099,0.2004,0.0069692,0.0000011,0.009301,0,0
1960,249.36,12.5807970478,-1.9,1.8124,0.20046,0.006939,0.0000011,0.009857,0,0
1961,249.01,12.5682881594,-1.94,1.8125,0.20048,0.0069259,0.0000012,0.010489,0,0
1962,250.31,12.5557554263,-1.78,1.8117,0.20043,0.0069273,0.0000009,0.010616,0,0
1963,252.66,12.5431310797,-1.78,1.8145,0.20037,0.0069325,0.0000008,0.011006,0,0
1964,254.76,12.5303950398,-1.84,1.816,0.20032,0.0069407,0.0000007,0.011868,0,0
1965,255.61,12.5175849562,-1.8,1.8148,0.20028,0.006956,0.0000006,0.011562,0,0
1966,256.84,12.5047226653,-1.83,1.8133,0.20023,0.0069796,0.000001,0.013457,0,0
1967,259.65,12.4917589721,-1.79,1.8144,0.20014,0.0070117,0.0000012,0.013361,0,0
1968,262.2,12.478660745,-1.74,1.8131,0.20005,0.0070467,0.0000015,0.012478,0,0
1969,264.24,12.4654473108,-1.77,1.8119,0.19998,0.007076,0.0000015,0.012654,0,0
1970,265.22,12.4521580757,-1.84,1.8107,0.19994,0.0070903,0.0000013,0.012883,0,0
1971,264.88,12.4388527769,-1.71,1.8106,0.19995,0.007095,0.0000013,0.013358,0,0
1972,263.7,12.4255856295,-1.82,1.8125,0.19999,0.0071016,0.0000014,0.013919,0,0
1973,263.41,12.4123553785,-1.84,1.8122,0.2,0.0071126,0.0000014,0.014381,0,0
1974,263.6,12.3991276375,-1.8,1.8111,0.19999,0.0071253,0.0000013,0.014332,0,0
1975,263.75,12.3858913625,-1.9,1.8074,0.19996,0.007145,0.0000016,0.014823,0,0
1976,265.25,12.3726136733,-1.81,1.8075,0.19991,0.0071611,0.0000018,0.014766,0,0
1977,266.28,12.3592724821,-1.86,1.8088,0.19989,0.0071593,0.0000017,0.013881,0,0
1978,265.26,12.3459310398,-1.94,1.8096,0.19993,0.0071359,0.0000016,0.013402,0,0
1979,262.36,12.332687988,-1.82,1.8142,0.20004,0.0070991,0.0000015,0.014048,0,0
1980,258.73,12.3196088367,-1.82,1.818,0.20018,0.0070607,0.0000016,0.013832,0,0
1981,254.58,12.3067249602,-1.87,1.8145,0.2003,0.0070195,0.0000017,0.014215,0,0
1982,252.29,12.2940027251,-1.82,1.815,0.20038,0.0069793,0.0000016,0.013373,0,0
1983,250.78,12.2813758685,-1.77,1.8129,0.20042,0.0069467,0.0000018,0.013874,0,0
1984,248.98,12.2688320916,-1.83,1.8092,0.20046,0.0069307,0.0000016,0.013432,0,0
1985,249.9,12.2563104024,-1.91,1.8098,0.20044,0.0069351,0.0000017,0.013627,0,0
1986,252.82,12.2436923307,-1.9,1.8117,0.20035,0.0069556,0.0000018,0.013285,0,0
1987,256.07,12.2309193944,-1.87,1.8082,0.20023,0.0069858,0.000002,0.01326,0,0
1988,260.07,12.2179644861,-1.83,1.809,0.20011,0.0070154,0.0000019,0.013404,0,0
1989,261.76,12.204866761,-1.76,1.8069,0.20004,0.0070389,0.0000018,0.014198,0,0
1990,261.95,12.1917218486,-1.92,1.8027,0.20001,0.0070578,0.0000018,0.01456,0,0
1991,261.55,12.1785822072,-1.8,1.7985,0.2,0.0070763,0.0000018,0.014428,0,0
1992,261.61,12.1654510996,-1.79,1.795,0.19998,0.0070872,0.0000017,0.013966,0,0
1993,261.41,12.152323506,-1.77,1.797,0.2,0.0070794,0.0000017,0.013047,0,0
1994,259.82,12.1392408406,-1.81,1.7983,0.20006,0.0070501,0.0000017,0.012064,0,0
1995,255.38,12.1263095259,-1.77,1.7986,0.20021,0.0070077,0.0000014,0.013218,0,0
1996,249.85,12.1136284542,-1.87,1.7926,0.20036,0.0069641,0.0000014,0.013627,0,0
1997,247.59,12.1011429084,-1.75,1.794,0.20044,0.0069351,0.0000014,0.014902,0,0
1998,247.31,12.0887211155,-1.92,1.7951,0.20046,0.0069202,0.0000016,0.014159,0,0
1999,248.38,12.076279494,-1.78,1.7966,0.20043,0.0069165,0.0000017,0.013972,0,0
2000,249.66,12.0637788884,-1.84,1.7968,0.20039,0.006927,0.0000018,0.013502,0,0
2001,252.32,12.0511793904,-1.82,1.7979,0.20031,0.0069556,0.0000019,0.013396,0,0
2002,256.1,12.038418251,-1.88,1.8011,0.2002,0.0069953,0.0000021,0.0138,0,0
2003,260.8,12.0254442669,-1.77,1.8013,0.20004,0.0070425,0.0000019,0.013434,0,0
2004,265.02,12.0122463944,-1.85,1.8046,0.19992,0.0070655,0.0000016,0.013171,0,0
2005,265.29,11.9989358247,-1.85,1.8076,0.19993,0.0070551,0.0000014,0.013291,0,0
2006,261.99,11.9857013068,-1.84,1.8125,0.20006,0.0070267,0.0000017,0.013119,0,0
2007,257.34,11.9726663307,-1.84,1.812,0.20021,0.0069961,0.0000014,0.011795,0,0
2008,253.91,11.9598341594,-1.78,1.8102,0.20031,0.0069775,0.0000012,0.012459,0,0
2009,252.57,11.9471217131,-1.84,1.809,0.20034,0.0069715,0.0000011,0.012516,0,0
2010,253.64,11.9344160438,-1.84,1.8095,0.20031,0.0069794,0.0000012,0.013641,0,0
2011,255.92,11.9216262908,-1.87,1.8096,0.20024,0.0069973,0.0000012,0.014458,0,0
2012,257.99,11.9087273546,-1.85,1.8081,0.20017,0.0070172,0.0000014,0.01455,0,0
2013,260.39,11.8957162231,-1.91,1.8084,0.20009,0.007036,0.0000012,0.014187,0,0
2014,260.86,11.8826330558,-1.86,1.8058,0.20006,0.0070537,0.0000011,0.01402,0,0
2015,261.15,11.8695308127,-1.78,1.8041,0.20004,0.0070714,0.0000015,0.01458,0,0
2016,262.22,11.8563944343,-1.78,1.8021,0.2,0.0070871,0.0000017,0.013912,0,0
2017,262.26,11.8432301952,-1.91,1.8004,0.19998,0.0070981,0.0000015,0.013885,0,0
2018,262.43,11.8300606853,-1.82,1.8019,0.19999,0.0070987,0.0000009,0.013678,0,0
2019,260.98,11.8169233028,-1.78,1.8004,0.20002,0.0070954,0.0000007,0.012735,0,0
2020,258.79,11.8038772829,-1.75,1.7968,0.20008,0.0070974,0.0000005,0.013024,0,0
2021,259.16,11.7908769442,-1.88,1.7961,0.20006,0.0071048,0.0000003,0.013165,0,0
2022,260.01,11.7778459841,-1.88,1.7959,0.20003,0.0071078,0.0000005,0.013036,0,0
2023,260.27,11.7647871633,-1.77,1.7958,0.20002,0.0070977,0.0000006,0.013188,0,0
2024,259.16,11.7517496773,-1.79,1.7973,0.20007,0.0070761,0.0000003,0.013375,0,0
2025,256.75,11.7388005418,-1.81,1.7999,0.20016,0.0070475,0.0000004,0.013142,0,0
2026,254.63,11.7259651076,-1.79,1.8021,0.20024,0.0070203,0.0000007,0.012775,0,0
2027,252.97,11.7132245498,-1.82,1.8025,0.2003,0.0069949,0.0000012,0.013072,0,0
2028,252.03,11.700549251,-1.85,1.8017,0.20033,0.0069681,0.0000014,0.013901,0,0
2029,252.42,11.687887757,-1.86,1.8076,0.20035,0.0069348,0.0000011,0.013024,0,0
2030,250.26,11.6752706892,-1.79,1.8096,0.20043,0.0069003,0.000001,0.013619,0,0
2031,247.92,11.6627665697,-1.87,1.8089,0.20051,0.006873,0.000001,0.014388,0,0
2032,247.37,11.650334988,-1.8,1.8077,0.20052,0.0068628,0.0000012,0.013686,0,0
2033,248.2,11.6378963785,-1.88,1.8089,0.2005,0.0068738,0.0000017,0.013692,0,0
2034,250.94,11.6253681633,-1.81,1.8071,0.2004,0.0069015,0.0000017,0.013934,0,0
2035,254.93,11.6126710279,-1.89,1.8072,0.20027,0.0069372,0.0000016,0.013701,0,0
2036,258.6,11.5997816295,-1.93,1.808,0.20015,0.0069733,0.0000016,0.013762,0,0
2037,261.01,11.5867396255,-1.88,1.8057,0.20006,0.007017,0.0000016,0.014052,0,0
2038,263.92,11.5735640916,-1.85,1.8047,0.19996,0.0070705,0.0000013,0.012713,0,0
2039,267.45,11.5602269163,-1.81,1.804,0.19983,0.0071347,0.0000011,0.012503,0,0
2040,271.37,11.546702749,-1.82,1.8043,0.1997,0.0071957,0.0000012,0.013426,0,0
2041,274.86,11.5329925936,-1.86,1.8063,0.19959,0.0072488,0.0000011,0.012776,0,0
2042,275.66,11.519174761,-1.86,1.8083,0.19957,0.0072716,0.0000012,0.013181,0,0
2043,273.29,11.5053963347,-1.8,1.8054,0.19963,0.0072777,0.0000013,0.012442,0,0
2044,270.98,11.4917353745,-1.91,1.8051,0.1997,0.0072728,0.0000011,0.012064,0,0
2045,268.77,11.4781878645,-1.77,1.8065,0.19978,0.0072557,0.000001,0.012835,0,0
2046,266.17,11.4647610837,-1.76,1.8054,0.19986,0.007227,0.0000011,0.013238,0,0
2047,262.89,11.4514818884,-1.87,1.8059,0.19997,0.0071924,0.0000016,0.013381,0,0
2048,259.7,11.4383650876,-1.81,1.8051,0.20007,0.0071643,0.0000018,0.013642,0,0
2049,258.15,11.425367259,-1.82,1.805,0.20012,0.0071486,0.0000016,0.013906,0,0
2050,258.7,11.4123945299,-1.82,1.8051,0.20011,0.0071428,0.0000014,0.013437,0,0
2051,260.29,11.3993680876,-1.75,1.8065,0.20006,0.0071423,0.0000015,0.01212,0,0
2052,260.87,11.3862871793,-1.92,1.8043,0.20003,0.0071463,0.0000017,0.011826,0,0
2053,262.21,11.3731580797,-1.82,1.8045,0.19999,0.0071589,0.0000017,0.012476,0,0
2054,264.28,11.3599433904,-1.82,1.8075,0.19994,0.0071754,0.0000016,0.012739,0,0
2055,265.92,11.3466355817,-1.79,1.8085,0.19989,0.0071893,0.0000016,0.011944,0,0
2056,266.81,11.3332642709,-1.89,1.8088,0.19986,0.0072008,0.0000013,0.011187,0,0
2057,267.32,11.3198578207,-1.79,1.8091,0.19984,0.0072158,0.0000008,0.011097,0,0
2058,267.94,11.306423008,-1.9,1.811,0.19983,0.0072306,0.0000006,0.011454,0,0
2059,268.05,11.2929698725,-1.86,1.8064,0.19981,0.0072334,0.0000008,0.011587,0,0
2060,267.5,11.2795277809,-1.7,1.8049,0.19982,0.0072219,0.0000011,0.012345,0,0
2061,265.82,11.2661416614,-1.79,1.8061,0.19988,0.0071992,0.0000012,0.013604,0,0
2062,263.26,11.2528619641,-1.82,1.8085,0.19997,0.0071759,0.0000012,0.012637,0,0
2063,261.42,11.2396927052,-1.93,1.811,0.20004,0.0071579,0.0000014,0.01166,0,0
2064,261.08,11.2265781633,-1.82,1.8117,0.20006,0.0071484,0.0000015,0.011035,0,0
2065,260.46,11.2134877171,-1.82,1.8074,0.20006,0.0071483,0.0000019,0.010791,0,0
2066,261.11,11.2003965179,-1.79,1.8043,0.20003,0.0071533,0.000002,0.010641,0,0
2067,262.36,11.1872576295,-1.88,1.8044,0.19999,0.0071627,0.0000019,0.01035,0,0
2068,264.04,11.1740451992,-1.83,1.8065,0.19994,0.0071673,0.0000019,0.009729,0,0
2069,264.93,11.1607682629,-1.85,1.8098,0.19993,0.0071562,0.0000019,0.009426,0,0
2070,263.19,11.1475126614,-1.71,1.8086,0.19998,0.0071353,0.0000018,0.010983,0,0
2071,260.46,11.134369255,-1.85,1.8069,0.20006,0.007119,0.0000017,0.011976,0,0
2072,258.56,11.1213420598,-1.83,1.8033,0.20011,0.0071139,0.0000014,0.012333,0,0
2073,258.93,11.1083532669,-1.75,1.8021,0.20009,0.0071126,0.0000012,0.013137,0,0
2074,259.92,11.0953303386,-1.87,1.8012,0.20006,0.0071084,0.0000013,0.012736,0,0
2075,260.24,11.0822745299,-1.85,1.8044,0.20007,0.0070961,0.0000014,0.012124,0,0
2076,259.89,11.0692194741,-1.99,1.8086,0.2001,0.0070736,0.0000015,0.011986,0,0
2077,257.62,11.0562301793,-1.75,1.8078,0.20017,0.0070457,0.0000014,0.012724,0,0
2078,254.59,11.0433739124,-1.9,1.8021,0.20024,0.0070253,0.0000014,0.012473,0,0
2079,254.01,11.030608255,-1.85,1.8051,0.20027,0.0070203,0.0000011,0.012949,0,0
2080,254.96,11.0178333108,-1.8,1.8061,0.20025,0.0070292,0.0000008,0.0132,0,0
2081,257.41,11.0049730279,-1.81,1.806,0.20017,0.0070456,0.000001,0.012536,0,0
2082,260.63,10.9919704303,-1.84,1.8116,0.20009,0.0070602,0.0000011,0.012393,0,0
2083,261.37,10.9788684382,-1.92,1.809,0.20005,0.0070763,0.0000013,0.012236,0,0
2084,262.27,10.9657252829,-1.88,1.8073,0.20001,0.0071022,0.0000015,0.012918,0,0
2085,263.65,10.9525249004,-1.86,1.8025,0.19994,0.0071432,0.0000014,0.012403,0,0
2086,267.14,10.9392022829,-1.78,1.8015,0.19982,0.0071991,0.0000014,0.012281,0,0
2087,271.82,10.9256746016,-1.81,1.8027,0.19967,0.0072498,0.0000015,0.012606,0,0
2088,274.5,10.9119621873,-1.91,1.8049,0.19959,0.0072699,0.0000013,0.012387,0,0
2089,273,10.8982201554,-1.87,1.8041,0.19964,0.0072498,0.0000014,0.012452,0,0
2090,267.83,10.8846455378,-1.88,1.8049,0.19981,0.0072129,0.0000013,0.013097,0,0
2091,262.69,10.8713296972,-1.84,1.8048,0.19997,0.0071777,0.0000008,0.0136,0,0
2092,258.65,10.8582442709,-1.79,1.8011,0.20009,0.0071596,0.0000004,0.01277,0,0
2093,258.67,10.845259745,-1.77,1.8035,0.2001,0.0071555,0.0000005,0.013132,0,0
2094,259.82,10.8322458526,-1.86,1.8007,0.20005,0.0071572,0.000001,0.013278,0,0
2095,261.38,10.8191639402,-1.85,1.8019,0.2,0.0071628,0.000001,0.013128,0,0
2096,262.27,10.8060205339,-1.84,1.8001,0.19997,0.0071713,0.0000008,0.012847,0,0
2097,262.94,10.7928379721,-1.79,1.7982,0.19994,0.0071729,0.0000008,0.012769,0,0
2098,263.82,10.779616506,-1.88,1.8013,0.19993,0.0071572,0.0000008,0.013281,0,0
2099,261.8,10.7664236534,-1.84,1.8012,0.2,0.007125,0.0000009,0.013407,0,0
2100,257.93,10.7533786375,-1.92,1.7983,0.20011,0.007089,0.0000008,0.013706,0,0
2101,254.74,10.7405108247,-1.79,1.7976,0.20021,0.0070492,0.0000008,0.013211,0,0
2102,252.44,10.7277808088,-1.76,1.7978,0.20029,0.0070068,0.0000005,0.014051,0,0
2103,249.2,10.7151898446,-1.9,1.7938,0.20039,0.0069637,0.0000005,0.01475,0,0
2104,247.34,10.7027268884,-1.94,1.7972,0.20046,0.0069287,0.0000006,0.015393,0,0
2105,246.54,10.6903306972,-1.95,1.7982,0.2005,0.0069088,0.0000004,0.015494,0,0
2106,246.79,10.6779483108,-1.79,1.7968,0.20048,0.0069045,0.0000004,0.015499,0,0
2107,249.4,10.6654941394,-1.86,1.8005,0.20042,0.0069107,0.0000004,0.015104,0,0
2108,251.5,10.652921749,-1.85,1.8019,0.20036,0.0069265,0.0000007,0.015292,0,0
2109,253.66,10.6402424343,-1.77,1.8021,0.20028,0.0069537,0.0000006,0.016473,0,0
2110,257.04,10.6274240677,-1.82,1.8041,0.20018,0.0069893,0.0000004,0.017432,0,0
2111,261.37,10.6144121833,-1.87,1.8073,0.20006,0.0070333,0.0000002,0.016888,0,0
2112,264.76,10.6012065299,-1.8,1.81,0.19995,0.0070817,0,0.016795,0,0
2113,268.27,10.5878276892,-1.98,1.8136,0.19985,0.0071261,0,0.017005,0,0
2114,269.75,10.5743236016,-1.91,1.8123,0.19979,0.0071632,0.0000002,0.01871,0,0
2115,270.77,10.5607567649,-1.82,1.812,0.19975,0.0072063,0.0000005,0.018496,0,0
2116,273.15,10.5471045896,-1.81,1.8159,0.19969,0.0072419,0.0000012,0.01791,0,0
2117,273.85,10.5333751076,-1.91,1.8153,0.19966,0.0072598,0.0000015,0.018608,0,0
2118,272.31,10.5196667092,-1.79,1.8094,0.19968,0.0072604,0.0000014,0.019292,0,0
2119,270.02,10.5060544422,-1.86,1.8108,0.19976,0.0072537,0.000001,0.019305,0,0
2120,266.98,10.4925759562,-1.93,1.8073,0.19984,0.0072442,0.0000012,0.019012,0,0
2121,265.36,10.4792144343,-1.95,1.8046,0.19988,0.0072239,0.0000016,0.017898,0,0
2122,264.16,10.4659236932,-1.84,1.806,0.19993,0.0071908,0.0000015,0.018767,0,0
2123,260.62,10.4527519243,-2,1.8063,0.20005,0.0071442,0.0000014,0.018718,0,0
2124,256.41,10.4397746773,-1.71,1.8065,0.20019,0.0070987,0.0000013,0.018858,0,0
2125,254.27,10.4269568127,-1.76,1.8066,0.20026,0.0070685,0.0000013,0.018881,0,0
2126,253.1,10.4142220279,-1.95,1.8035,0.20029,0.0070593,0.0000015,0.018165,0,0
2127,254.76,10.4014749442,-1.88,1.801,0.20022,0.007069,0.0000013,0.018518,0,0
2128,259.01,10.3885795219,-1.88,1.8093,0.20012,0.007091,0.0000009,0.018171,0,0
2129,262.66,10.3754858127,-1.86,1.8105,0.20001,0.0071153,0.000001,0.017658,0,0
2130,265.05,10.362240502,-1.91,1.8137,0.19995,0.0071263,0.000001,0.017711,0,0
2131,266.69,10.3488940398,-1.79,1.819,0.19993,0.007122,0.0000008,0.017519,0,0
2132,264.49,10.3355616335,-1.88,1.8192,0.2,0.0071122,0.0000009,0.01748,0,0
2133,262.17,10.3223426773,-1.94,1.8184,0.20006,0.0071094,0.0000006,0.018068,0,0
2134,262.39,10.3091764303,-1.83,1.8184,0.20005,0.0071176,0.0000006,0.018304,0,0
2135,263.42,10.2959788088,-1.83,1.817,0.20001,0.0071326,0.0000005,0.0174,0,0
2136,265.27,10.2827089004,-1.84,1.8193,0.19997,0.0071458,0.0000008,0.016118,0,0
2137,266.43,10.2693634422,-1.89,1.8198,0.19993,0.0071474,0.0000009,0.015144,0,0
2138,265.23,10.256018988,-1.9,1.8162,0.19996,0.007134,0.0000007,0.015854,0,0
2139,263.01,10.2427603745,-1.72,1.8139,0.20002,0.0071045,0.0000007,0.015809,0,0
2140,259.99,10.2296332829,-1.93,1.8161,0.20013,0.0070679,0.0000011,0.016206,0,0
2141,255.99,10.2166823904,-1.86,1.815,0.20025,0.0070269,0.0000009,0.016272,0,0
2142,253.26,10.2039004183,-1.89,1.8119,0.20033,0.0069938,0.0000011,0.016511,0,0
2143,251.56,10.1912296375,-1.9,1.8102,0.20038,0.0069748,0.000001,0.016631,0,0
2144,251.84,10.178594498,-1.85,1.8102,0.20037,0.0069734,0.0000009,0.015352,0,0
2145,253.24,10.1659171912,-1.87,1.8067,0.20031,0.0069889,0.000001,0.015371,0,0
2146,255.89,10.1531382311,-1.88,1.8036,0.20021,0.0070125,0.0000008,0.015733,0,0
2147,259.74,10.1401961235,-1.89,1.8073,0.2001,0.0070341,0.0000008,0.015503,0,0
2148,261.74,10.1271071833,-1.74,1.809,0.20005,0.0070457,0.0000007,0.015688,0,0
2149,261.59,10.1139718088,-1.93,1.809,0.20005,0.007047,0.000001,0.015326,0,0
2150,260.48,10.1008680598,-1.88,1.8093,0.20009,0.0070412,0.0000013,0.015645,0,0
2151,258.42,10.0878438765,-1.92,1.8064,0.20014,0.0070367,0.000001,0.016326,0,0
2152,258.37,10.0748726534,-1.86,1.8097,0.20016,0.0070331,0.0000009,0.015795,0,0
2153,258.54,10.0618984183,-1.87,1.8135,0.20017,0.0070268,0.000001,0.016667,0,0
2154,258.58,10.0489189124,-1.79,1.8149,0.20018,0.0070145,0.0000014,0.016989,0,0
2155,257.74,10.0359594861,-1.86,1.8188,0.20022,0.0069982,0.0000016,0.016562,0,0
2156,256.36,10.0230557809,-1.8,1.8182,0.20026,0.0069874,0.0000017,0.015701,0,0
2157,255.99,10.010196,-1.83,1.8188,0.20028,0.0069915,0.0000014,0.015079,0,0
2158,257,9.9973201554,-1.7,1.8176,0.20024,0.0070124,0.0000013,0.01475,0,0
2159,260.12,9.9843406494,-1.79,1.8195,0.20014,0.0070403,0.0000014,0.014673,0,0
2160,263.25,9.9712042709,-1.83,1.8196,0.20004,0.0070626,0.0000015,0.014122,0,0
2161,265.56,9.9579313506,-1.78,1.823,0.19999,0.0070777,0.0000017,0.014256,0,0
2162,264.93,9.9446162629,-1.72,1.8193,0.19999,0.0070848,0.0000016,0.014454,0,0
2163,264.46,9.9313287849,-1.8,1.8213,0.20001,0.0070825,0.0000019,0.014408,0,0
2164,262.84,9.9180937649,-1.87,1.8196,0.20006,0.0070725,0.0000023,0.01416,0,0
2165,260.62,9.9049551275,-1.84,1.8176,0.20012,0.007065,0.0000019,0.014247,0,0
2166,259.63,9.8918970598,-1.81,1.8164,0.20014,0.0070756,0.0000018,0.01448,0,0
2167,260.94,9.8788309602,-1.76,1.8132,0.20008,0.007107,0.0000016,0.014191,0,0
2168,264.57,9.8656408685,-1.86,1.8107,0.19995,0.0071505,0.0000013,0.013755,0,0
2169,269.22,9.8522429522,-1.9,1.8126,0.19981,0.0071895,0.0000013,0.014113,0,0
2170,271.17,9.8386793785,-1.92,1.8142,0.19975,0.0071969,0.0000014,0.013618,0,0
2171,268.95,9.8251225817,-1.79,1.8096,0.1998,0.007181,0.0000012,0.014112,0,0
2172,265.14,9.8117171355,-1.86,1.811,0.19993,0.0071585,0.0000013,0.014426,0,0
2173,261.87,9.7984893944,-1.81,1.8096,0.20003,0.0071374,0.0000013,0.014153,0,0
2174,259.81,9.7853954343,-1.77,1.8086,0.20009,0.0071161,0.000001,0.015085,0,0
2175,258.75,9.7723797849,-1.81,1.8104,0.20014,0.007091,0.0000009,0.014244,0,0
2176,256.88,9.7594376773,-1.83,1.8072,0.20018,0.0070759,0.0000008,0.01324,0,0
2177,256.43,9.7465538008,-1.78,1.806,0.20019,0.007081,0.0000006,0.013012,0,0
2178,257.79,9.7336470837,-1.88,1.8046,0.20014,0.0071063,0.0000005,0.014548,0,0
2179,261.16,9.7206216454,-1.83,1.8012,0.20001,0.0071421,0.0000004,0.013796,0,0
2180,265.09,9.7074129801,-1.87,1.7984,0.19987,0.0071695,0.0000006,0.01303,0,0
2181,267.04,9.6940567291,-1.86,1.8019,0.19983,0.0071797,0.0000009,0.012931,0,0
2182,266.24,9.6806716135,-1.82,1.8013,0.19985,0.0071688,0.000001,0.013487,0,0
2183,263.54,9.6673743466,-1.86,1.8019,0.19994,0.0071462,0.0000011,0.014679,0,0
2184,260.83,9.6542128685,-1.83,1.8049,0.20004,0.007124,0.0000011,0.013791,0,0
2185,258.27,9.6411836653,-1.89,1.8029,0.20011,0.0071142,0.0000012,0.014678,0,0
2186,258.51,9.6282126932,-1.81,1.8036,0.20011,0.0071231,0.0000015,0.013343,0,0
2187,260.52,9.615185247,-1.9,1.8021,0.20004,0.0071401,0.0000014,0.012348,0,0
2188,263.46,9.6020335578,-1.86,1.8061,0.19996,0.007145,0.0000014,0.012576,0,0
2189,264.53,9.5887812191,-1.87,1.8085,0.19994,0.0071308,0.0000014,0.012341,0,0
2190,262.29,9.575558247,-1.78,1.8104,0.20003,0.0071064,0.0000012,0.011879,0,0
2191,259.42,9.5624635339,-1.8,1.8086,0.20011,0.0070849,0.0000012,0.012311,0,0
2192,257.47,9.5494898008,-1.91,1.8104,0.20018,0.0070761,0.0000013,0.01273,0,0
2193,257.16,9.5365727928,-1.79,1.8083,0.20018,0.007078,0.0000014,0.012394,0,0
2194,259.07,9.5236156255,-1.82,1.8103,0.20013,0.0070812,0.0000011,0.01318,0,0
2195,260.44,9.5105761315,-1.84,1.81,0.20008,0.0070829,0.000001,0.012495,0,0
2196,260.49,9.497500996,-1.83,1.8088,0.20008,0.0070842,0.0000009,0.013039,0,0
2197,261.18,9.4844072869,-1.81,1.8121,0.20007,0.0070852,0.0000011,0.013386,0,0
2198,261.24,9.471294753,-1.71,1.8113,0.20007,0.0070889,0.000001,0.012679,0,0
2199,260.72,9.4581937649,-1.86,1.8068,0.20006,0.0070978,0.0000011,0.012,0,0
2200,261.75,9.4450799761,-1.82,1.8096,0.20004,0.0071116,0.000001,0.011823,0,0
2201,262.96,9.4319099641,-1.85,1.8102,0.2,0.00713,0.000001,0.012283,0,0
2202,264.31,9.4186756972,-1.79,1.8082,0.19995,0.0071473,0.000001,0.01201,0,0
2203,265.23,9.4053844542,-1.87,1.8079,0.19991,0.0071557,0.0000009,0.011173,0,0
2204,264.55,9.3920871873,-1.83,1.8042,0.19992,0.0071504,0.000001,0.011682,0,0
2205,263.4,9.3788358526,-1.85,1.8059,0.19997,0.0071314,0.0000012,0.011892,0,0
2206,261.4,9.3656635817,-1.81,1.8082,0.20004,0.007101,0.0000012,0.012116,0,0
2207,257.71,9.3526341275,-1.84,1.8078,0.20016,0.0070608,0.000001,0.012143,0,0
2208,254.77,9.3397710837,-1.83,1.8109,0.20028,0.00702,0.0000014,0.012898,0,0
2209,252,9.3270513586,-1.83,1.8099,0.20036,0.0069941,0.0000015,0.013322,0,0
2210,251.4,9.3144162191,-1.78,1.809,0.20038,0.0069853,0.0000014,0.013012,0,0
2211,253.03,9.3017552271,-1.8,1.808,0.20032,0.0069833,0.0000011,0.013659,0,0
2212,254.52,9.2890159243,-1.84,1.8064,0.20027,0.0069843,0.0000014,0.014988,0,0
2213,255.58,9.2762126175,-1.84,1.8092,0.20025,0.006985,0.0000014,0.015437,0,0
2214,256.8,9.2633520837,-1.84,1.8126,0.20023,0.0069854,0.0000015,0.015683,0,0
2215,256.95,9.2504571633,-1.81,1.8121,0.20022,0.0069859,0.0000017,0.01441,0,0
2216,257.18,9.2375527052,-1.84,1.8137,0.20022,0.0069922,0.0000015,0.013642,0,0
2217,257.17,9.2246427251,-1.85,1.8122,0.20021,0.0070076,0.0000017,0.013162,0,0
2218,258.68,9.2116950956,-1.85,1.8103,0.20015,0.0070333,0.0000019,0.012957,0,0
2219,261.96,9.198627239,-1.77,1.8131,0.20005,0.0070647,0.0000019,0.014223,0,0
2220,264.02,9.1854253506,-1.77,1.811,0.19998,0.007098,0.0000018,0.015185,0,0
2221,266.53,9.172108757,-1.82,1.8138,0.1999,0.0071387,0.0000016,0.014057,0,0
2222,269.32,9.1586591355,-1.83,1.815,0.19982,0.0071799,0.0000018,0.014049,0,0
2223,270.56,9.1451083625,-1.78,1.8091,0.19975,0.0072074,0.0000017,0.015109,0,0
2224,270.8,9.1315204422,-1.82,1.8077,0.19973,0.0072202,0.0000014,0.013752,0,0
2225,270.04,9.1179455737,-1.72,1.8079,0.19975,0.0072213,0.0000012,0.014017,0,0
2226,267.3,9.1044585538,-1.9,1.8063,0.19983,0.0072122,0.0000011,0.014014,0,0
2227,265.36,9.091089,-1.82,1.806,0.19989,0.007198,0.0000012,0.014349,0,0
2228,263.28,9.0778203466,-1.75,1.8033,0.19995,0.0071865,0.0000014,0.01451,0,0
2229,261.81,9.0646407968,-1.84,1.8014,0.19998,0.0071833,0.0000015,0.014747,0,0
2230,261.51,9.0515056733,-1.81,1.7997,0.19998,0.0071847,0.0000017,0.016819,0,0
2231,262.15,9.0383620159,-1.78,1.7974,0.19996,0.0071832,0.0000017,0.016961,0,0
2232,262.61,9.025190749,-1.69,1.7959,0.19994,0.0071733,0.0000017,0.0181,0,0
2233,261.81,9.0120280159,-1.87,1.8008,0.19999,0.0071543,0.0000014,0.017637,0,0
2234,260.85,8.9989094582,-1.8,1.8043,0.20004,0.0071315,0.0000015,0.016499,0,0
2235,259.57,8.9858471235,-1.78,1.8064,0.20009,0.0071116,0.0000014,0.017361,0,0
2236,257.87,8.9728595857,-1.9,1.8046,0.20014,0.0071038,0.0000013,0.016439,0,0
2237,258.67,8.9598946375,-1.77,1.8063,0.20012,0.007109,0.0000016,0.015376,0,0
2238,260.01,8.9468759761,-1.88,1.8054,0.20007,0.0071266,0.0000016,0.016078,0,0
2239,263.07,8.9337468765,-1.77,1.8078,0.19998,0.0071498,0.0000016,0.016601,0,0
2240,266,8.9204674303,-1.8,1.811,0.1999,0.0071666,0.0000012,0.017651,0,0
2241,266.94,8.9070908486,-1.73,1.8115,0.19987,0.0071741,0.000001,0.017625,0,0
2242,267.13,8.8936859044,-1.72,1.8132,0.19988,0.0071686,0.0000011,0.016782,0,0
2243,265.43,8.8803188606,-1.72,1.8149,0.19994,0.0071505,0.000001,0.0171,0,0
2244,262.73,8.867062255,-1.8,1.8123,0.20001,0.0071312,0.0000012,0.017526,0,0
2245,260.22,8.8539364183,-1.83,1.8088,0.20008,0.0071219,0.0000017,0.016542,0,0
2246,260.57,8.8408647968,-1.79,1.8124,0.20008,0.007117,0.0000016,0.017354,0,0
2247,260.96,8.8277746016,-1.88,1.8114,0.20007,0.0071023,0.0000015,0.018445,0,0
2248,260.54,8.8146851594,-1.82,1.8151,0.2001,0.0070749,0.0000013,0.020631,0,0
2249,258.16,8.801665996,-1.69,1.8172,0.20019,0.0070398,0.0000016,0.020226,0,0
2250,255.04,8.7887848805,-1.77,1.8166,0.20029,0.0070121,0.0000018,0.020633,0,0
2251,253.88,8.7760111912,-1.84,1.8172,0.20033,0.006995,0.0000016,0.019558,0,0
2252,254.98,8.763239008,-1.81,1.8209,0.20032,0.0069894,0.0000016,0.02036,0,0
2253,255.84,8.7504176295,-1.73,1.8209,0.20029,0.0069857,0.0000017,0.020247,0,0
2254,257.37,8.7375362629,-1.83,1.8236,0.20026,0.0069712,0.0000017,0.020474,0,0
2255,256.95,8.7246270359,-1.85,1.8273,0.20029,0.0069453,0.0000016,0.020108,0,0
2256,254.31,8.7117946135,-1.81,1.826,0.20037,0.006922,0.0000014,0.020203,0,0
2257,252.65,8.6990701195,-1.84,1.8272,0.20043,0.0069133,0.0000015,0.020508,0,0
2258,252.91,8.6863807649,-1.8,1.825,0.20041,0.0069274,0.0000017,0.020882,0,0
2259,255.4,8.6736223865,-1.78,1.8204,0.20031,0.006961,0.0000015,0.019871,0,0
2260,259.48,8.6606991036,-1.84,1.8197,0.20017,0.007011,0.0000013,0.019513,0,0
2261,265.76,8.6475157888,-1.79,1.8221,0.19998,0.0070729,0.0000014,0.019943,0,0
2262,270.93,8.6340450837,-1.8,1.8226,0.19981,0.0071244,0.0000015,0.019542,0,0
2263,272.99,8.6203929084,-1.82,1.8227,0.19974,0.0071574,0.0000014,0.01972,0,0
2264,271.72,8.6067209044,-1.78,1.8208,0.19977,0.0071714,0.0000013,0.019593,0,0
2265,269.78,8.5931294701,-1.81,1.8189,0.19982,0.0071854,0.0000014,0.020438,0,0
2266,268.59,8.5796165976,-1.77,1.8176,0.19984,0.0072055,0.0000015,0.019627,0,0
2267,269.02,8.5661228008,-1.7,1.815,0.19981,0.0072302,0.0000014,0.020444,0,0
2268,269.9,8.5525961235,-1.68,1.8119,0.19977,0.0072569,0.0000013,0.019942,0,0
2269,271.37,8.5390104622,-1.78,1.8115,0.19971,0.0072865,0.0000012,0.019941,0,0
2270,272.66,8.5253555259,-1.82,1.8096,0.19966,0.0073126,0.0000011,0.019683,0,0
2271,273.16,8.5116556614,-1.86,1.8029,0.19961,0.0073279,0.0000014,0.018377,0,0
2272,272.6,8.4979573028,-1.81,1.8025,0.19962,0.0073287,0.0000013,0.017933,0,0
2273,271.29,8.4843058805,-1.9,1.805,0.19968,0.0073181,0.0000014,0.019072,0,0
2274,269.19,8.4707400478,-1.76,1.805,0.19975,0.0072963,0.0000013,0.018634,0,0
2275,266.29,8.4572997131,-1.78,1.8046,0.19984,0.0072623,0.0000011,0.017946,0,0
2276,262.6,8.4440247849,-1.78,1.8052,0.19997,0.0072202,0.0000013,0.018792,0,0
2277,259.44,8.4309217888,-1.83,1.8048,0.20007,0.0071752,0.0000013,0.019828,0,0
2278,256.55,8.4179706454,-1.84,1.804,0.20016,0.007134,0.0000011,0.020131,0,0
2279,254.99,8.4051311952,-1.72,1.8044,0.20022,0.0070941,0.0000009,0.019714,0,0
2280,253.84,8.3923597649,-1.83,1.8061,0.20027,0.0070602,0.0000008,0.018631,0,0
2281,253.57,8.3796239761,-1.9,1.8089,0.2003,0.0070356,0.0000008,0.018794,0,0
2282,252.86,8.3669127849,-1.87,1.8054,0.2003,0.0070299,0.0000007,0.018166,0,0
2283,253.65,8.3541995857,-1.82,1.7998,0.20025,0.0070501,0.0000007,0.01801,0,0
2284,257.79,8.3413626454,-1.86,1.7994,0.20012,0.0070866,0.0000006,0.017897,0,0
2285,262.94,8.3282925299,-1.82,1.8031,0.19997,0.0071248,0.0000007,0.016956,0,0
2286,265.86,8.3150198606,-1.8,1.802,0.19987,0.0071407,0.0000008,0.016582,0,0
2287,265.94,8.3016718924,-1.73,1.8036,0.19987,0.007138,0.0000009,0.017976,0,0
2288,264.29,8.2883633307,-1.85,1.807,0.19994,0.0071243,0.0000012,0.018347,0,0
2289,261.18,8.275174243,-1.85,1.8056,0.20004,0.0071035,0.0000013,0.017921,0,0
2290,258.33,8.262134749,-1.75,1.8017,0.20011,0.0070809,0.0000009,0.01757,0,0
2291,256.4,8.2492152311,-1.86,1.8019,0.20018,0.0070594,0.000001,0.017911,0,0
2292,255.73,8.2363609721,-1.76,1.8042,0.20021,0.0070433,0.000001,0.017481,0,0
2293,255.61,8.2235265418,-1.89,1.8066,0.20023,0.0070329,0.0000011,0.018476,0,0
2294,255.92,8.2106873426,-1.84,1.8082,0.20022,0.0070294,0.000001,0.018406,0,0
2295,255.92,8.1978403625,-1.88,1.8045,0.20021,0.0070379,0.0000009,0.017532,0,0
2296,257.98,8.1849416773,-1.87,1.8052,0.20014,0.007065,0.0000007,0.016789,0,0
2297,261.21,8.1719102151,-1.86,1.8037,0.20003,0.0071051,0.0000009,0.016061,0,0
2298,265.71,8.1586847331,-1.82,1.8037,0.19988,0.0071538,0.0000011,0.015747,0,0
2299,269.97,8.1452393785,-1.79,1.808,0.19976,0.0071921,0.0000008,0.015442,0,0
2300,271.75,8.1316424223,-1.89,1.8131,0.19973,0.0072073,0.0000006,0.015439,0,0
2301,270.16,8.1180406972,-1.77,1.8129,0.19977,0.0072108,0.0000009,0.013855,0,0
2302,268.36,8.1045240598,-1.89,1.8129,0.19983,0.0072103,0.0000011,0.013825,0,0
2303,266.58,8.0910972789,-1.81,1.8096,0.19987,0.0072082,0.0000011,0.014363,0,0
2304,265.88,8.077732745,-1.74,1.8104,0.1999,0.0071941,0.0000012,0.015396,0,0
2305,264.96,8.0644088725,-1.93,1.8166,0.19996,0.0071623,0.0000014,0.015768,0,0
2306,261.28,8.0512004582,-1.8,1.8155,0.20007,0.0071228,0.0000013,0.014053,0,0
2307,257.87,8.03817,-1.82,1.816,0.20019,0.0070906,0.0000012,0.013424,0,0
2308,256.1,8.0252695578,-1.79,1.8174,0.20025,0.0070836,0.0000011,0.013068,0,0
2309,257.11,8.0123881912,-1.82,1.8136,0.2002,0.0070986,0.0000012,0.014654,0,0
2310,261.36,7.9993748008,-1.74,1.8159,0.20007,0.0071188,0.000001,0.015309,0,0
2311,264.58,7.9861739163,-1.84,1.8172,0.19998,0.0071256,0.000001,0.015538,0,0
2312,264.88,7.9728846813,-1.86,1.8181,0.19998,0.0071134,0.0000008,0.01587,0,0
2313,263.59,7.9596202948,-1.83,1.8206,0.20003,0.0070914,0.0000007,0.016419,0,0
2314,260.03,7.9464776414,-1.82,1.8194,0.20014,0.0070738,0.0000004,0.015413,0,0
2315,258.08,7.9334732869,-1.76,1.8164,0.20019,0.0070681,0.0000003,0.015543,0,0
2316,258.81,7.9204995538,-1.81,1.8172,0.20017,0.0070743,0.0000004,0.014083,0,0
2317,260.53,7.9074643267,-1.8,1.8149,0.2001,0.0070914,0.0000005,0.012992,0,0
2318,262.37,7.894339745,-1.85,1.8116,0.20003,0.0071157,0.0000007,0.014025,0,0
2319,265.15,7.8810992032,-1.88,1.8131,0.19994,0.007145,0.000001,0.013548,0,0
2320,266.27,7.8677607729,-1.83,1.807,0.19987,0.007171,0.000001,0.014071,0,0
2321,267.7,7.8543583386,-1.83,1.808,0.19983,0.0071905,0.0000009,0.013931,0,0
2322,267.14,7.8409340677,-1.76,1.803,0.19982,0.0071993,0.0000012,0.012126,0,0
2323,266.95,7.8275286215,-1.75,1.8036,0.19983,0.0071944,0.0000012,0.011226,0,0
2324,265.85,7.8141555538,-1.87,1.8064,0.19988,0.0071724,0.0000011,0.010714,0,0
2325,262.61,7.8008914183,-1.82,1.8056,0.19999,0.0071381,0.0000011,0.011996,0,0
2326,258.73,7.787805992,-1.82,1.8047,0.20011,0.0071045,0.000001,0.01136,0,0
2327,255.61,7.7748962629,-1.95,1.803,0.2002,0.0070825,0.0000009,0.011175,0,0
2328,254.1,7.762102745,-1.82,1.7986,0.20023,0.007079,0.0000006,0.011722,0,0
2329,255.62,7.7493089761,-1.89,1.7972,0.20017,0.0070919,0.0000009,0.011446,0,0
2330,258.82,7.7363967371,-1.85,1.7981,0.20008,0.0071056,0.0000008,0.010017,0,0
2331,261.33,7.7233411793,-1.74,1.8021,0.20002,0.0071039,0.000001,0.009649,0,0
2332,261.29,7.7102236255,-1.86,1.8055,0.20004,0.0070865,0.0000011,0.00925,0,0
2333,259.04,7.6971635498,-1.8,1.8057,0.20011,0.0070657,0.0000015,0.010298,0,0
2334,256.09,7.684233992,-1.88,1.804,0.2002,0.0070538,0.0000016,0.011139,0,0
2335,256.06,7.6713792311,-1.76,1.8042,0.2002,0.0070546,0.0000013,0.009786,0,0
2336,257.57,7.6584873227,-1.83,1.8053,0.20015,0.0070635,0.0000011,0.010433,0,0
2337,260.29,7.645489243,-1.91,1.8105,0.20009,0.0070727,0.0000012,0.011217,0,0
2338,261.3,7.6323975418,-1.91,1.8118,0.20007,0.0070796,0.0000014,0.010389,0,0
2339,261.56,7.6192739641,-1.7,1.8094,0.20005,0.0070858,0.0000013,0.010827,0,0
2340,261.67,7.6061410996,-1.81,1.8114,0.20005,0.0070926,0.0000012,0.012584,0,0
2341,261.78,7.5930027131,-1.81,1.811,0.20004,0.0071027,0.0000012,0.012558,0,0
2342,262.73,7.5798377211,-1.78,1.811,0.20001,0.007115,0.000001,0.011783,0,0
2343,262.96,7.5666431116,-1.92,1.8085,0.19999,0.0071301,0.0000007,0.011928,0,0
2344,263.96,7.5534176295,-1.82,1.809,0.19996,0.0071531,0.000001,0.011974,0,0
2345,265.73,7.5401226215,-1.92,1.809,0.1999,0.0071848,0.0000008,0.012582,0,0
2346,267.79,7.5267314821,-1.76,1.8074,0.19982,0.0072155,0.0000011,0.012241,0,0
2347,269.53,7.5132449641,-1.8,1.8065,0.19976,0.0072339,0.0000011,0.011527,0,0
2348,270.23,7.4996972032,-1.85,1.8086,0.19975,0.007237,0.0000009,0.011329,0,0
2349,268.86,7.486166259,-1.84,1.8095,0.19979,0.0072316,0.000001,0.01145,0,0
2350,267.14,7.4727128725,-1.79,1.8108,0.19985,0.0072214,0.0000007,0.010802,0.007,0.007
2351,265.35,7.4593475857,-1.82,1.8114,0.19992,0.0072044,0.0000008,0.010501,0,0
2352,263.96,7.4460621155,-1.87,1.8127,0.19997,0.007176,0.0000006,0.010607,0,0
2353,261.36,7.4328767928,-1.83,1.8132,0.20006,0.0071381,0.0000012,0.009993,0,0
2354,257.47,7.4198543665,-1.87,1.8078,0.20016,0.0071054,0.0000011,0.009857,0,0
2355,256,7.4069664741,-1.79,1.8081,0.20021,0.007084,0.0000011,0.009938,0,0
2356,255.55,7.3941267729,-1.84,1.8064,0.20022,0.0070722,0.000001,0.010371,0,0
2357,256.02,7.3812865697,-1.82,1.8039,0.2002,0.0070627,0.0000009,0.010422,0,0
2358,257.15,7.3684062072,-1.81,1.806,0.20017,0.0070498,0.000001,0.010907,0,0
2359,256.44,7.3555153028,-1.84,1.8071,0.2002,0.007034,0.0000009,0.01055,0,0
2360,255.26,7.3426718367,-1.83,1.8034,0.20023,0.0070252,0.000001,0.011589,0,0
2361,254.96,7.3298655179,-1.9,1.8019,0.20023,0.0070303,0.0000012,0.011948,0,0
2362,256.07,7.3170388685,-1.86,1.8007,0.20018,0.0070518,0.0000017,0.013849,0,0
2363,258.76,7.3041168406,-1.83,1.8005,0.20009,0.0070863,0.0000021,0.014082,0,0
2364,262.48,7.2910339243,-1.86,1.8033,0.19998,0.0071234,0.0000025,0.01426,0,0
2365,265.45,7.2777830916,-1.91,1.8006,0.19987,0.0071536,0.0000025,0.013011,0,0
2366,266.97,7.2644195618,-1.83,1.8003,0.19982,0.0071698,0.0000024,0.011974,0,0
2367,266.47,7.2510304303,-1.83,1.8011,0.19984,0.0071725,0.0000027,0.01239,0,0
2368,265.25,7.2376844701,-1.87,1.8014,0.19988,0.007165,0.0000029,0.011667,0,0
2369,262.74,7.2244321315,-1.81,1.8012,0.19996,0.0071511,0.0000024,0.01205,0,0
2370,261.04,7.2112854622,-1.87,1.8027,0.20002,0.0071336,0.000002,0.013493,0,0
2371,259.41,7.1982223745,-1.83,1.8013,0.20007,0.0071162,0.000002,0.014078,0,0
2372,258.24,7.1852295657,-1.81,1.8017,0.20011,0.0071041,0.0000018,0.012985,0,0
2373,257.78,7.1722776693,-1.89,1.8024,0.20013,0.0071042,0.0000016,0.012644,0,0
2374,258.48,7.159319749,-1.78,1.8012,0.2001,0.0071156,0.0000017,0.012797,0,0
2375,260.23,7.1463003347,-1.95,1.801,0.20004,0.0071321,0.0000017,0.012744,0,0
2376,263.23,7.1331616972,-1.85,1.8038,0.19996,0.0071476,0.0000014,0.012795,0,0
2377,264.82,7.1199078526,-1.87,1.8068,0.19992,0.0071569,0.0000013,0.012872,0,0
2378,264.93,7.1066113386,-1.81,1.8082,0.19992,0.0071522,0.0000016,0.013783,0,0
2379,264.23,7.0933296335,-1.91,1.8125,0.19997,0.0071335,0.0000015,0.014434,0,0
2380,261.5,7.0801340199,-1.82,1.8112,0.20005,0.0071073,0.0000016,0.014916,0,0
2381,259.32,7.0670616454,-1.77,1.8152,0.20014,0.0070834,0.0000016,0.014955,0,0
2382,258.24,7.0540710956,-1.9,1.8149,0.20017,0.0070697,0.0000016,0.013877,0,0
2383,257.59,7.0411239681,-1.82,1.8155,0.2002,0.0070703,0.0000017,0.013294,0,0
2384,259.43,7.0281469721,-1.92,1.8203,0.20016,0.0070841,0.0000018,0.01459,0,0
2385,262.36,7.015050251,-1.98,1.8231,0.20008,0.0071085,0.0000019,0.014078,0,0
2386,265.75,7.0017949004,-1.87,1.8266,0.19998,0.0071402,0.0000018,0.013192,0,0
2387,268.52,6.9883849363,-1.85,1.825,0.19989,0.0071726,0.0000017,0.015007,0,0
2388,270.48,6.974856251,-1.86,1.8232,0.19981,0.0072007,0.0000015,0.013618,0,0
2389,271.04,6.9612643147,-1.82,1.8191,0.19977,0.0072224,0.0000016,0.012898,0,0
2390,271.86,6.947637741,-1.9,1.8209,0.19975,0.0072337,0.0000019,0.012771,0,0
2391,271.03,6.9340114183,-1.94,1.8209,0.19978,0.0072305,0.0000016,0.013802,0,0
2392,269.6,6.9204418207,-1.82,1.8236,0.19984,0.0072132,0.0000011,0.01386,0,0
2393,267.24,6.9069673506,-1.86,1.8238,0.19992,0.0071881,0.0000009,0.014873,0,0
2394,263.78,6.8936389602,-1.86,1.8196,0.20001,0.0071665,0.0000012,0.014513,0,0
2395,261.92,6.8804440996,-1.8,1.8176,0.20006,0.0071515,0.0000013,0.013836,0,0
2396,260.59,6.8673293068,-1.79,1.8119,0.20007,0.0071434,0.0000016,0.012452,0,0
2397,261.39,6.8542278167,-1.78,1.8135,0.20006,0.0071344,0.0000016,0.012729,0,0
2398,261.51,6.8411032351,-1.93,1.8147,0.20006,0.0071214,0.0000014,0.012723,0,0
2399,261.08,6.8279864343,-1.82,1.8175,0.20009,0.0071065,0.0000015,0.012372,0,0
2400,260.13,6.8149042709,-1.86,1.8193,0.20013,0.0070983,0.0000009,0.013042,0,0
2401,260.77,6.8018298884,-1.81,1.8206,0.20012,0.0071003,0.0000003,0.012849,0,0
2402,260.8,6.7887386892,-1.84,1.8141,0.20008,0.0071142,0.0000004,0.012767,0,0
2403,262.76,6.7755975418,-1.86,1.812,0.20001,0.0071418,0.0000005,0.01265,0,0
2404,265.55,6.7623371713,-1.86,1.8119,0.19992,0.0071774,0.0000006,0.013803,0,0
2405,268.46,6.7489337331,-1.8,1.8127,0.19982,0.0072168,0.0000005,0.014034,0,0
2406,271.16,6.7353894861,-1.76,1.8124,0.19973,0.0072431,0.0000005,0.014511,0,0
2407,272.34,6.7217478526,-1.83,1.8122,0.19969,0.0072492,0.0000009,0.01513,0,0
2408,270.72,6.7081172629,-1.74,1.8112,0.19974,0.0072398,0.0000012,0.01485,0,0
2409,267.57,6.6946063984,-1.91,1.8102,0.19984,0.0072212,0.0000012,0.015378,0,0
2410,264.39,6.6812544143,-1.77,1.8102,0.19994,0.0071933,0.0000012,0.015454,0,0
2411,261.84,6.668046251,-1.75,1.8078,0.20002,0.0071554,0.000001,0.015401,0,0
2412,259.05,6.6549721195,-1.73,1.8129,0.20013,0.0071106,0.000001,0.014726,0,0
2413,254.99,6.6420699203,-1.79,1.8116,0.20026,0.0070692,0.0000011,0.014344,0,0
2414,253.11,6.6293168127,-1.77,1.8083,0.20031,0.007049,0.0000013,0.0141,0,0
2415,253.32,6.6166056215,-1.86,1.8076,0.2003,0.0070432,0.0000018,0.014018,0,0
2416,255.53,6.6038336892,-1.67,1.8088,0.20023,0.0070509,0.000002,0.014015,0,0
2417,258.03,6.5909435378,-1.85,1.8101,0.20016,0.0070673,0.0000018,0.014125,0,0
2418,260.95,6.5779173466,-1.78,1.8136,0.20008,0.0070856,0.0000019,0.015125,0,0
2419,263.17,6.5647621434,-1.83,1.8156,0.20002,0.0071046,0.0000022,0.01616,0,0
2420,264.15,6.5515266215,-1.81,1.814,0.19998,0.0071237,0.0000021,0.016908,0,0
2421,265.94,6.5382215737,-1.78,1.818,0.19994,0.0071426,0.0000019,0.018268,0,0
2422,266.7,6.5248525219,-1.8,1.8168,0.19991,0.0071571,0.0000018,0.018446,0,0
2423,267.11,6.5114541036,-1.77,1.8181,0.1999,0.0071632,0.0000017,0.01896,0,0
2424,267.09,6.4980458964,-1.76,1.8216,0.19991,0.0071599,0.0000018,0.019464,0,0
2425,265.48,6.4846786016,-1.85,1.8226,0.19997,0.0071526,0.0000018,0.018739,0,0
2426,264.26,6.4713823386,-1.83,1.82,0.2,0.0071541,0.0000018,0.018054,0,0
2427,264.68,6.4581061554,-1.93,1.8237,0.2,0.0071638,0.0000014,0.017915,0,0
2428,265.3,6.4448038685,-1.83,1.8198,0.19996,0.007176,0.0000018,0.018686,0,0
2429,265.65,6.4314772351,-1.78,1.8137,0.19992,0.0071876,0.0000018,0.018364,0,0
2430,266.48,6.4181209841,-1.86,1.815,0.1999,0.0071959,0.0000016,0.018698,0,0
2431,266.18,6.4047514303,-1.87,1.8089,0.19988,0.0072003,0.0000012,0.019819,0,0
2432,266.08,6.3913919163,-1.81,1.8096,0.19988,0.0071961,0.000001,0.019967,0,0
2433,265.5,6.3780494701,-1.9,1.812,0.19992,0.0071807,0.0000005,0.019439,0,0
2434,264.07,6.3647574741,-1.94,1.8144,0.19998,0.0071533,0.000001,0.018589,0,0
2435,260.95,6.3515796813,-1.78,1.8119,0.20007,0.0071225,0.0000012,0.018851,0,0
2436,257.88,6.338557255,-1.93,1.8102,0.20016,0.0071025,0.0000009,0.019213,0,0
2437,256.21,6.3256538008,-1.76,1.8033,0.20018,0.0070964,0.000001,0.020151,0,0
2438,257.34,6.3127639004,-1.76,1.8056,0.20015,0.0071012,0.0000012,0.020751,0,0
2439,260.06,6.2997773665,-1.82,1.8096,0.20009,0.0071052,0.0000014,0.020122,0,0
2440,260.77,6.286704741,-1.8,1.8088,0.20006,0.0070995,0.0000017,0.019771,0,0
2441,260.81,6.2736132908,-1.85,1.8114,0.20008,0.0070876,0.0000019,0.020441,0,0
2442,258.8,6.2605712869,-1.86,1.8092,0.20013,0.0070839,0.0000021,0.021635,0,0
2443,258.29,6.2475925339,-1.81,1.8084,0.20014,0.0070889,0.0000018,0.021398,0,0
2444,259.95,6.2345849163,-1.88,1.8063,0.20008,0.0070974,0.0000018,0.019635,0,0
2445,261.17,6.221505012,-1.69,1.807,0.20004,0.0071061,0.0000019,0.018474,0,0
2446,261.95,6.2083749084,-1.77,1.8072,0.20002,0.0071164,0.0000016,0.018267,0,0
2447,262.4,6.1952139323,-1.72,1.8087,0.20001,0.0071309,0.0000015,0.019401,0,0
2448,262.99,6.1820268526,-1.83,1.8047,0.19996,0.007155,0.0000013,0.019195,0,0
2449,264.61,6.1687843028,-1.88,1.804,0.19991,0.0071874,0.0000009,0.02003,0,0
2450,267.78,6.1554215259,-1.88,1.8079,0.19982,0.0072176,0.0000009,0.020508,0,0
2451,269.51,6.141935761,-1.71,1.8067,0.19976,0.0072354,0.0000012,0.019361,0,0
2452,270.14,6.128390761,-1.86,1.81,0.19975,0.007234,0.0000015,0.019303,0,0
2453,267.93,6.1148854183,-1.76,1.8099,0.19982,0.0072142,0.0000012,0.020046,0,0
2454,264.73,6.1015158645,-1.87,1.8105,0.19993,0.0071845,0.0000012,0.020386,0,0
2455,261.59,6.0883054422,-1.78,1.8125,0.20004,0.0071475,0.0000013,0.020863,0,0
2456,259.17,6.0752345737,-1.79,1.8141,0.20013,0.007109,0.0000011,0.020714,0,0
2457,256.75,6.0622851873,-1.91,1.8157,0.20022,0.0070725,0.0000012,0.020802,0,0
2458,255.32,6.0494324343,-1.95,1.8185,0.20028,0.0070464,0.0000013,0.019698,0,0
2459,254.29,6.0366414263,-1.86,1.8167,0.20031,0.007038,0.0000011,0.019463,0,0
2460,255.11,6.0238556892,-1.82,1.8148,0.20027,0.0070485,0.0000008,0.019415,0,0
2461,258.55,6.0109630279,-1.81,1.8174,0.20017,0.0070733,0.0000007,0.018969,0,0
2462,262.07,5.9978956733,-1.72,1.8184,0.20006,0.0071047,0.0000009,0.01898,0,0
2463,264.93,5.9846681833,-1.74,1.8163,0.19996,0.0071373,0.0000011,0.019395,0,0
2464,267.45,5.9713056574,-1.81,1.8167,0.19988,0.0071629,0.0000011,0.019333,0,0
2465,268.69,5.957848757,-1.87,1.8174,0.19984,0.0071782,0.000001,0.019407,0,0
2466,268.75,5.9443592271,-1.85,1.8204,0.19985,0.0071788,0.000001,0.019411,0,0
2467,267.89,5.9308897769,-1.78,1.8233,0.1999,0.00716,0.0000009,0.019699,0,0
2468,264.52,5.917526498,-1.76,1.823,0.2,0.0071332,0.0000007,0.018843,0,0
2469,260.82,5.9043406733,-1.86,1.8191,0.2001,0.0071145,0.0000011,0.019057,0,0
2470,259.57,5.8912790916,-1.82,1.8186,0.20014,0.0071129,0.0000014,0.01945,0,0
2471,260.17,5.8782338247,-1.87,1.815,0.2001,0.0071209,0.0000014,0.019469,0,0
2472,262.05,5.8651263108,-1.96,1.8137,0.20004,0.0071246,0.0000015,0.020044,0,0
2473,263.65,5.8519314502,-1.9,1.8186,0.20001,0.0071143,0.0000019,0.018882,0,0
2474,262.54,5.8387242908,-1.76,1.8198,0.20006,0.0070913,0.000002,0.019484,0,0
2475,259.56,5.8256197888,-1.75,1.8182,0.20015,0.0070573,0.0000021,0.019417,0,0
2476,256.5,5.8126668884,-1.81,1.819,0.20025,0.0070182,0.000002,0.018745,0,0
2477,253.14,5.7998751275,-1.77,1.8164,0.20035,0.0069761,0.0000018,0.020298,0,0
2478,250.75,5.7872276892,-1.9,1.8146,0.20042,0.0069518,0.0000018,0.020573,0,0
2479,250.37,5.7746497769,-1.76,1.8153,0.20044,0.006941,0.0000017,0.021771,0,0
2480,251.68,5.7620485219,-1.79,1.8152,0.2004,0.0069403,0.0000014,0.020919,0,0
2481,253.55,5.7493674502,-1.78,1.8155,0.20034,0.0069427,0.0000017,0.021166,0,0
2482,254.71,5.7366103267,-1.87,1.8134,0.2003,0.0069435,0.0000016,0.020796,0,0
2483,254.6,5.7238268486,-1.85,1.8114,0.20029,0.0069481,0.0000016,0.021394,0,0
2484,254.5,5.7110486414,-1.86,1.8082,0.20028,0.0069615,0.0000017,0.020997,0,0
2485,256.25,5.6982290199,-1.83,1.8091,0.20023,0.0069768,0.0000014,0.020707,0,0
2486,257.59,5.6853318406,-1.84,1.8089,0.20018,0.006981,0.0000014,0.020181,0,0
2487,257.71,5.6723980159,-1.91,1.8087,0.20018,0.0069725,0.0000014,0.019906,0,0
2488,256.12,5.6595010876,-1.9,1.8104,0.20024,0.0069594,0.0000013,0.019945,0,0
2489,254.14,5.6466937649,-1.91,1.8106,0.2003,0.0069526,0.0000015,0.02007,0,0
2490,253.01,5.633964502,-1.84,1.8055,0.20031,0.0069569,0.0000013,0.020383,0,0
2491,254.02,5.621238251,-1.86,1.8056,0.20028,0.0069734,0.0000013,0.020649,0,0
2492,256.52,5.6084239004,-1.77,1.8077,0.20021,0.0069988,0.0000016,0.020334,0,0
2493,258.67,5.5954928367,-1.88,1.8064,0.20013,0.0070311,0.0000017,0.020052,0,0
2494,261.84,5.582428243,-1.91,1.8079,0.20003,0.007064,0.0000014,0.019448,0.001,0.001
2495,263.95,5.5692311235,-1.92,1.8091,0.19997,0.007095,0.0000015,0.019094,0,0
2496,264.92,5.5559566972,-1.89,1.8059,0.19992,0.0071231,0.0000014,0.018834,0,0
2497,265.63,5.5426401036,-1.94,1.8082,0.1999,0.0071477,0.0000015,0.017967,0,0
2498,266.34,5.5292878685,-1.91,1.8086,0.19988,0.0071629,0.0000012,0.017254,0,0
2499,266.65,5.5159100319,-1.95,1.809,0.19987,0.0071609,0.0000017,0.016353,0,0
2500,265.65,5.5025495139,-1.92,1.8147,0.19993,0.007142,0.0000018,0.015877,0,0
2501,262.34,5.4892971753,-1.88,1.8155,0.20004,0.0071156,0.0000018,0.015818,0,0
2502,259.22,5.4762062271,-1.88,1.8147,0.20014,0.0070963,0.0000015,0.01593,0,0
2503,257.77,5.4632299841,-1.82,1.8141,0.20018,0.007082,0.0000013,0.017985,0,0
2504,257.69,5.4502921434,-1.92,1.8136,0.20018,0.0070684,0.0000014,0.01828,0,0
2505,257.91,5.4373507888,-1.83,1.8163,0.20019,0.0070501,0.0000015,0.017411,0.001,0.001
2506,256.82,5.4244312709,-1.8,1.816,0.20023,0.0070295,0.0000013,0.016214,0,0
2507,255.73,5.4115664701,-1.83,1.8154,0.20026,0.0070101,0.0000011,0.01642,0,0
2508,254.22,5.3987669283,-1.86,1.8125,0.2003,0.0069952,0.0000007,0.016018,0,0
2509,253.47,5.3860241116,-1.87,1.8113,0.20032,0.0069862,0.0000007,0.016088,0,0
2510,254.75,5.373267992,-1.75,1.8139,0.20029,0.0069794,0.0000007,0.016143,0,0
2511,255,5.3604734701,-1.9,1.8132,0.20028,0.0069685,0.0000005,0.016707,0,0
2512,254.64,5.3476817092,-1.92,1.8141,0.2003,0.0069533,0.0000006,0.016475,0,0
2513,253.51,5.3349273466,-1.9,1.8135,0.20034,0.006946,0.0000008,0.015984,0.001,0.001
2514,253.25,5.3222078725,-1.87,1.8128,0.20034,0.006954,0.0000009,0.016135,0,0
2515,254.59,5.3094612908,-1.79,1.8089,0.20028,0.0069721,0.0000009,0.015339,0.001,0.001
2516,257.33,5.2966123028,-1.94,1.8109,0.2002,0.0069969,0.0000005,0.015689,0,0
2517,259.15,5.2836488606,-1.79,1.8068,0.20012,0.00703,0.0000003,0.014362,0,0
2518,261.26,5.2705867769,-1.78,1.8049,0.20004,0.0070736,0.0000004,0.013902,0,0
2519,265.36,5.2573688247,-1.91,1.8023,0.19989,0.0071308,0.0000007,0.013889,0,0
2520,268.09,5.2439794422,-1.89,1.7967,0.19977,0.0071804,0.0000008,0.013393,0,0
2521,270.06,5.2304720916,-1.87,1.7971,0.1997,0.0072116,0.000001,0.012465,0,0
2522,269.12,5.2169388884,-1.77,1.7952,0.19972,0.00721,0.0000015,0.011733,0.001,0.001
2523,265.91,5.2035098486,-1.82,1.7945,0.19982,0.0071884,0.0000018,0.01155,0,0
2524,261.83,5.1902637849,-1.78,1.7949,0.19996,0.0071596,0.0000013,0.012418,0,0
2525,258.65,5.1771999442,-1.84,1.7986,0.20008,0.0071341,0.0000013,0.01273,0,0
2526,256.74,5.1642638606,-1.86,1.7986,0.20014,0.0071197,0.0000011,0.013457,0,0
2527,256.57,5.1513799841,-1.91,1.7971,0.20014,0.0071161,0.000001,0.014603,0,0
2528,258.67,5.1384476653,-1.8,1.801,0.20009,0.0071139,0.0000012,0.013296,0,0
2529,260.06,5.125427749,-1.99,1.806,0.20007,0.0071005,0.0000011,0.013489,0,0
2530,259.79,5.1123797211,-1.93,1.809,0.2001,0.0070702,0.0000008,0.013634,0,0
2531,256.65,5.0994172829,-1.87,1.8099,0.20021,0.0070315,0.0000008,0.013971,0,0
2532,253.57,5.0866109641,-1.91,1.8115,0.20031,0.0070058,0.0000009,0.013714,0,0
2533,252.2,5.0739163386,-1.83,1.8106,0.20035,0.0070032,0.0000009,0.013617,0,0
2534,254.23,5.0612051474,-1.89,1.8129,0.2003,0.0070101,0.0000009,0.012986,0.001,0.001
2535,256,5.0483985777,-1.93,1.8076,0.20022,0.0070149,0.0000007,0.012346,0,0
2536,256.8,5.035527502,-1.8,1.805,0.20018,0.0070233,0.0000011,0.012855,0.001,0.001
2537,257.55,5.0226175219,-1.9,1.8046,0.20016,0.0070414,0.0000009,0.012687,0,0
2538,259.63,5.00963651,-1.76,1.8058,0.20009,0.0070624,0.0000006,0.012189,0.001,0.001
2539,261.51,4.9965561036,-1.93,1.8072,0.20004,0.0070759,0.0000008,0.012054,0,0
2540,262.18,4.9834116932,-1.85,1.8083,0.20002,0.007088,0.0000008,0.011081,0.001,0.001
2541,262.35,4.9702461992,-1.89,1.8083,0.20001,0.0071084,0.000001,0.011199,0.001,0.001
2542,263.49,4.9570478247,-1.76,1.8071,0.19997,0.0071348,0.0000014,0.010806,0,0
2543,265.5,4.9437703865,-1.89,1.8099,0.19991,0.0071517,0.0000016,0.010779,0.001,0.001
2544,266.43,4.9304191554,-1.8,1.8087,0.19988,0.0071477,0.0000013,0.010385,0,0
2545,264.95,4.9170817291,-1.82,1.8135,0.19995,0.0071234,0.0000013,0.010155,0.001,0.001
2546,262.03,4.903854741,-1.83,1.8199,0.20008,0.0070927,0.0000011,0.010409,0.001,0.001
2547,258.47,4.8907903984,-1.84,1.8192,0.20018,0.0070727,0.0000014,0.009347,0,0
2548,256.87,4.8778555697,-1.86,1.8154,0.20022,0.0070753,0.0000017,0.010028,0,0
2549,258.4,4.864922498,-1.92,1.8123,0.20015,0.0070938,0.0000013,0.010278,0,0
2550,261.82,4.8518651833,-1.86,1.8131,0.20005,0.0071134,0.0000014,0.010176,0,0
2551,264.43,4.8386565179,-1.83,1.8132,0.19997,0.0071163,0.0000014,0.009928,0,0
2552,264,4.8253931355,-1.82,1.8158,0.2,0.007092,0.0000011,0.0113,0,0
2553,260.74,4.8122223705,-1.86,1.8165,0.20011,0.0070546,0.0000009,0.010894,0.001,0.001
2554,256.31,4.7992446215,-1.71,1.814,0.20024,0.0070315,0.0000009,0.010804,0.001,0.001
2555,254.56,4.786421988,-1.86,1.8146,0.20029,0.0070385,0.0000009,0.011176,0.001,0.001
2556,256.13,4.7736038725,-1.87,1.8073,0.20021,0.0070693,0.0000007,0.011301,0.002,0.002
2557,261.06,4.7606226096,-1.86,1.8078,0.20005,0.0071102,0.0000006,0.011123,0.001,0.001
2558,266.54,4.7473800598,-1.85,1.8084,0.19987,0.0071528,0.0000006,0.011186,0.001,0.001
2559,269.06,4.7339367131,-1.74,1.8106,0.1998,0.0071753,0.0000007,0.011132,0.001,0.001
2560,269.32,4.7204235896,-1.8,1.8119,0.1998,0.0071739,0.0000006,0.011526,0.001,0.001
2561,266.71,4.7069694502,-1.89,1.8103,0.19988,0.0071563,0.0000008,0.011463,0,0
2562,262.73,4.6936807171,-1.76,1.8093,0.2,0.0071367,0.0000009,0.012133,0,0
2563,260.08,4.6805583944,-1.89,1.8081,0.20008,0.0071252,0.0000007,0.011999,0.001,0.001
2564,259.54,4.6675161394,-1.74,1.8079,0.20009,0.007125,0.0000005,0.011028,0.001,0.001
2565,260.4,4.6544658526,-1.84,1.808,0.20007,0.0071303,0.0000008,0.010191,0.001,0.001
2566,261.92,4.6413558287,-1.86,1.8086,0.20002,0.0071387,0.0000007,0.010188,0.001,0.001
2567,262.33,4.6281973625,-1.84,1.8046,0.19999,0.007151,0.0000011,0.010208,0.001,0.001
2568,263.41,4.615001498,-1.82,1.8068,0.19996,0.0071615,0.0000015,0.01118,0,0
2569,264.53,4.6017504143,-1.86,1.8059,0.19992,0.00716,0.0000016,0.010755,0,0
2570,263.33,4.5885013386,-1.8,1.8041,0.19996,0.0071396,0.0000016,0.012503,0.001,0.001
2571,261.19,4.5753360956,-1.9,1.8095,0.20005,0.0071053,0.0000017,0.012841,0.002,0.002
2572,257.71,4.5623119124,-1.9,1.8068,0.20016,0.0070687,0.0000015,0.011968,0.001,0.001
2573,254.46,4.5494566494,-1.83,1.8059,0.20026,0.0070344,0.0000015,0.012351,0.001,0.001
2574,252.79,4.5367248765,-1.84,1.8063,0.20032,0.007006,0.0000014,0.011519,0.001,0.001
2575,251.26,4.5240734223,-1.8,1.8042,0.20036,0.0069846,0.0000012,0.011064,0.001,0.001
2576,251.56,4.5114528406,-1.84,1.8054,0.20036,0.0069725,0.0000013,0.011378,0,0
2577,252.32,4.4988056534,-1.76,1.8073,0.20034,0.0069679,0.0000012,0.01064,0.001,0.001
2578,253.4,4.4861122829,-1.87,1.8081,0.20031,0.0069708,0.0000012,0.011187,0.001,0.001
2579,254.88,4.4733546574,-1.85,1.807,0.20026,0.0069804,0.0000012,0.01167,0.001,0.001
2580,256.34,4.460523239,-1.86,1.8086,0.20022,0.0069968,0.0000009,0.012047,0.002,0.002
2581,257.29,4.4476313307,-1.82,1.8038,0.20017,0.0070181,0.0000006,0.011587,0.002,0.002
2582,259.81,4.4346523267,-1.9,1.8062,0.20009,0.0070396,0.0000003,0.012302,0.002,0.002
2583,261.24,4.4215741793,-1.86,1.8053,0.20004,0.0070566,0.0000004,0.013848,0.001,0.001
2584,261.8,4.4084460837,-1.93,1.8062,0.20003,0.0070665,0.0000007,0.014146,0.002,0.002
2585,261.4,4.3953139721,-1.79,1.8063,0.20004,0.0070722,0.0000007,0.014223,0.001,0.001
2586,260.57,4.3822127331,-1.71,1.8054,0.20006,0.0070769,0.0000011,0.013684,0.002,0.002
2587,260.34,4.3691380996,-1.84,1.8051,0.20006,0.0070852,0.0000014,0.013453,0.001,0.001
2588,260.29,4.356070494,-1.97,1.801,0.20004,0.0070998,0.0000015,0.014338,0.002,0.002
2589,261.67,4.342969506,-1.77,1.8028,0.20001,0.0071171,0.0000014,0.015108,0.001,0.001
2590,263.29,4.3297932191,-1.69,1.8047,0.19996,0.0071286,0.0000014,0.015396,0.002,0.002
2591,264.6,4.3165433904,-1.86,1.8101,0.19995,0.0071294,0.0000011,0.014606,0.002,0.002
2592,263.68,4.3032837729,-1.81,1.8124,0.19999,0.0071232,0.0000009,0.015576,0.002,0.002
2593,262.48,4.2900773665,-1.79,1.8142,0.20003,0.0071175,0.0000006,0.015742,0.001,0.001
2594,261.41,4.2769279363,-1.89,1.8124,0.20006,0.0071188,0.0000006,0.017172,0.001,0.001
2595,261.5,4.2638031036,-1.83,1.8112,0.20005,0.0071282,0.0000006,0.018594,0.002,0.002
2596,262.27,4.2506566853,-1.71,1.8103,0.20002,0.0071408,0.0000007,0.0196,0.001,0.001
2597,264.61,4.2374322072,-1.83,1.8149,0.19996,0.0071429,0.0000006,0.019243,0.002,0.002
2598,264.53,4.224151004,-1.82,1.816,0.19997,0.0071322,0.0000007,0.019621,0.004,0.004
2599,262.85,4.2109139761,-1.82,1.816,0.20003,0.0071174,0.0000009,0.019571,0.001,0.001
2600,261.3,4.1977580199,-1.91,1.8156,0.20008,0.0071071,0.0000011,0.018903,0.002,0.002
2601,259.84,4.1846776135,-1.84,1.814,0.20011,0.0071018,0.0000014,0.020222,0.001,0.001
2602,259.92,4.1716318446,-1.85,1.8135,0.20011,0.0071053,0.0000017,0.020569,0.002,0.002
2603,260.78,4.1585624821,-1.91,1.8137,0.20008,0.0071199,0.0000017,0.019761,0.002,0.002
2604,263.14,4.1454122988,-1.94,1.8177,0.20002,0.0071425,0.0000016,0.019308,0.002,0.002
2605,265.57,4.1321418884,-1.75,1.8159,0.19993,0.007168,0.0000015,0.018792,0.003,0.003
2606,267.67,4.1187577769,-1.77,1.8145,0.19986,0.0071934,0.0000011,0.018083,0.001,0.001
2607,268.63,4.1052968606,-1.88,1.812,0.19981,0.0072177,0.0000006,0.018172,0.003,0.003
2608,270.2,4.0917724422,-1.84,1.8155,0.19978,0.0072301,0.0000008,0.018959,0.002,0.002
2609,270.19,4.0782088685,-1.8,1.8157,0.19978,0.0072223,0.0000005,0.019676,0.002,0.002
2610,267.73,4.0647072908,-1.77,1.8151,0.19986,0.0071952,0.0000005,0.01974,0.001,0.001
2611,263.27,4.0513794024,-1.78,1.8144,0.2,0.0071578,0.0000006,0.019469,0.001,0.001
2612,259.33,4.0382623506,-1.78,1.8137,0.20013,0.0071156,0.0000006,0.019739,0.001,0.001
2613,256.39,4.0253179841,-1.88,1.8127,0.20022,0.0070715,0.0000008,0.019189,0.003,0.003
2614,253.06,4.012530992,-1.88,1.8097,0.20031,0.0070366,0.0000008,0.019082,0.002,0.002
2615,252.15,3.9998504223,-1.87,1.8119,0.20036,0.0070186,0.0000013,0.018248,0.002,0.002
2616,253.39,3.9871615697,-1.86,1.8131,0.20032,0.0070162,0.0000013,0.017121,0.001,0.001
2617,255.49,3.9743888845,-1.85,1.8138,0.20026,0.0070173,0.0000012,0.017143,0.002,0.002
2618,257.36,3.9615165538,-1.77,1.8144,0.20021,0.0070124,0.0000012,0.017042,0.002,0.002
2619,257.36,3.9485972869,-1.86,1.815,0.20021,0.0070037,0.0000009,0.01561,0.002,0.002
2620,256.53,3.9356988526,-1.8,1.8142,0.20024,0.0069951,0.0000008,0.014256,0.002,0.002
2621,256.46,3.922823008,-1.82,1.8166,0.20025,0.006985,0.0000007,0.014936,0.002,0.002
2622,255.69,3.909968247,-1.91,1.8153,0.20027,0.006976,0.0000003,0.015408,0.002,0.002
2623,255.13,3.8971468685,-1.91,1.8169,0.20029,0.0069773,0.0000001,0.014017,0.003,0.003
2624,255.79,3.8843229801,-1.81,1.8156,0.20027,0.0069933,0.0000005,0.013028,0.001,0.001
2625,257.63,3.8714363426,-1.85,1.8143,0.2002,0.0070212,0.0000005,0.013474,0.002,0.002
2626,261.01,3.8584186853,-1.85,1.8156,0.20009,0.0070558,0.0000006,0.014192,0.002,0.002
2627,263.87,3.8452444064,-1.77,1.8139,0.19999,0.0070962,0.0000005,0.014717,0.001,0.001
2628,266.82,3.8319242988,-1.8,1.8113,0.19988,0.0071406,0.0000005,0.014264,0.003,0.003
2629,270.23,3.8184445578,-1.81,1.8128,0.19977,0.0071885,0.0000008,0.015691,0.003,0.003
2630,272.6,3.804819741,-1.83,1.8156,0.1997,0.0072364,0.0000007,0.015502,0.002,0.002
2631,274.81,3.7910799681,-1.78,1.8154,0.19962,0.0072842,0.0000008,0.01464,0.003,0.003
2632,277.53,3.7772164542,-1.84,1.8153,0.19953,0.0073402,0.0000011,0.014573,0.003,0.003
2633,280.04,3.7632216693,-1.76,1.8123,0.19943,0.0073905,0.0000014,0.01443,0.004,0.004
2634,281.46,3.749128243,-1.74,1.8117,0.19937,0.0074332,0.000001,0.015696,0.003,0.003
2635,281.76,3.7349916454,-1.87,1.8131,0.19937,0.0074377,0.0000009,0.014314,0.001,0.001
2636,278.2,3.7209368725,-1.79,1.8117,0.19948,0.0074117,0.0000011,0.014808,0.002,0.002
2637,273.23,3.7070961992,-1.76,1.8142,0.19965,0.0073625,0.000001,0.014864,0.002,0.002
2638,266.63,3.6935459283,-1.78,1.8138,0.19987,0.0072967,0.0000005,0.01501,0.002,0.002
2639,260.62,3.6803121633,-1.86,1.8116,0.20005,0.007232,0.0000007,0.014886,0.002,0.002
2640,256.61,3.6673298964,-2,1.8122,0.20019,0.0071727,0.0000007,0.014874,0.002,0.002
2641,254.36,3.654504753,-1.91,1.8114,0.20027,0.0071223,0.0000007,0.015116,0.002,0.002
2642,252.66,3.641778753,-1.81,1.8074,0.20031,0.0070897,0.0000009,0.014928,0.003,0.003
2643,252.61,3.6290966773,-1.92,1.805,0.2003,0.0070853,0.0000013,0.01442,0.002,0.002
2644,255.29,3.6163485896,-1.82,1.8022,0.2002,0.0071019,0.0000015,0.013968,0.002,0.002
2645,258.11,3.6034624542,-1.85,1.7969,0.20009,0.0071226,0.0000016,0.014199,0.002,0.002
2646,261.86,3.5904114143,-1.85,1.7997,0.19998,0.0071304,0.0000016,0.014117,0.002,0.002
2647,262.33,3.5772544542,-1.95,1.7983,0.19996,0.0071228,0.0000014,0.013765,0.002,0.002
2648,260.49,3.5641318805,-1.89,1.7998,0.20003,0.0071041,0.0000014,0.014173,0.002,0.002
2649,257.72,3.5511250159,-1.83,1.7982,0.20011,0.0070814,0.0000012,0.014177,0.003,0.003
2650,255.45,3.5382446534,-1.87,1.7963,0.20018,0.0070636,0.000001,0.014151,0.003,0.003
2651,254.69,3.5254403426,-1.87,1.7978,0.20021,0.0070567,0.000001,0.014329,0.003,0.003
2652,255.91,3.5126244861,-1.83,1.8031,0.20019,0.0070648,0.0000009,0.014493,0.003,0.003
2653,258.18,3.4997210319,-1.85,1.8025,0.20012,0.0070889,0.0000008,0.013251,0.002,0.002
2654,261.86,3.4866682351,-1.93,1.8041,0.2,0.0071266,0.0000008,0.013444,0.003,0.003
2655,267.03,3.4733933068,-1.82,1.8095,0.19986,0.0071789,0.000001,0.013542,0.003,0.003
2656,271.15,3.4598852032,-1.86,1.8085,0.19972,0.0072307,0.000001,0.013807,0.004,0.004
2657,274.28,3.4461951275,-1.81,1.8077,0.19961,0.0072793,0.000001,0.014121,0.003,0.003
2658,276.09,3.4323810598,-1.84,1.8096,0.19955,0.0073111,0.0000008,0.014187,0.003,0.003
2659,275.59,3.4185341116,-1.81,1.8113,0.19957,0.0073238,0.0000009,0.01401,0.003,0.003
2660,274.38,3.4047300837,-1.82,1.8136,0.19962,0.0073219,0.0000009,0.014006,0.002,0.002
2661,272.34,3.3910076295,-1.79,1.8146,0.19969,0.0073049,0.000001,0.014542,0.003,0.003
2662,268.8,3.3774252311,-1.77,1.8125,0.1998,0.0072781,0.0000011,0.015129,0.002,0.002
2663,265.93,3.3640037211,-1.93,1.8137,0.1999,0.0072479,0.0000014,0.014401,0.003,0.003
2664,263.72,3.3507097171,-1.71,1.8138,0.19997,0.0072222,0.0000015,0.014432,0.003,0.003
2665,261.74,3.3375208805,-1.79,1.8094,0.20001,0.0072046,0.0000014,0.014689,0.002,0.002
2666,261.39,3.3243905259,-1.81,1.8087,0.20002,0.0071919,0.0000015,0.014866,0.002,0.002
2667,261.51,3.3112659442,-1.86,1.8083,0.20002,0.0071759,0.0000015,0.014597,0.003,0.003
2668,260.27,3.2981694741,-1.83,1.8029,0.20004,0.0071506,0.0000013,0.015275,0.002,0.002
2669,257.4,3.2851761633,-1.83,1.7956,0.2001,0.0071157,0.0000014,0.015354,0.002,0.002
2670,254.18,3.2723357092,-1.71,1.7919,0.20019,0.0070773,0.0000013,0.015945,0.003,0.003
2671,251.85,3.2596345578,-1.86,1.7912,0.20027,0.0070386,0.0000015,0.015405,0.002,0.002
2672,249.38,3.2470538845,-1.76,1.7873,0.20034,0.0070075,0.0000016,0.015122,0.003,0.003
2673,248.49,3.2345575458,-1.87,1.7863,0.20036,0.0069867,0.0000015,0.015387,0.002,0.002
2674,248.44,3.2220848008,-1.81,1.785,0.20036,0.0069821,0.0000013,0.015965,0.003,0.003
2675,250.53,3.2095608526,-1.86,1.7864,0.2003,0.0069945,0.0000011,0.016406,0.003,0.003
2676,253.01,3.1969221992,-1.85,1.7865,0.20022,0.0070169,0.0000008,0.016648,0.003,0.003
2677,256.14,3.1841427371,-1.79,1.7869,0.20012,0.0070419,0.0000005,0.017354,0.003,0.003
2678,258.9,3.1712154382,-1.78,1.7912,0.20005,0.0070643,0.0000008,0.017982,0.003,0.003
2679,261.9,3.1581435657,-1.85,1.8002,0.19999,0.0070838,0.0000009,0.017001,0.003,0.003
2680,262.83,3.1449730518,-1.82,1.8026,0.19997,0.0070967,0.0000011,0.017178,0.003,0.003
2681,262.1,3.1317975179,-1.82,1.7993,0.19998,0.0071022,0.0000012,0.016164,0.004,0.004
2682,261.86,3.1186463307,-1.82,1.8027,0.2,0.0071012,0.0000013,0.016231,0.003,0.003
2683,260.8,3.1055277729,-1.87,1.8021,0.20003,0.007093,0.0000012,0.016086,0.003,0.003
2684,260.32,3.0924478685,-1.88,1.8079,0.20008,0.0070744,0.0000014,0.016916,0.002,0.002
2685,258.28,3.0794312151,-1.77,1.8085,0.20015,0.0070497,0.0000016,0.016841,0.003,0.003
2686,255.32,3.0665400598,-1.9,1.8077,0.20024,0.0070308,0.0000015,0.015853,0.003,0.003
2687,254.5,3.0537437809,-1.81,1.809,0.20027,0.0070271,0.0000013,0.015228,0.003,0.003
2688,255.39,3.040945745,-1.81,1.8079,0.20023,0.0070387,0.0000011,0.01534,0.003,0.003
2689,257.62,3.0280693984,-1.8,1.8054,0.20015,0.0070585,0.000001,0.016378,0.003,0.003
2690,260.69,3.0150600239,-1.81,1.8069,0.20006,0.0070757,0.0000011,0.017089,0.003,0.003
2691,262.29,3.0019334343,-1.93,1.81,0.20002,0.0070846,0.000001,0.017277,0.003,0.003
2692,262.19,2.9887691952,-1.9,1.8096,0.20002,0.007088,0.0000011,0.017145,0.002,0.002
2693,261.96,2.975613239,-1.9,1.8133,0.20005,0.0070903,0.0000013,0.018079,0.002,0.002
2694,261.26,2.9624806255,-1.86,1.8105,0.20005,0.0070972,0.0000012,0.017651,0.003,0.003
2695,261.3,2.9493645777,-1.9,1.8082,0.20004,0.0071141,0.0000009,0.018392,0.002,0.002
2696,262.57,2.9362156494,-1.88,1.8068,0.19999,0.0071451,0.0000011,0.019572,0.003,0.003
2697,265.18,2.9229693347,-1.86,1.8042,0.19989,0.0071948,0.0000011,0.019746,0.003,0.003
2698,270.42,2.909525988,-1.81,1.8064,0.19972,0.0072663,0.000001,0.018693,0.004,0.004
2699,275.9,2.8958135737,-1.82,1.8042,0.19953,0.0073353,0.000001,0.018513,0.003,0.003
2700,280.29,2.8818534263,-1.89,1.806,0.19939,0.0073804,0.0000012,0.018038,0.002,0.002
2701,280.57,2.8677760637,-1.81,1.8084,0.19939,0.007381,0.0000018,0.016943,0.003,0.003
2702,276.52,2.8537933267,-1.85,1.8083,0.19952,0.0073522,0.0000019,0.016394,0.003,0.003
2703,270.05,2.8400746375,-1.89,1.8064,0.19972,0.0073059,0.0000016,0.015655,0.004,0.004
2704,263.63,2.8266794821,-1.76,1.8044,0.19992,0.0072464,0.0000016,0.015274,0.003,0.003
2705,257.48,2.8135998287,-1.72,1.8028,0.20012,0.0071903,0.0000016,0.015761,0.003,0.003
2706,255.43,2.800725992,-1.8,1.8055,0.2002,0.0071543,0.0000017,0.015841,0.002,0.002
2707,255.61,2.7878990916,-1.9,1.8075,0.20021,0.0071365,0.0000018,0.015219,0.004,0.004
2708,256.35,2.7750490996,-1.82,1.8041,0.20017,0.0071314,0.0000019,0.014707,0.003,0.003
2709,258.82,2.7621185378,-1.94,1.807,0.2001,0.0071376,0.0000021,0.014495,0.003,0.003
2710,260.8,2.7490762829,-1.81,1.8064,0.20004,0.0071621,0.0000021,0.01404,0.003,0.003
2711,263.58,2.7359145538,-1.78,1.804,0.19993,0.007201,0.000002,0.014755,0.003,0.003
2712,268.84,2.7225510239,-1.85,1.802,0.19975,0.0072491,0.000002,0.015442,0.003,0.003
2713,272.9,2.7089535657,-1.88,1.8031,0.19962,0.007294,0.0000018,0.015267,0.003,0.003
2714,274.53,2.6952132908,-1.94,1.805,0.19958,0.0073054,0.0000015,0.015243,0.003,0.003
2715,272.97,2.681471259,-1.89,1.808,0.19964,0.0072916,0.0000016,0.015513,0.003,0.003
2716,268.84,2.6678720438,-1.85,1.8075,0.19977,0.0072687,0.0000016,0.015127,0.003,0.003
2717,265.01,2.6544726215,-1.91,1.8064,0.19989,0.0072467,0.0000016,0.015595,0.003,0.003
2718,263.45,2.6412084861,-1.77,1.8077,0.19995,0.0072269,0.0000017,0.015452,0.003,0.003
2719,261.86,2.6280234143,-1.8,1.805,0.19999,0.0072066,0.0000017,0.014185,0.003,0.003
2720,260.96,2.6149008406,-1.8,1.8044,0.20002,0.0071867,0.0000015,0.013146,0.004,0.004
2721,259.65,2.6018337371,-1.93,1.8014,0.20005,0.0071667,0.0000014,0.01299,0.004,0.004
2722,259.02,2.5888153267,-1.84,1.8026,0.20008,0.0071416,0.000001,0.013146,0.004,0.004
2723,257.93,2.5758400876,-1.86,1.8038,0.20012,0.0071113,0.0000009,0.013493,0.003,0.003
2724,256.37,2.5629313625,-1.87,1.8046,0.20018,0.0070846,0.0000009,0.013307,0.004,0.004
2725,254.63,2.5501054661,-1.81,1.8027,0.20023,0.0070648,0.000001,0.013963,0.003,0.003
2726,253.77,2.5373448287,-1.91,1.7981,0.20024,0.0070625,0.0000015,0.013247,0.003,0.003
2727,254.16,2.524595988,-1.89,1.7923,0.2002,0.0070862,0.0000016,0.013956,0.003,0.003
2728,257.87,2.511744239,-1.9,1.7896,0.20006,0.0071281,0.0000015,0.013312,0.004,0.004
2729,263.96,2.4986465139,-1.82,1.7924,0.19987,0.0071864,0.0000014,0.01307,0.003,0.003
2730,268.9,2.4852719402,-1.9,1.7939,0.19972,0.0072222,0.0000016,0.012751,0.004,0.004
2731,270.25,2.47173949,-1.84,1.7967,0.19969,0.0072308,0.0000013,0.013143,0.003,0.003
2732,268,2.4582296295,-1.83,1.7982,0.19976,0.0072329,0.0000009,0.013237,0.003,0.003
2733,265.1,2.4448490319,-1.81,1.7935,0.19983,0.0072464,0.000001,0.013554,0.004,0.004
2734,265.52,2.4315306813,-1.95,1.7927,0.19981,0.0072748,0.0000014,0.013594,0.004,0.004
2735,268.05,2.4181382869,-1.83,1.7954,0.19973,0.0073071,0.0000015,0.013596,0.003,0.003
2736,272.28,2.4045762191,-1.8,1.8019,0.19963,0.0073293,0.0000015,0.013729,0.003,0.003
2737,273.28,2.3908828805,-1.83,1.8025,0.1996,0.0073388,0.0000016,0.014516,0.003,0.003
2738,271.88,2.3771995817,-1.9,1.8019,0.19964,0.0073463,0.0000016,0.014307,0.004,0.004
2739,271.07,2.363571753,-1.84,1.8021,0.19966,0.007368,0.0000013,0.013616,0.003,0.003
2740,272.38,2.3499313745,-1.9,1.8018,0.19961,0.0074033,0.0000012,0.012066,0.003,0.003
2741,275.08,2.3361903466,-1.89,1.7989,0.19951,0.007443,0.0000012,0.011888,0.003,0.003
2742,277.34,2.3223248247,-1.87,1.7958,0.19942,0.0074704,0.0000015,0.012109,0.003,0.003
2743,279.05,2.3083596574,-1.82,1.8001,0.19938,0.0074822,0.0000015,0.013039,0.004,0.004
2744,278.17,2.2943736574,-1.77,1.802,0.19942,0.0074687,0.0000016,0.012968,0.003,0.003
2745,274.63,2.2804985976,-1.85,1.8005,0.19953,0.0074324,0.0000014,0.012486,0.003,0.003
2746,269.11,2.2668509402,-1.84,1.7983,0.1997,0.0073672,0.0000012,0.012176,0.004,0.004
2747,262.07,2.2535185339,-1.78,1.7993,0.19994,0.0072906,0.0000012,0.012078,0.003,0.003
2748,256.74,2.2404966096,-1.81,1.8023,0.20013,0.0072272,0.0000015,0.012173,0.004,0.004
2749,253.49,2.2276900398,-1.78,1.7997,0.20023,0.0071806,0.0000016,0.01133,0.003,0.003
2750,254.01,2.214951992,-1.9,1.8016,0.20022,0.0071668,0.0000012,0.011474,0.002,0.002
2751,257.19,2.2021210757,-1.87,1.8051,0.20014,0.007178,0.0000013,0.010998,0.004,0.004
2752,261.92,2.1890916215,-1.78,1.809,0.2,0.0072081,0.0000014,0.011,0.003,0.003
2753,266,2.1758410398,-1.89,1.8054,0.19986,0.007246,0.0000014,0.011052,0.004,0.004
2754,269.69,2.1623954343,-1.91,1.8087,0.19975,0.0072797,0.0000014,0.012109,0.004,0.004
2755,272.71,2.1487814104,-1.86,1.8097,0.19966,0.0073063,0.0000015,0.011712,0.003,0.003
2756,273.97,2.1350599602,-1.82,1.8105,0.19962,0.0073212,0.0000013,0.011808,0.003,0.003
2757,273.71,2.1213134104,-1.91,1.8111,0.19963,0.0073254,0.0000008,0.012298,0.004,0.004
2758,271.97,2.1076170598,-1.84,1.8101,0.19968,0.0073198,0.0000007,0.012888,0.004,0.004
2759,270.22,2.0940083068,-1.82,1.8097,0.19973,0.0073071,0.0000008,0.012373,0.003,0.003
2760,267.61,2.080508988,-1.77,1.805,0.1998,0.0072923,0.0000009,0.01206,0.004,0.004
2761,265.42,2.0671301474,-1.94,1.8008,0.19985,0.0072786,0.000001,0.012361,0.003,0.003
2762,264.38,2.0538323785,-1.85,1.7997,0.19988,0.0072711,0.000001,0.012734,0.003,0.003
2763,264.38,2.0405607131,-1.91,1.8006,0.19988,0.0072668,0.0000016,0.012851,0.003,0.003
2764,264.41,2.0272882948,-1.78,1.7982,0.19987,0.0072588,0.0000016,0.012435,0.003,0.003
2765,264.41,2.0140151235,-1.87,1.7994,0.19988,0.0072444,0.0000016,0.012079,0.004,0.004
2766,263.16,2.0007733267,-1.86,1.8006,0.19993,0.0072286,0.0000016,0.012781,0.003,0.003
2767,262.49,1.9875797211,-1.79,1.802,0.19995,0.0072179,0.0000018,0.01375,0.004,0.004
2768,261.8,1.974420251,-1.77,1.7994,0.19996,0.0072181,0.0000018,0.014009,0.003,0.003
2769,262.41,1.9612627888,-1.79,1.7969,0.19993,0.0072292,0.0000017,0.012842,0.003,0.003
2770,264.22,1.9480445857,-1.88,1.7974,0.19988,0.0072435,0.0000018,0.012797,0.003,0.003
2771,265.62,1.9347458127,-1.82,1.798,0.19983,0.0072492,0.0000017,0.012775,0.004,0.004
2772,266.5,1.9213898127,-1.79,1.7989,0.19981,0.0072378,0.0000015,0.012605,0.005,0.005
2773,264.3,1.9080669442,-1.81,1.7975,0.19988,0.0072138,0.0000015,0.012768,0.003,0.003
2774,261.97,1.8948577769,-1.91,1.8005,0.19997,0.0071917,0.0000017,0.012779,0.003,0.003
2775,259.36,1.8817726016,-1.89,1.7975,0.20004,0.007184,0.0000017,0.012353,0.003,0.003
2776,259.36,1.8687529363,-1.9,1.7941,0.20002,0.0071957,0.0000017,0.012081,0.004,0.004
2777,261.61,1.8556767968,-1.9,1.7925,0.19994,0.0072176,0.0000015,0.011897,0.004,0.004
2778,264.27,1.8424774183,-1.85,1.7922,0.19985,0.0072371,0.0000015,0.012366,0.003,0.003
2779,266.68,1.8291507849,-1.8,1.795,0.19979,0.0072401,0.0000013,0.012673,0.003,0.003
2780,266.39,1.8157709402,-1.83,1.7977,0.19981,0.0072203,0.0000011,0.013057,0.004,0.004
2781,263.36,1.8024744263,-1.85,1.8004,0.19993,0.0071798,0.0000011,0.013409,0.004,0.004
2782,258.76,1.7893694223,-1.85,1.8004,0.20008,0.0071262,0.0000012,0.014084,0.003,0.003
2783,253.06,1.7765229442,-1.84,1.8016,0.20027,0.0070738,0.0000011,0.013301,0.003,0.003
2784,249.56,1.7639073825,-1.84,1.7996,0.20038,0.0070306,0.0000012,0.013106,0.004,0.004
2785,249.48,1.7513816773,-1.9,1.8002,0.20039,0.0070267,0.0000015,0.012857,0.004,0.004
2786,251.86,1.738798243,-1.86,1.7984,0.2003,0.0070541,0.0000017,0.012987,0.003,0.003
2787,257.96,1.7260019641,-1.83,1.7988,0.2001,0.0070976,0.0000017,0.013652,0.004,0.004
2788,264.07,1.7128992191,-1.83,1.7994,0.19991,0.0071535,0.0000015,0.014746,0.003,0.003
2789,268.65,1.6995281594,-1.78,1.8016,0.19977,0.007205,0.0000015,0.014464,0.004,0.004
2790,271.62,1.6859675976,-1.89,1.8024,0.19967,0.0072408,0.0000016,0.01461,0.004,0.004
2791,271.72,1.6723299801,-1.79,1.8006,0.19966,0.0072532,0.0000016,0.013822,0.004,0.004
2792,269.25,1.6587518486,-1.8,1.7996,0.19973,0.0072549,0.0000017,0.014254,0.004,0.004
2793,267.71,1.6452743665,-1.9,1.802,0.19979,0.0072529,0.0000018,0.014355,0.003,0.003
2794,266.08,1.6318764502,-1.85,1.8,0.19983,0.0072486,0.0000016,0.013158,0.003,0.003
2795,264.91,1.6185488127,-1.9,1.7974,0.19986,0.007238,0.0000019,0.012622,0.003,0.003
2796,264.19,1.6052686135,-1.8,1.8002,0.19989,0.0072238,0.0000017,0.011586,0.004,0.004
2797,262.6,1.5920463944,-1.84,1.7995,0.19994,0.0072161,0.0000017,0.011671,0.004,0.004
2798,262.52,1.5788660916,-1.88,1.7998,0.19994,0.0072174,0.0000017,0.012462,0.004,0.004
2799,263.14,1.5656722351,-1.8,1.7989,0.19992,0.0072199,0.0000018,0.012908,0.004,0.004
2800,263.61,1.5524510199,-1.77,1.7978,0.1999,0.0072222,0.0000018,0.012807,0.003,0.003
2801,264.55,1.5391944143,-1.82,1.8023,0.19989,0.0072226,0.0000019,0.012588,0.004,0.004
2802,264.98,1.5259034223,-1.92,1.8044,0.19989,0.0072191,0.0000018,0.012608,0.004,0.004
2803,264.47,1.5126144382,-1.81,1.8032,0.1999,0.0072133,0.0000018,0.011428,0.004,0.004
2804,264.1,1.4993475418,-1.78,1.8043,0.19992,0.0072152,0.0000015,0.013398,0.003,0.003
2805,264.26,1.4860859163,-1.76,1.8034,0.1999,0.0072352,0.0000015,0.014307,0.004,0.004
2806,266.1,1.4727740916,-1.8,1.8019,0.19983,0.0072696,0.0000016,0.013455,0.004,0.004
2807,270.04,1.4593171912,-1.96,1.8041,0.19971,0.0073072,0.0000015,0.012687,0.004,0.004
2808,273.45,1.4456758088,-1.9,1.806,0.19961,0.0073297,0.0000017,0.011805,0.003,0.003
2809,274.04,1.4319340279,-1.9,1.8074,0.1996,0.0073335,0.0000017,0.012133,0.004,0.004
2810,272.76,1.4182095657,-1.81,1.8079,0.19964,0.0073279,0.0000015,0.012472,0.003,0.003
2811,270.15,1.404582741,-1.86,1.8084,0.19973,0.0073252,0.0000015,0.012902,0.004,0.004
2812,269.01,1.3910500398,-1.8,1.8074,0.19976,0.0073319,0.0000016,0.013778,0.005,0.005
2813,269.89,1.3775238645,-1.93,1.8062,0.19972,0.0073477,0.0000017,0.015367,0.004,0.004
2814,271.36,1.3639387052,-1.86,1.8049,0.19966,0.0073699,0.0000017,0.015552,0.004,0.004
2815,272.99,1.3502757371,-1.82,1.8044,0.19961,0.0074003,0.0000016,0.016389,0.004,0.004
2816,275.35,1.3365126215,-1.76,1.8036,0.19952,0.0074369,0.0000018,0.016067,0.003,0.003
2817,277.78,1.3226292789,-1.83,1.7999,0.19942,0.0074757,0.0000018,0.015025,0.004,0.004
2818,279.24,1.3086482988,-1.77,1.7975,0.19936,0.0075019,0.0000018,0.013627,0.004,0.004
2819,280.1,1.2946090876,-1.88,1.7992,0.19934,0.0075119,0.0000016,0.014265,0.003,0.003
2820,278.67,1.2805841833,-1.76,1.7971,0.19937,0.0075071,0.0000011,0.013455,0.004,0.004
2821,276.08,1.2666601793,-1.81,1.7939,0.19944,0.0074891,0.000001,0.014923,0.004,0.004
2822,273.14,1.2528749761,-1.79,1.7955,0.19955,0.00746,0.0000012,0.015508,0.004,0.004
2823,269.86,1.2392458924,-1.9,1.7948,0.19965,0.0074272,0.0000012,0.01493,0.004,0.004
2824,267.41,1.2257606295,-1.84,1.7955,0.19974,0.0073936,0.0000012,0.016465,0.004,0.004
2825,265.05,1.2123960956,-1.92,1.7949,0.19981,0.0073598,0.0000011,0.016434,0.004,0.004
2826,263.24,1.1991362271,-1.82,1.7928,0.19987,0.0073274,0.0000008,0.016887,0.004,0.004
2827,262.61,1.1859376016,-2.04,1.7973,0.19991,0.0072939,0.0000007,0.016627,0.003,0.003
2828,261.8,1.1727751195,-1.86,1.8,0.19996,0.0072589,0.000001,0.01603,0.004,0.004
2829,260.08,1.1596761394,-1.81,1.7991,0.20001,0.0072213,0.0000012,0.015737,0.004,0.004
2830,259.11,1.1466446773,-1.85,1.8033,0.20007,0.0071923,0.000001,0.014698,0.004,0.004
2831,258.39,1.1336556335,-1.87,1.8045,0.2001,0.007186,0.0000011,0.014514,0.004,0.004
2832,259.2,1.1206643307,-1.86,1.8013,0.20005,0.0072103,0.0000012,0.014849,0.004,0.004
2833,264.29,1.1075249402,-1.8,1.8006,0.19988,0.0072571,0.0000012,0.016382,0.004,0.004
2834,270.64,1.0940984104,-1.82,1.7995,0.19967,0.0073166,0.0000015,0.016898,0.004,0.004
2835,276.48,1.0803659163,-1.85,1.8029,0.1995,0.007372,0.0000016,0.01744,0.003,0.003
2836,279.12,1.0664205777,-1.82,1.8067,0.19943,0.0074066,0.0000016,0.016697,0.004,0.004
2837,278.82,1.052416506,-1.86,1.8056,0.19942,0.0074319,0.0000017,0.016003,0.004,0.004
2838,278.59,1.0384257371,-1.85,1.8068,0.19943,0.0074526,0.0000015,0.015594,0.003,0.003
2839,278.44,1.024444506,-1.8,1.808,0.19944,0.0074687,0.0000014,0.01545,0.004,0.004
2840,278.35,1.0104692988,-1.84,1.8077,0.19944,0.0074722,0.0000013,0.016257,0.004,0.004
2841,277.45,0.9965189402,-1.85,1.8084,0.19948,0.0074563,0.0000012,0.016998,0.004,0.004
2842,274.9,0.9826551753,-1.79,1.8085,0.19956,0.0074253,0.0000012,0.016857,0.004,0.004
2843,271.26,0.9689467769,-1.86,1.8106,0.19969,0.007387,0.0000012,0.016282,0.004,0.004
2844,268.29,0.9554042869,-1.87,1.8154,0.19981,0.0073406,0.0000009,0.015804,0.004,0.004
2845,264.42,0.9420334781,-1.8,1.8152,0.19994,0.0072917,0.0000009,0.016379,0.004,0.004
2846,261.05,0.9288443904,-1.76,1.8101,0.20003,0.0072579,0.0000009,0.016446,0.004,0.004
2847,261.06,0.9157396375,-1.83,1.8086,0.20002,0.0072513,0.0000006,0.015944,0.004,0.004
2848,263.25,0.9025796653,-1.79,1.8082,0.19995,0.0072605,0.0000007,0.016819,0.004,0.004
2849,265.76,0.8893017251,-1.78,1.8075,0.19987,0.0072745,0.0000006,0.0153,0.004,0.004
2850,268.06,0.8759030558,-1.82,1.8071,0.19979,0.0072812,0.0000007,0.015661,0.004,0.004
2851,269.26,0.8624165378,-1.8,1.8093,0.19977,0.007277,0.0000007,0.016571,0.003,0.003
2852,268.3,0.848923996,-1.82,1.8083,0.19979,0.0072622,0.0000009,0.016932,0.004,0.004
2853,265.93,0.8355150359,-1.84,1.8059,0.19986,0.0072346,0.000001,0.014961,0.004,0.004
2854,263.22,0.8222335817,-1.83,1.8064,0.19995,0.0071974,0.0000009,0.015499,0.004,0.004
2855,259.64,0.809110004,-1.81,1.8043,0.20006,0.0071523,0.0000009,0.016204,0.004,0.004
2856,256.11,0.7961648845,-1.87,1.8034,0.20017,0.0071242,0.0000008,0.015087,0.005,0.005
2857,255.92,0.7833131355,-1.82,1.8059,0.20019,0.0071222,0.0000009,0.014504,0.005,0.005
2858,257.93,0.7704157052,-1.87,1.804,0.20012,0.0071413,0.0000009,0.015121,0.004,0.004
2859,261.73,0.7573724462,-1.91,1.8023,0.19999,0.0071685,0.0000007,0.014538,0.004,0.004
2860,265.45,0.7441404382,-1.85,1.8044,0.19988,0.0071906,0.0000008,0.014127,0.004,0.004
2861,266,0.730801255,-1.9,1.8022,0.19985,0.0072084,0.0000009,0.014212,0.004,0.004
2862,266.6,0.7174332072,-1.84,1.8009,0.19982,0.0072269,0.0000014,0.013689,0.005,0.005
2863,267.17,0.7040357928,-1.87,1.8003,0.19979,0.0072504,0.0000018,0.013897,0.004,0.004
2864,268.6,0.6905881793,-1.75,1.8006,0.19975,0.0072753,0.0000017,0.013809,0.005,0.005
2865,270.32,0.677061502,-1.85,1.8025,0.1997,0.007296,0.0000016,0.014195,0.004,0.004
2866,271.12,0.6634715737,-1.79,1.804,0.19968,0.007304,0.0000016,0.014356,0.004,0.004
2867,269.88,0.6498926892,-1.71,1.7995,0.1997,0.0073009,0.0000016,0.014321,0.004,0.004
2868,268,0.6363921155,-1.8,1.7963,0.19974,0.007291,0.0000015,0.014277,0.003,0.003
2869,266.45,0.6229776335,-1.84,1.8,0.19981,0.0072766,0.0000013,0.014468,0.003,0.003
2870,264.17,0.6096592829,-1.89,1.7982,0.19988,0.0072622,0.0000013,0.014561,0.005,0.005
2871,263.07,0.5964257689,-1.84,1.7974,0.19991,0.0072493,0.0000008,0.015362,0.004,0.004
2872,262.58,0.5832321633,-1.84,1.7988,0.19993,0.0072396,0.0000007,0.015441,0.004,0.004
2873,262.96,0.5700413187,-1.93,1.8,0.19993,0.0072351,0.0000008,0.015698,0.005,0.005
2874,263.2,0.5568349124,-1.84,1.8013,0.19992,0.0072336,0.000001,0.015732,0.003,0.003
2875,263.77,0.5436081753,-1.78,1.8022,0.19991,0.0072322,0.000001,0.014572,0.005,0.005
2876,264.03,0.5303606056,-1.88,1.7999,0.19989,0.0072353,0.0000011,0.014771,0.004,0.004
2877,264.67,0.5170904462,-1.74,1.8005,0.19987,0.0072522,0.0000013,0.015411,0.004,0.004
2878,266.36,0.5037618048,-1.81,1.8006,0.19981,0.0072852,0.0000014,0.015397,0.004,0.004
2879,269.37,0.4903151952,-1.86,1.798,0.1997,0.0073317,0.0000013,0.015207,0.005,0.005
2880,273.83,0.4766810916,-1.72,1.801,0.19957,0.0073752,0.0000012,0.015768,0.004,0.004
2881,276.18,0.4628760598,-1.9,1.8008,0.19949,0.0074006,0.0000009,0.016714,0.005,0.005
2882,276.6,0.449001502,-1.72,1.802,0.19948,0.0074132,0.0000009,0.016715,0.004,0.004
2883,275.6,0.435141502,-1.87,1.8017,0.19951,0.0074217,0.0000009,0.017999,0.004,0.004
2884,274.55,0.4213329562,-1.89,1.8002,0.19953,0.0074269,0.0000011,0.017556,0.004,0.004
2885,273.8,0.4075695896,-1.85,1.7991,0.19955,0.0074266,0.0000011,0.01666,0.004,0.004
2886,272.4,0.3938601873,-1.71,1.7989,0.19959,0.0074265,0.0000012,0.016506,0.004,0.004
2887,272.49,0.3801836653,-1.8,1.802,0.1996,0.0074329,0.000001,0.016543,0.005,0.005
2888,273.13,0.3664888207,-1.77,1.8018,0.19958,0.0074427,0.0000009,0.016715,0.005,0.005
2889,273.99,0.3527563267,-1.85,1.7988,0.19954,0.0074531,0.0000009,0.016927,0.004,0.004
2890,274.24,0.3389959721,-1.87,1.7965,0.19952,0.0074642,0.0000012,0.016853,0.004,0.004
2891,274.37,0.3252260797,-1.84,1.7938,0.1995,0.0074803,0.0000014,0.017086,0.005,0.005
2892,275.13,0.3114338486,-1.79,1.7926,0.19946,0.0074963,0.0000013,0.01674,0.005,0.005
2893,275.97,0.2976014582,-1.9,1.7925,0.19943,0.0075054,0.000001,0.016762,0.004,0.004
2894,275.75,0.283753506,-1.85,1.7912,0.19944,0.0075027,0.000001,0.017218,0.004,0.004
2895,274.7,0.2699374303,-1.9,1.7919,0.19947,0.0074879,0.0000008,0.016714,0.004,0.004
2896,272.81,0.2561951474,-1.85,1.7953,0.19956,0.0074582,0.0000005,0.016483,0.004,0.004
2897,268.89,0.2425986932,-1.85,1.7918,0.19967,0.0074171,0.0000007,0.016019,0.004,0.004
2898,264.93,0.2292000239,-1.92,1.7922,0.1998,0.0073635,0.0000009,0.016106,0.005,0.005
2899,261.26,0.2159928645,-1.8,1.7933,0.19993,0.0073102,0.0000013,0.016537,0.004,0.004
2900,259.35,0.202925761,-1.83,1.7955,0.20001,0.0072773,0.0000013,0.016253,0.005,0.005
2901,259.54,0.1899018287,-1.88,1.7966,0.20001,0.0072575,0.0000013,0.014806,0.004,0.004
2902,260.43,0.1768507888,-1.85,1.7979,0.19999,0.0072367,0.0000015,0.013439,0.004,0.004
2903,260.61,0.1637728924,-1.89,1.7988,0.2,0.0072041,0.0000016,0.014344,0.004,0.004
2904,258.64,0.1507399243,-1.78,1.7997,0.20007,0.007159,0.0000013,0.016445,0.004,0.004
2905,254.6,0.1378578048,-1.72,1.8016,0.20022,0.0070799,0.0000012,0.017359,0.004,0.004
2906,248.6,0.1252276853,-1.85,1.8024,0.20043,0.0069653,0.0000014,0.017305,0.004,0.004
2907,240.35,0.1129552351,-1.79,1.8075,0.20075,0.0067494,0.0000014,0.015156,0.003,0.003
2908,229.37,0.1011654502,-1.86,1.8062,0.20115,0.0064027,0.0000016,0.015123,0.004,0.004
2909,216.92,0.089963749,-1.87,1.807,0.2016,0.0060608,0.0000017,0.015453,0.004,0.004
2910,205.35,0.0793649402,-1.77,1.8047,0.20204,0.0055977,0.0000018,0.015587,0.003,0.003
2911,192.34,0.0693830797,-1.8,1.8082,0.20257,0.0050342,0.0000018,0.014913,0.004,0.004
2912,176.24,0.0601318685,-1.87,1.8118,0.20321,0.004335,0.0000019,0.014238,0.003,0.003
2913,154.77,0.0518236494,-1.76,1.8167,0.20401,0.0037023,0.0000024,0.014498,0.004,0.004
2914,130.11,0.0446732749,-1.87,1.8191,0.20488,0.0031098,0.0000027,0.014684,0.004,0.004
2915,105.7,0.0387545378,-1.88,1.8215,0.20571,0.0026577,0.0000028,0.014842,0.004,0.004
2916,82.13,0.0340400797,-1.9,1.8225,0.20649,0.0022938,0.000003,0.014973,0.003,0.003
2917,62.87,0.0304006375,-1.84,1.8249,0.20713,0.0020414,0.0000034,0.014212,0.004,0.004
2918,47.35,0.0276341594,-1.79,1.8267,0.20764,0.0018109,0.0000035,0.013985,0.004,0.004
2919,35.26,0.0255606813,-1.9,1.8297,0.20802,0.0016865,0.0000038,0.013839,0.003,0.003
2920,26.66,0.0240065139,-1.82,1.8331,0.20831,0.0015665,0.0000037,0.0143,0.004,0.004
2921,20.56,0.0228213108,-1.79,1.8349,0.20851,0.0014492,0.0000036,0.012765,0.003,0.003
2922,15.94,0.0219051753,-1.98,1.8378,0.20867,0.001344,0.0000035,0.012338,0.004,0.004
2923,12.65,0.0211875777,-1.87,1.8403,0.20879,0.0012504,0.0000036,0.012036,0.003,0.003
2924,10.3,0.0206115418,-1.86,1.8415,0.20888,0.0011688,0.0000036,0.011973,0.004,0.004
2925,8.59,0.0201374104,-1.94,1.8435,0.20894,0.0010945,0.0000034,0.013272,0.003,0.003
2926,7.74,0.0197275339,-1.85,1.8461,0.20898,0.0010299,0.0000032,0.013866,0.005,0.005
2927,6.78,0.0193630876,-1.88,1.8507,0.20902,0.0009747,0.0000029,0.014225,0.003,0.003
2928,6.25,0.0190360398,-1.86,1.8567,0.20905,0.0009268,0.0000026,0.013204,0.004,0.004
2929,5.71,0.0187358486,-1.77,1.8595,0.20907,0.0008781,0.0000021,0.01292,0.004,0.004
